root 0 h 9 pool 343 nodes 4236 size_prunes 0 color_prunes 4236 maxdepth 12 seconds 0.0623288 root_labels 1 5 6 25 26 30 31 44 116
root 1 h 9 pool 336 nodes 3884 size_prunes 0 color_prunes 3884 maxdepth 12 seconds 0.0430363 root_labels 1 5 6 25 26 30 33 38 108
root 2 h 9 pool 341 nodes 4111 size_prunes 0 color_prunes 4111 maxdepth 12 seconds 0.0586607 root_labels 1 5 6 25 26 30 33 48 108
root 3 h 9 pool 338 nodes 3987 size_prunes 0 color_prunes 3987 maxdepth 12 seconds 0.0482651 root_labels 1 5 6 25 26 30 38 48 108
root 4 h 9 pool 341 nodes 4028 size_prunes 0 color_prunes 4028 maxdepth 12 seconds 0.0564753 root_labels 1 5 6 25 26 31 33 48 108
root 5 h 9 pool 338 nodes 4063 size_prunes 0 color_prunes 4063 maxdepth 12 seconds 0.0483656 root_labels 1 5 6 25 26 31 35 39 96
root 6 h 9 pool 343 nodes 4378 size_prunes 0 color_prunes 4378 maxdepth 12 seconds 0.0642221 root_labels 1 5 6 25 26 31 38 63 69
root 7 h 9 pool 338 nodes 4068 size_prunes 0 color_prunes 4068 maxdepth 12 seconds 0.0488576 root_labels 1 5 6 25 26 31 39 44 107
root 8 h 9 pool 336 nodes 3884 size_prunes 0 color_prunes 3884 maxdepth 12 seconds 0.0433193 root_labels 1 5 6 25 26 31 42 47 48
root 9 h 9 pool 343 nodes 4490 size_prunes 0 color_prunes 4490 maxdepth 12 seconds 0.0644285 root_labels 1 5 6 25 26 31 44 63 69
root 10 h 9 pool 338 nodes 3907 size_prunes 0 color_prunes 3907 maxdepth 12 seconds 0.0484375 root_labels 1 5 6 25 26 31 44 69 116
root 11 h 9 pool 343 nodes 4174 size_prunes 0 color_prunes 4174 maxdepth 12 seconds 0.0627601 root_labels 1 5 6 25 26 31 65 69 116
root 12 h 9 pool 342 nodes 4212 size_prunes 0 color_prunes 4212 maxdepth 12 seconds 0.0582016 root_labels 1 5 6 25 26 32 33 40 106
root 13 h 9 pool 336 nodes 3884 size_prunes 0 color_prunes 3884 maxdepth 12 seconds 0.0436544 root_labels 1 5 6 25 26 32 34 35 107
root 14 h 9 pool 341 nodes 4089 size_prunes 0 color_prunes 4089 maxdepth 12 seconds 0.0573275 root_labels 1 5 6 25 26 32 34 47 109
root 15 h 9 pool 341 nodes 4419 size_prunes 0 color_prunes 4419 maxdepth 12 seconds 0.060422 root_labels 1 5 6 25 26 32 37 83 89
root 16 h 9 pool 338 nodes 4079 size_prunes 0 color_prunes 4079 maxdepth 12 seconds 0.0485481 root_labels 1 5 6 25 26 33 40 41 106
root 17 h 9 pool 338 nodes 4073 size_prunes 0 color_prunes 4073 maxdepth 12 seconds 0.0492732 root_labels 1 5 6 25 26 34 35 44 107
root 18 h 9 pool 336 nodes 3884 size_prunes 0 color_prunes 3884 maxdepth 12 seconds 0.0431784 root_labels 1 5 6 25 26 35 41 43 116
root 19 h 9 pool 338 nodes 4233 size_prunes 0 color_prunes 4233 maxdepth 12 seconds 0.0501178 root_labels 1 5 6 25 26 35 44 46 56
root 20 h 9 pool 336 nodes 3884 size_prunes 0 color_prunes 3884 maxdepth 12 seconds 0.0431826 root_labels 1 5 6 25 26 35 46 56 121
root 21 h 9 pool 336 nodes 3884 size_prunes 0 color_prunes 3884 maxdepth 12 seconds 0.0425361 root_labels 1 5 6 25 26 36 38 40 43
root 22 h 9 pool 341 nodes 4233 size_prunes 0 color_prunes 4233 maxdepth 12 seconds 0.0578856 root_labels 1 5 6 25 26 36 39 40 121
root 23 h 9 pool 336 nodes 3884 size_prunes 0 color_prunes 3884 maxdepth 12 seconds 0.0433093 root_labels 1 5 6 25 26 36 39 42 121
root 24 h 9 pool 338 nodes 4069 size_prunes 0 color_prunes 4069 maxdepth 12 seconds 0.0487109 root_labels 1 5 6 25 26 36 40 43 121
root 25 h 9 pool 336 nodes 3884 size_prunes 0 color_prunes 3884 maxdepth 12 seconds 0.0429192 root_labels 1 5 6 25 26 36 42 43 121
root 26 h 9 pool 336 nodes 3884 size_prunes 0 color_prunes 3884 maxdepth 12 seconds 0.0434596 root_labels 1 5 6 25 26 36 42 73 85
root 27 h 9 pool 336 nodes 3884 size_prunes 0 color_prunes 3884 maxdepth 12 seconds 0.0430612 root_labels 1 5 6 25 26 36 65 106 121
root 28 h 9 pool 339 nodes 4136 size_prunes 0 color_prunes 4136 maxdepth 12 seconds 0.0539494 root_labels 1 5 6 25 26 37 38 57 94
root 29 h 9 pool 343 nodes 4423 size_prunes 0 color_prunes 4423 maxdepth 12 seconds 0.0645053 root_labels 1 5 6 25 26 37 58 63 83
root 30 h 9 pool 341 nodes 4435 size_prunes 0 color_prunes 4435 maxdepth 12 seconds 0.0603611 root_labels 1 5 6 25 26 37 58 83 89
root 31 h 9 pool 336 nodes 3884 size_prunes 0 color_prunes 3884 maxdepth 12 seconds 0.045619 root_labels 1 5 6 25 26 37 58 94 109
root 32 h 9 pool 338 nodes 3916 size_prunes 0 color_prunes 3916 maxdepth 12 seconds 0.0483566 root_labels 1 5 6 25 26 37 89 94 109
root 33 h 9 pool 343 nodes 4519 size_prunes 0 color_prunes 4519 maxdepth 12 seconds 0.0650437 root_labels 1 5 6 25 26 38 43 63 69
root 34 h 9 pool 338 nodes 4105 size_prunes 0 color_prunes 4105 maxdepth 12 seconds 0.0492988 root_labels 1 5 6 25 26 38 49 69 94
root 35 h 9 pool 338 nodes 4072 size_prunes 0 color_prunes 4072 maxdepth 12 seconds 0.0492519 root_labels 1 5 6 25 26 38 49 69 113
root 36 h 9 pool 336 nodes 3884 size_prunes 0 color_prunes 3884 maxdepth 12 seconds 0.0435062 root_labels 1 5 6 25 26 43 65 96 116
root 37 h 9 pool 336 nodes 3884 size_prunes 0 color_prunes 3884 maxdepth 12 seconds 0.0434854 root_labels 1 5 6 25 26 43 83 96 116
root 38 h 9 pool 340 nodes 4089 size_prunes 0 color_prunes 4089 maxdepth 12 seconds 0.0550187 root_labels 1 5 6 25 26 44 67 94 107
root 39 h 9 pool 337 nodes 4060 size_prunes 0 color_prunes 4060 maxdepth 12 seconds 0.0472857 root_labels 1 5 6 25 26 63 69 73 113
root 40 h 9 pool 338 nodes 4427 size_prunes 0 color_prunes 4427 maxdepth 12 seconds 0.0511689 root_labels 1 5 6 25 27 31 34 40 107
root 41 h 9 pool 336 nodes 3884 size_prunes 0 color_prunes 3884 maxdepth 12 seconds 0.0429683 root_labels 1 5 6 25 27 34 37 41 105
root 42 h 9 pool 336 nodes 3884 size_prunes 0 color_prunes 3884 maxdepth 12 seconds 0.0431981 root_labels 1 5 6 25 27 37 67 105 114
root 43 h 8 pool 367 nodes 10429 size_prunes 0 color_prunes 10429 maxdepth 12 seconds 0.16961 root_labels 1 5 6 25 26 30 31 44
root 44 h 8 pool 364 nodes 8135 size_prunes 0 color_prunes 8135 maxdepth 12 seconds 0.143644 root_labels 1 5 6 25 26 30 32 46
root 45 h 8 pool 364 nodes 8164 size_prunes 0 color_prunes 8164 maxdepth 12 seconds 0.142681 root_labels 1 5 6 25 26 30 32 49
root 46 h 8 pool 361 nodes 6299 size_prunes 0 color_prunes 6299 maxdepth 12 seconds 0.115177 root_labels 1 5 6 25 26 30 33 37
root 47 h 8 pool 358 nodes 4926 size_prunes 0 color_prunes 4926 maxdepth 12 seconds 0.0934242 root_labels 1 5 6 25 26 30 33 38
root 48 h 8 pool 361 nodes 5951 size_prunes 0 color_prunes 5951 maxdepth 12 seconds 0.112908 root_labels 1 5 6 25 26 30 33 46
root 49 h 8 pool 361 nodes 5966 size_prunes 0 color_prunes 5966 maxdepth 12 seconds 0.112608 root_labels 1 5 6 25 26 30 33 48
root 50 h 8 pool 366 nodes 8586 size_prunes 0 color_prunes 8586 maxdepth 12 seconds 0.148862 root_labels 1 5 6 25 26 30 34 49
root 51 h 8 pool 362 nodes 7137 size_prunes 0 color_prunes 7137 maxdepth 12 seconds 0.124963 root_labels 1 5 6 25 26 30 37 38
root 52 h 8 pool 354 nodes 4423 size_prunes 0 color_prunes 4423 maxdepth 12 seconds 0.0830687 root_labels 1 5 6 25 26 30 38 48
root 53 h 8 pool 348 nodes 4225 size_prunes 0 color_prunes 4225 maxdepth 11 seconds 0.0660567 root_labels 1 5 6 25 26 30 38 96
root 54 h 8 pool 355 nodes 4675 size_prunes 0 color_prunes 4675 maxdepth 11 seconds 0.0779765 root_labels 1 5 6 25 26 30 38 108
root 55 h 8 pool 357 nodes 4985 size_prunes 0 color_prunes 4985 maxdepth 12 seconds 0.0893044 root_labels 1 5 6 25 26 30 38 109
root 56 h 8 pool 365 nodes 7451 size_prunes 0 color_prunes 7451 maxdepth 12 seconds 0.134642 root_labels 1 5 6 25 26 30 44 116
root 57 h 8 pool 367 nodes 10341 size_prunes 0 color_prunes 10341 maxdepth 12 seconds 0.168175 root_labels 1 5 6 25 26 31 32 42
root 58 h 8 pool 367 nodes 10049 size_prunes 0 color_prunes 10049 maxdepth 12 seconds 0.167495 root_labels 1 5 6 25 26 31 32 47
root 59 h 8 pool 368 nodes 11268 size_prunes 0 color_prunes 11268 maxdepth 12 seconds 0.182498 root_labels 1 5 6 25 26 31 32 69
root 60 h 8 pool 358 nodes 5261 size_prunes 0 color_prunes 5261 maxdepth 12 seconds 0.0961499 root_labels 1 5 6 25 26 31 33 48
root 61 h 8 pool 364 nodes 7333 size_prunes 0 color_prunes 7333 maxdepth 12 seconds 0.134289 root_labels 1 5 6 25 26 31 34 35
root 62 h 8 pool 358 nodes 5000 size_prunes 0 color_prunes 5000 maxdepth 12 seconds 0.0952892 root_labels 1 5 6 25 26 31 34 47
root 63 h 8 pool 363 nodes 7074 size_prunes 0 color_prunes 7074 maxdepth 12 seconds 0.126803 root_labels 1 5 6 25 26 31 35 39
root 64 h 8 pool 357 nodes 4902 size_prunes 0 color_prunes 4902 maxdepth 12 seconds 0.0940802 root_labels 1 5 6 25 26 31 35 47
root 65 h 8 pool 358 nodes 5017 size_prunes 0 color_prunes 5017 maxdepth 12 seconds 0.100572 root_labels 1 5 6 25 26 31 35 96
root 66 h 8 pool 362 nodes 6844 size_prunes 0 color_prunes 6844 maxdepth 12 seconds 0.125717 root_labels 1 5 6 25 26 31 35 116
root 67 h 8 pool 357 nodes 5076 size_prunes 0 color_prunes 5076 maxdepth 12 seconds 0.0965149 root_labels 1 5 6 25 26 31 38 48
root 68 h 8 pool 365 nodes 7640 size_prunes 0 color_prunes 7640 maxdepth 12 seconds 0.140697 root_labels 1 5 6 25 26 31 38 63
root 69 h 8 pool 365 nodes 7499 size_prunes 0 color_prunes 7499 maxdepth 12 seconds 0.138973 root_labels 1 5 6 25 26 31 38 69
root 70 h 8 pool 360 nodes 5319 size_prunes 0 color_prunes 5319 maxdepth 12 seconds 0.104121 root_labels 1 5 6 25 26 31 38 96
root 71 h 8 pool 363 nodes 6935 size_prunes 0 color_prunes 6935 maxdepth 12 seconds 0.126305 root_labels 1 5 6 25 26 31 39 40
root 72 h 8 pool 362 nodes 7039 size_prunes 0 color_prunes 7039 maxdepth 12 seconds 0.127584 root_labels 1 5 6 25 26 31 39 44
root 73 h 8 pool 359 nodes 4958 size_prunes 0 color_prunes 4958 maxdepth 12 seconds 0.0984637 root_labels 1 5 6 25 26 31 39 96
root 74 h 8 pool 353 nodes 4526 size_prunes 0 color_prunes 4526 maxdepth 11 seconds 0.0741476 root_labels 1 5 6 25 26 31 39 107
root 75 h 8 pool 352 nodes 4279 size_prunes 0 color_prunes 4279 maxdepth 11 seconds 0.0708745 root_labels 1 5 6 25 26 31 39 108
root 76 h 8 pool 358 nodes 5111 size_prunes 0 color_prunes 5111 maxdepth 12 seconds 0.0961217 root_labels 1 5 6 25 26 31 40 42
root 77 h 8 pool 363 nodes 7067 size_prunes 0 color_prunes 7067 maxdepth 12 seconds 0.129197 root_labels 1 5 6 25 26 31 40 44
root 78 h 8 pool 358 nodes 5219 size_prunes 0 color_prunes 5219 maxdepth 12 seconds 0.101772 root_labels 1 5 6 25 26 31 40 96
root 79 h 8 pool 364 nodes 7217 size_prunes 0 color_prunes 7217 maxdepth 12 seconds 0.132284 root_labels 1 5 6 25 26 31 40 116
root 80 h 8 pool 358 nodes 5030 size_prunes 0 color_prunes 5030 maxdepth 12 seconds 0.0963173 root_labels 1 5 6 25 26 31 42 44
root 81 h 8 pool 362 nodes 6227 size_prunes 0 color_prunes 6227 maxdepth 12 seconds 0.117066 root_labels 1 5 6 25 26 31 42 47
root 82 h 8 pool 362 nodes 6249 size_prunes 0 color_prunes 6249 maxdepth 12 seconds 0.11526 root_labels 1 5 6 25 26 31 42 48
root 83 h 8 pool 357 nodes 4397 size_prunes 0 color_prunes 4397 maxdepth 12 seconds 0.0857094 root_labels 1 5 6 25 26 31 42 84
root 84 h 8 pool 345 nodes 4011 size_prunes 0 color_prunes 4011 maxdepth 11 seconds 0.0561846 root_labels 1 5 6 25 26 31 42 85
root 85 h 8 pool 364 nodes 6634 size_prunes 0 color_prunes 6634 maxdepth 12 seconds 0.127533 root_labels 1 5 6 25 26 31 44 63
root 86 h 8 pool 366 nodes 8049 size_prunes 0 color_prunes 8049 maxdepth 12 seconds 0.159395 root_labels 1 5 6 25 26 31 44 69
root 87 h 8 pool 361 nodes 5532 size_prunes 0 color_prunes 5532 maxdepth 12 seconds 0.101954 root_labels 1 5 6 25 26 31 44 107
root 88 h 8 pool 366 nodes 7618 size_prunes 0 color_prunes 7618 maxdepth 12 seconds 0.137266 root_labels 1 5 6 25 26 31 44 116
root 89 h 8 pool 362 nodes 5989 size_prunes 0 color_prunes 5989 maxdepth 12 seconds 0.114893 root_labels 1 5 6 25 26 31 47 48
root 90 h 8 pool 345 nodes 4191 size_prunes 0 color_prunes 4191 maxdepth 11 seconds 0.056507 root_labels 1 5 6 25 26 31 48 85
root 91 h 8 pool 362 nodes 6061 size_prunes 0 color_prunes 6061 maxdepth 12 seconds 0.116306 root_labels 1 5 6 25 26 31 48 108
root 92 h 8 pool 364 nodes 6959 size_prunes 0 color_prunes 6959 maxdepth 12 seconds 0.132563 root_labels 1 5 6 25 26 31 63 69
root 93 h 8 pool 365 nodes 7806 size_prunes 0 color_prunes 7806 maxdepth 12 seconds 0.141812 root_labels 1 5 6 25 26 31 65 69
root 94 h 8 pool 364 nodes 6932 size_prunes 0 color_prunes 6932 maxdepth 12 seconds 0.130683 root_labels 1 5 6 25 26 31 65 96
root 95 h 8 pool 362 nodes 6578 size_prunes 0 color_prunes 6578 maxdepth 12 seconds 0.126536 root_labels 1 5 6 25 26 31 65 116
root 96 h 8 pool 359 nodes 5107 size_prunes 0 color_prunes 5107 maxdepth 12 seconds 0.100005 root_labels 1 5 6 25 26 31 69 116
root 97 h 8 pool 361 nodes 5924 size_prunes 0 color_prunes 5924 maxdepth 12 seconds 0.110516 root_labels 1 5 6 25 26 32 33 40
root 98 h 8 pool 365 nodes 8232 size_prunes 0 color_prunes 8232 maxdepth 12 seconds 0.145358 root_labels 1 5 6 25 26 32 33 46
root 99 h 8 pool 358 nodes 4791 size_prunes 0 color_prunes 4791 maxdepth 12 seconds 0.092367 root_labels 1 5 6 25 26 32 34 35
root 100 h 8 pool 362 nodes 6438 size_prunes 0 color_prunes 6438 maxdepth 12 seconds 0.11736 root_labels 1 5 6 25 26 32 34 47
root 101 h 8 pool 361 nodes 6021 size_prunes 0 color_prunes 6021 maxdepth 12 seconds 0.113401 root_labels 1 5 6 25 26 32 34 49
root 102 h 8 pool 354 nodes 4309 size_prunes 0 color_prunes 4309 maxdepth 12 seconds 0.0820393 root_labels 1 5 6 25 26 32 35 47
root 103 h 8 pool 357 nodes 5091 size_prunes 0 color_prunes 5091 maxdepth 12 seconds 0.0885928 root_labels 1 5 6 25 26 32 35 106
root 104 h 8 pool 353 nodes 4691 size_prunes 0 color_prunes 4691 maxdepth 11 seconds 0.0774783 root_labels 1 5 6 25 26 32 35 107
root 105 h 8 pool 365 nodes 8472 size_prunes 0 color_prunes 8472 maxdepth 12 seconds 0.143662 root_labels 1 5 6 25 26 32 36 37
root 106 h 8 pool 363 nodes 7232 size_prunes 0 color_prunes 7232 maxdepth 12 seconds 0.129082 root_labels 1 5 6 25 26 32 36 42
root 107 h 8 pool 360 nodes 6121 size_prunes 0 color_prunes 6121 maxdepth 12 seconds 0.114372 root_labels 1 5 6 25 26 32 36 43
root 108 h 8 pool 365 nodes 8700 size_prunes 0 color_prunes 8700 maxdepth 12 seconds 0.155799 root_labels 1 5 6 25 26 32 37 57
root 109 h 8 pool 365 nodes 7601 size_prunes 0 color_prunes 7601 maxdepth 12 seconds 0.137781 root_labels 1 5 6 25 26 32 37 83
root 110 h 8 pool 366 nodes 8109 size_prunes 0 color_prunes 8109 maxdepth 12 seconds 0.146249 root_labels 1 5 6 25 26 32 37 89
root 111 h 8 pool 368 nodes 9177 size_prunes 0 color_prunes 9177 maxdepth 12 seconds 0.158398 root_labels 1 5 6 25 26 32 37 109
root 112 h 8 pool 355 nodes 4541 size_prunes 0 color_prunes 4541 maxdepth 12 seconds 0.0841676 root_labels 1 5 6 25 26 32 40 42
root 113 h 8 pool 360 nodes 6015 size_prunes 0 color_prunes 6015 maxdepth 12 seconds 0.114203 root_labels 1 5 6 25 26 32 40 43
root 114 h 8 pool 355 nodes 4745 size_prunes 0 color_prunes 4745 maxdepth 12 seconds 0.0857227 root_labels 1 5 6 25 26 32 40 47
root 115 h 8 pool 353 nodes 4228 size_prunes 0 color_prunes 4228 maxdepth 11 seconds 0.0773044 root_labels 1 5 6 25 26 32 40 69
root 116 h 8 pool 360 nodes 5585 size_prunes 0 color_prunes 5585 maxdepth 12 seconds 0.108533 root_labels 1 5 6 25 26 32 40 106
root 117 h 8 pool 358 nodes 5033 size_prunes 0 color_prunes 5033 maxdepth 12 seconds 0.0962409 root_labels 1 5 6 25 26 32 42 43
root 118 h 8 pool 354 nodes 4424 size_prunes 0 color_prunes 4424 maxdepth 11 seconds 0.0812155 root_labels 1 5 6 25 26 32 42 68
root 119 h 8 pool 360 nodes 5424 size_prunes 0 color_prunes 5424 maxdepth 12 seconds 0.1049 root_labels 1 5 6 25 26 32 43 69
root 120 h 8 pool 365 nodes 6800 size_prunes 0 color_prunes 6800 maxdepth 12 seconds 0.130589 root_labels 1 5 6 25 26 32 43 83
root 121 h 8 pool 357 nodes 4984 size_prunes 0 color_prunes 4984 maxdepth 12 seconds 0.0955985 root_labels 1 5 6 25 26 32 43 88
root 122 h 8 pool 364 nodes 6538 size_prunes 0 color_prunes 6538 maxdepth 12 seconds 0.122611 root_labels 1 5 6 25 26 32 43 109
root 123 h 8 pool 355 nodes 4453 size_prunes 0 color_prunes 4453 maxdepth 12 seconds 0.083322 root_labels 1 5 6 25 26 32 47 88
root 124 h 8 pool 362 nodes 5863 size_prunes 0 color_prunes 5863 maxdepth 12 seconds 0.113538 root_labels 1 5 6 25 26 32 49 69
root 125 h 8 pool 357 nodes 4534 size_prunes 0 color_prunes 4534 maxdepth 12 seconds 0.0865565 root_labels 1 5 6 25 26 32 49 88
root 126 h 8 pool 358 nodes 4835 size_prunes 0 color_prunes 4835 maxdepth 12 seconds 0.0889292 root_labels 1 5 6 25 26 32 49 89
root 127 h 8 pool 355 nodes 4527 size_prunes 0 color_prunes 4527 maxdepth 12 seconds 0.0817465 root_labels 1 5 6 25 26 32 68 69
root 128 h 8 pool 357 nodes 5057 size_prunes 0 color_prunes 5057 maxdepth 12 seconds 0.0980931 root_labels 1 5 6 25 26 32 68 88
root 129 h 8 pool 359 nodes 5497 size_prunes 0 color_prunes 5497 maxdepth 12 seconds 0.101173 root_labels 1 5 6 25 26 33 34 43
root 130 h 8 pool 354 nodes 4502 size_prunes 0 color_prunes 4502 maxdepth 11 seconds 0.0845115 root_labels 1 5 6 25 26 33 37 46
root 131 h 8 pool 357 nodes 4851 size_prunes 0 color_prunes 4851 maxdepth 12 seconds 0.0930512 root_labels 1 5 6 25 26 33 38 40
root 132 h 8 pool 350 nodes 4143 size_prunes 0 color_prunes 4143 maxdepth 11 seconds 0.0691843 root_labels 1 5 6 25 26 33 38 41
root 133 h 8 pool 357 nodes 4579 size_prunes 0 color_prunes 4579 maxdepth 12 seconds 0.0828988 root_labels 1 5 6 25 26 33 38 108
root 134 h 8 pool 357 nodes 4909 size_prunes 0 color_prunes 4909 maxdepth 12 seconds 0.0873763 root_labels 1 5 6 25 26 33 39 108
root 135 h 8 pool 355 nodes 4566 size_prunes 0 color_prunes 4566 maxdepth 12 seconds 0.0842349 root_labels 1 5 6 25 26 33 40 41
root 136 h 8 pool 352 nodes 4273 size_prunes 0 color_prunes 4273 maxdepth 11 seconds 0.0772821 root_labels 1 5 6 25 26 33 40 43
root 137 h 8 pool 344 nodes 4022 size_prunes 0 color_prunes 4022 maxdepth 11 seconds 0.0533901 root_labels 1 5 6 25 26 33 40 87
root 138 h 8 pool 360 nodes 5609 size_prunes 0 color_prunes 5609 maxdepth 12 seconds 0.104067 root_labels 1 5 6 25 26 33 40 106
root 139 h 8 pool 348 nodes 4062 size_prunes 0 color_prunes 4062 maxdepth 11 seconds 0.0647939 root_labels 1 5 6 25 26 33 41 43
root 140 h 8 pool 354 nodes 4578 size_prunes 0 color_prunes 4578 maxdepth 11 seconds 0.0773801 root_labels 1 5 6 25 26 33 41 106
root 141 h 8 pool 347 nodes 4257 size_prunes 0 color_prunes 4257 maxdepth 11 seconds 0.0594667 root_labels 1 5 6 25 26 33 43 67
root 142 h 8 pool 367 nodes 8529 size_prunes 0 color_prunes 8529 maxdepth 12 seconds 0.148256 root_labels 1 5 6 25 26 33 48 108
root 143 h 8 pool 363 nodes 7301 size_prunes 0 color_prunes 7301 maxdepth 12 seconds 0.128691 root_labels 1 5 6 25 26 34 35 36
root 144 h 8 pool 350 nodes 3981 size_prunes 0 color_prunes 3981 maxdepth 11 seconds 0.0678063 root_labels 1 5 6 25 26 34 35 43
root 145 h 8 pool 358 nodes 5090 size_prunes 0 color_prunes 5090 maxdepth 12 seconds 0.0976524 root_labels 1 5 6 25 26 34 35 44
root 146 h 8 pool 355 nodes 4431 size_prunes 0 color_prunes 4431 maxdepth 12 seconds 0.0830483 root_labels 1 5 6 25 26 34 35 107
root 147 h 8 pool 355 nodes 4391 size_prunes 0 color_prunes 4391 maxdepth 12 seconds 0.0825909 root_labels 1 5 6 25 26 34 36 49
root 148 h 8 pool 357 nodes 4881 size_prunes 0 color_prunes 4881 maxdepth 12 seconds 0.0896093 root_labels 1 5 6 25 26 34 39 107
root 149 h 8 pool 348 nodes 4041 size_prunes 0 color_prunes 4041 maxdepth 11 seconds 0.0640626 root_labels 1 5 6 25 26 34 41 43
root 150 h 8 pool 353 nodes 4220 size_prunes 0 color_prunes 4220 maxdepth 11 seconds 0.0774447 root_labels 1 5 6 25 26 34 41 44
root 151 h 8 pool 355 nodes 4716 size_prunes 0 color_prunes 4716 maxdepth 12 seconds 0.0855488 root_labels 1 5 6 25 26 34 41 49
root 152 h 8 pool 347 nodes 3910 size_prunes 0 color_prunes 3910 maxdepth 11 seconds 0.0588903 root_labels 1 5 6 25 26 34 41 61
root 153 h 8 pool 354 nodes 4538 size_prunes 0 color_prunes 4538 maxdepth 11 seconds 0.0847138 root_labels 1 5 6 25 26 34 43 44
root 154 h 8 pool 355 nodes 4886 size_prunes 0 color_prunes 4886 maxdepth 12 seconds 0.0796008 root_labels 1 5 6 25 26 34 43 109
root 155 h 8 pool 356 nodes 4734 size_prunes 0 color_prunes 4734 maxdepth 12 seconds 0.0841144 root_labels 1 5 6 25 26 34 44 107
root 156 h 8 pool 360 nodes 5935 size_prunes 0 color_prunes 5935 maxdepth 12 seconds 0.11157 root_labels 1 5 6 25 26 34 47 49
root 157 h 8 pool 355 nodes 4568 size_prunes 0 color_prunes 4568 maxdepth 12 seconds 0.0826497 root_labels 1 5 6 25 26 35 36 48
root 158 h 8 pool 356 nodes 4624 size_prunes 0 color_prunes 4624 maxdepth 12 seconds 0.0878214 root_labels 1 5 6 25 26 35 36 106
root 159 h 8 pool 364 nodes 7148 size_prunes 0 color_prunes 7148 maxdepth 12 seconds 0.131158 root_labels 1 5 6 25 26 35 36 121
root 160 h 8 pool 357 nodes 4987 size_prunes 0 color_prunes 4987 maxdepth 12 seconds 0.0948526 root_labels 1 5 6 25 26 35 37 41
root 161 h 8 pool 356 nodes 4758 size_prunes 0 color_prunes 4758 maxdepth 12 seconds 0.0909668 root_labels 1 5 6 25 26 35 37 44
root 162 h 8 pool 353 nodes 4335 size_prunes 0 color_prunes 4335 maxdepth 11 seconds 0.0774416 root_labels 1 5 6 25 26 35 37 47
root 163 h 8 pool 353 nodes 4171 size_prunes 0 color_prunes 4171 maxdepth 12 seconds 0.0757397 root_labels 1 5 6 25 26 35 38 41
root 164 h 8 pool 352 nodes 4450 size_prunes 0 color_prunes 4450 maxdepth 12 seconds 0.0792207 root_labels 1 5 6 25 26 35 38 43
root 165 h 8 pool 348 nodes 3852 size_prunes 0 color_prunes 3852 maxdepth 11 seconds 0.061098 root_labels 1 5 6 25 26 35 38 47
root 166 h 8 pool 348 nodes 3911 size_prunes 0 color_prunes 3911 maxdepth 11 seconds 0.0623269 root_labels 1 5 6 25 26 35 38 48
root 167 h 8 pool 358 nodes 4883 size_prunes 0 color_prunes 4883 maxdepth 12 seconds 0.0941446 root_labels 1 5 6 25 26 35 39 46
root 168 h 8 pool 353 nodes 4308 size_prunes 0 color_prunes 4308 maxdepth 11 seconds 0.0737323 root_labels 1 5 6 25 26 35 39 96
root 169 h 8 pool 354 nodes 4509 size_prunes 0 color_prunes 4509 maxdepth 11 seconds 0.0743786 root_labels 1 5 6 25 26 35 39 107
root 170 h 8 pool 353 nodes 4404 size_prunes 0 color_prunes 4404 maxdepth 12 seconds 0.07783 root_labels 1 5 6 25 26 35 41 43
root 171 h 8 pool 358 nodes 5220 size_prunes 0 color_prunes 5220 maxdepth 12 seconds 0.0976619 root_labels 1 5 6 25 26 35 41 44
root 172 h 8 pool 357 nodes 4702 size_prunes 0 color_prunes 4702 maxdepth 12 seconds 0.0957496 root_labels 1 5 6 25 26 35 41 61
root 173 h 8 pool 358 nodes 5006 size_prunes 0 color_prunes 5006 maxdepth 12 seconds 0.0995465 root_labels 1 5 6 25 26 35 41 106
root 174 h 8 pool 360 nodes 5352 size_prunes 0 color_prunes 5352 maxdepth 12 seconds 0.103699 root_labels 1 5 6 25 26 35 41 116
root 175 h 8 pool 350 nodes 4047 size_prunes 0 color_prunes 4047 maxdepth 11 seconds 0.0676072 root_labels 1 5 6 25 26 35 43 48
root 176 h 8 pool 354 nodes 4573 size_prunes 0 color_prunes 4573 maxdepth 11 seconds 0.0786503 root_labels 1 5 6 25 26 35 43 116
root 177 h 8 pool 353 nodes 4468 size_prunes 0 color_prunes 4468 maxdepth 11 seconds 0.0718089 root_labels 1 5 6 25 26 35 43 121
root 178 h 8 pool 362 nodes 6455 size_prunes 0 color_prunes 6455 maxdepth 12 seconds 0.119002 root_labels 1 5 6 25 26 35 44 46
root 179 h 8 pool 354 nodes 4308 size_prunes 0 color_prunes 4308 maxdepth 12 seconds 0.0774582 root_labels 1 5 6 25 26 35 44 56
root 180 h 8 pool 345 nodes 3911 size_prunes 0 color_prunes 3911 maxdepth 11 seconds 0.0547995 root_labels 1 5 6 25 26 35 44 67
root 181 h 8 pool 356 nodes 4742 size_prunes 0 color_prunes 4742 maxdepth 11 seconds 0.0832758 root_labels 1 5 6 25 26 35 44 107
root 182 h 8 pool 360 nodes 5778 size_prunes 0 color_prunes 5778 maxdepth 12 seconds 0.115324 root_labels 1 5 6 25 26 35 46 56
root 183 h 8 pool 356 nodes 4538 size_prunes 0 color_prunes 4538 maxdepth 12 seconds 0.0903201 root_labels 1 5 6 25 26 35 46 81
root 184 h 8 pool 362 nodes 5944 size_prunes 0 color_prunes 5944 maxdepth 12 seconds 0.114363 root_labels 1 5 6 25 26 35 46 121
root 185 h 8 pool 347 nodes 3638 size_prunes 0 color_prunes 3638 maxdepth 11 seconds 0.0550597 root_labels 1 5 6 25 26 35 48 73
root 186 h 8 pool 353 nodes 4075 size_prunes 0 color_prunes 4075 maxdepth 11 seconds 0.0809027 root_labels 1 5 6 25 26 35 56 121
root 187 h 8 pool 358 nodes 4994 size_prunes 0 color_prunes 4994 maxdepth 12 seconds 0.0999578 root_labels 1 5 6 25 26 35 61 66
root 188 h 8 pool 348 nodes 3646 size_prunes 0 color_prunes 3646 maxdepth 11 seconds 0.0620354 root_labels 1 5 6 25 26 35 61 81
root 189 h 8 pool 354 nodes 4594 size_prunes 0 color_prunes 4594 maxdepth 12 seconds 0.088327 root_labels 1 5 6 25 26 35 61 86
root 190 h 8 pool 348 nodes 4255 size_prunes 0 color_prunes 4255 maxdepth 11 seconds 0.0723812 root_labels 1 5 6 25 26 35 66 116
root 191 h 8 pool 346 nodes 4067 size_prunes 0 color_prunes 4067 maxdepth 11 seconds 0.0590007 root_labels 1 5 6 25 26 35 67 96
root 192 h 8 pool 347 nodes 3652 size_prunes 0 color_prunes 3652 maxdepth 11 seconds 0.0562347 root_labels 1 5 6 25 26 35 67 107
root 193 h 8 pool 344 nodes 3895 size_prunes 0 color_prunes 3895 maxdepth 11 seconds 0.050739 root_labels 1 5 6 25 26 35 73 86
root 194 h 8 pool 348 nodes 4227 size_prunes 0 color_prunes 4227 maxdepth 11 seconds 0.0612381 root_labels 1 5 6 25 26 35 73 106
root 195 h 8 pool 346 nodes 3928 size_prunes 0 color_prunes 3928 maxdepth 11 seconds 0.0575983 root_labels 1 5 6 25 26 35 73 107
root 196 h 8 pool 346 nodes 3744 size_prunes 0 color_prunes 3744 maxdepth 11 seconds 0.0526734 root_labels 1 5 6 25 26 35 73 121
root 197 h 8 pool 351 nodes 4005 size_prunes 0 color_prunes 4005 maxdepth 11 seconds 0.0706556 root_labels 1 5 6 25 26 35 81 86
root 198 h 8 pool 345 nodes 3788 size_prunes 0 color_prunes 3788 maxdepth 11 seconds 0.0616223 root_labels 1 5 6 25 26 35 81 96
root 199 h 8 pool 350 nodes 4128 size_prunes 0 color_prunes 4128 maxdepth 11 seconds 0.0760343 root_labels 1 5 6 25 26 35 86 96
root 200 h 8 pool 352 nodes 4150 size_prunes 0 color_prunes 4150 maxdepth 12 seconds 0.0788127 root_labels 1 5 6 25 26 35 96 121
root 201 h 8 pool 355 nodes 4792 size_prunes 0 color_prunes 4792 maxdepth 12 seconds 0.089969 root_labels 1 5 6 25 26 35 106 121
root 202 h 8 pool 350 nodes 4309 size_prunes 0 color_prunes 4309 maxdepth 11 seconds 0.0665117 root_labels 1 5 6 25 26 36 37 65
root 203 h 8 pool 357 nodes 4883 size_prunes 0 color_prunes 4883 maxdepth 12 seconds 0.0915611 root_labels 1 5 6 25 26 36 38 40
root 204 h 8 pool 358 nodes 5092 size_prunes 0 color_prunes 5092 maxdepth 12 seconds 0.0964536 root_labels 1 5 6 25 26 36 38 43
root 205 h 8 pool 357 nodes 5127 size_prunes 0 color_prunes 5127 maxdepth 12 seconds 0.0956423 root_labels 1 5 6 25 26 36 39 40
root 206 h 8 pool 350 nodes 4119 size_prunes 0 color_prunes 4119 maxdepth 11 seconds 0.0692084 root_labels 1 5 6 25 26 36 39 42
root 207 h 8 pool 355 nodes 4624 size_prunes 0 color_prunes 4624 maxdepth 12 seconds 0.0863915 root_labels 1 5 6 25 26 36 39 49
root 208 h 8 pool 365 nodes 7184 size_prunes 0 color_prunes 7184 maxdepth 12 seconds 0.126895 root_labels 1 5 6 25 26 36 39 121
root 209 h 8 pool 357 nodes 5090 size_prunes 0 color_prunes 5090 maxdepth 12 seconds 0.0922623 root_labels 1 5 6 25 26 36 40 43
root 210 h 8 pool 360 nodes 5833 size_prunes 0 color_prunes 5833 maxdepth 12 seconds 0.111669 root_labels 1 5 6 25 26 36 40 106
root 211 h 8 pool 360 nodes 5473 size_prunes 0 color_prunes 5473 maxdepth 12 seconds 0.104504 root_labels 1 5 6 25 26 36 40 121
root 212 h 8 pool 358 nodes 5233 size_prunes 0 color_prunes 5233 maxdepth 12 seconds 0.0970884 root_labels 1 5 6 25 26 36 42 43
root 213 h 8 pool 356 nodes 4586 size_prunes 0 color_prunes 4586 maxdepth 12 seconds 0.0874051 root_labels 1 5 6 25 26 36 42 73
root 214 h 8 pool 352 nodes 4345 size_prunes 0 color_prunes 4345 maxdepth 11 seconds 0.0737113 root_labels 1 5 6 25 26 36 42 84
root 215 h 8 pool 346 nodes 4131 size_prunes 0 color_prunes 4131 maxdepth 11 seconds 0.0561044 root_labels 1 5 6 25 26 36 42 85
root 216 h 8 pool 356 nodes 4744 size_prunes 0 color_prunes 4744 maxdepth 12 seconds 0.0831044 root_labels 1 5 6 25 26 36 42 121
root 217 h 8 pool 357 nodes 4976 size_prunes 0 color_prunes 4976 maxdepth 12 seconds 0.0849956 root_labels 1 5 6 25 26 36 43 121
root 218 h 8 pool 350 nodes 4065 size_prunes 0 color_prunes 4065 maxdepth 11 seconds 0.0687046 root_labels 1 5 6 25 26 36 48 73
root 219 h 8 pool 354 nodes 4266 size_prunes 0 color_prunes 4266 maxdepth 12 seconds 0.0843332 root_labels 1 5 6 25 26 36 65 106
root 220 h 8 pool 356 nodes 4644 size_prunes 0 color_prunes 4644 maxdepth 12 seconds 0.0905007 root_labels 1 5 6 25 26 36 65 121
root 221 h 8 pool 345 nodes 4218 size_prunes 0 color_prunes 4218 maxdepth 11 seconds 0.0566203 root_labels 1 5 6 25 26 36 73 85
root 222 h 8 pool 352 nodes 4382 size_prunes 0 color_prunes 4382 maxdepth 11 seconds 0.0802107 root_labels 1 5 6 25 26 36 73 106
root 223 h 8 pool 345 nodes 3899 size_prunes 0 color_prunes 3899 maxdepth 11 seconds 0.0548749 root_labels 1 5 6 25 26 36 73 121
root 224 h 8 pool 354 nodes 4585 size_prunes 0 color_prunes 4585 maxdepth 12 seconds 0.0837321 root_labels 1 5 6 25 26 36 80 121
root 225 h 8 pool 353 nodes 4495 size_prunes 0 color_prunes 4495 maxdepth 11 seconds 0.0775827 root_labels 1 5 6 25 26 36 84 106
root 226 h 8 pool 356 nodes 4622 size_prunes 0 color_prunes 4622 maxdepth 12 seconds 0.0891686 root_labels 1 5 6 25 26 36 85 106
root 227 h 8 pool 357 nodes 4834 size_prunes 0 color_prunes 4834 maxdepth 12 seconds 0.0886128 root_labels 1 5 6 25 26 36 106 121
root 228 h 8 pool 361 nodes 5495 size_prunes 0 color_prunes 5495 maxdepth 12 seconds 0.109993 root_labels 1 5 6 25 26 37 38 57
root 229 h 8 pool 360 nodes 5202 size_prunes 0 color_prunes 5202 maxdepth 12 seconds 0.102988 root_labels 1 5 6 25 26 37 38 94
root 230 h 8 pool 358 nodes 4998 size_prunes 0 color_prunes 4998 maxdepth 12 seconds 0.0918744 root_labels 1 5 6 25 26 37 38 109
root 231 h 8 pool 358 nodes 5072 size_prunes 0 color_prunes 5072 maxdepth 12 seconds 0.0952819 root_labels 1 5 6 25 26 37 41 47
root 232 h 8 pool 352 nodes 4159 size_prunes 0 color_prunes 4159 maxdepth 11 seconds 0.0703551 root_labels 1 5 6 25 26 37 41 94
root 233 h 8 pool 363 nodes 6525 size_prunes 0 color_prunes 6525 maxdepth 12 seconds 0.122452 root_labels 1 5 6 25 26 37 44 63
root 234 h 8 pool 362 nodes 5660 size_prunes 0 color_prunes 5660 maxdepth 12 seconds 0.111356 root_labels 1 5 6 25 26 37 44 94
root 235 h 8 pool 362 nodes 6884 size_prunes 0 color_prunes 6884 maxdepth 12 seconds 0.12879 root_labels 1 5 6 25 26 37 57 63
root 236 h 8 pool 359 nodes 6100 size_prunes 0 color_prunes 6100 maxdepth 12 seconds 0.115545 root_labels 1 5 6 25 26 37 57 94
root 237 h 8 pool 360 nodes 5401 size_prunes 0 color_prunes 5401 maxdepth 12 seconds 0.105733 root_labels 1 5 6 25 26 37 58 63
root 238 h 8 pool 364 nodes 7133 size_prunes 0 color_prunes 7133 maxdepth 12 seconds 0.128506 root_labels 1 5 6 25 26 37 58 83
root 239 h 8 pool 362 nodes 5645 size_prunes 0 color_prunes 5645 maxdepth 12 seconds 0.110575 root_labels 1 5 6 25 26 37 58 89
root 240 h 8 pool 351 nodes 4357 size_prunes 0 color_prunes 4357 maxdepth 11 seconds 0.0758675 root_labels 1 5 6 25 26 37 58 94
root 241 h 8 pool 363 nodes 6428 size_prunes 0 color_prunes 6428 maxdepth 12 seconds 0.122593 root_labels 1 5 6 25 26 37 58 109
root 242 h 8 pool 358 nodes 4982 size_prunes 0 color_prunes 4982 maxdepth 12 seconds 0.0962481 root_labels 1 5 6 25 26 37 63 83
root 243 h 8 pool 352 nodes 4163 size_prunes 0 color_prunes 4163 maxdepth 11 seconds 0.0784641 root_labels 1 5 6 25 26 37 65 94
root 244 h 8 pool 356 nodes 4235 size_prunes 0 color_prunes 4235 maxdepth 12 seconds 0.0845355 root_labels 1 5 6 25 26 37 83 89
root 245 h 8 pool 352 nodes 4225 size_prunes 0 color_prunes 4225 maxdepth 11 seconds 0.0744521 root_labels 1 5 6 25 26 37 89 94
root 246 h 8 pool 360 nodes 5245 size_prunes 0 color_prunes 5245 maxdepth 12 seconds 0.105501 root_labels 1 5 6 25 26 37 89 109
root 247 h 8 pool 355 nodes 4331 size_prunes 0 color_prunes 4331 maxdepth 11 seconds 0.0790537 root_labels 1 5 6 25 26 37 94 109
root 248 h 8 pool 354 nodes 4557 size_prunes 0 color_prunes 4557 maxdepth 11 seconds 0.0747561 root_labels 1 5 6 25 26 38 39 108
root 249 h 8 pool 354 nodes 4657 size_prunes 0 color_prunes 4657 maxdepth 11 seconds 0.0753638 root_labels 1 5 6 25 26 38 39 113
root 250 h 8 pool 346 nodes 4110 size_prunes 0 color_prunes 4110 maxdepth 11 seconds 0.0565437 root_labels 1 5 6 25 26 38 40 68
root 251 h 8 pool 350 nodes 4056 size_prunes 0 color_prunes 4056 maxdepth 11 seconds 0.0678891 root_labels 1 5 6 25 26 38 41 47
root 252 h 8 pool 359 nodes 5231 size_prunes 0 color_prunes 5231 maxdepth 12 seconds 0.102222 root_labels 1 5 6 25 26 38 43 63
root 253 h 8 pool 360 nodes 5350 size_prunes 0 color_prunes 5350 maxdepth 12 seconds 0.103341 root_labels 1 5 6 25 26 38 43 69
root 254 h 8 pool 357 nodes 4678 size_prunes 0 color_prunes 4678 maxdepth 12 seconds 0.0882946 root_labels 1 5 6 25 26 38 43 88
root 255 h 8 pool 363 nodes 6063 size_prunes 0 color_prunes 6063 maxdepth 12 seconds 0.111009 root_labels 1 5 6 25 26 38 43 109
root 256 h 8 pool 359 nodes 5329 size_prunes 0 color_prunes 5329 maxdepth 12 seconds 0.0929365 root_labels 1 5 6 25 26 38 47 113
root 257 h 8 pool 360 nodes 5672 size_prunes 0 color_prunes 5672 maxdepth 12 seconds 0.104807 root_labels 1 5 6 25 26 38 48 108
root 258 h 8 pool 359 nodes 5611 size_prunes 0 color_prunes 5611 maxdepth 12 seconds 0.098051 root_labels 1 5 6 25 26 38 48 113
root 259 h 8 pool 364 nodes 7081 size_prunes 0 color_prunes 7081 maxdepth 12 seconds 0.130718 root_labels 1 5 6 25 26 38 49 69
root 260 h 8 pool 357 nodes 4598 size_prunes 0 color_prunes 4598 maxdepth 12 seconds 0.0867377 root_labels 1 5 6 25 26 38 49 88
root 261 h 8 pool 358 nodes 4851 size_prunes 0 color_prunes 4851 maxdepth 12 seconds 0.09153 root_labels 1 5 6 25 26 38 49 94
root 262 h 8 pool 359 nodes 5069 size_prunes 0 color_prunes 5069 maxdepth 12 seconds 0.0963706 root_labels 1 5 6 25 26 38 49 96
root 263 h 8 pool 365 nodes 7309 size_prunes 0 color_prunes 7309 maxdepth 12 seconds 0.127827 root_labels 1 5 6 25 26 38 49 113
root 264 h 8 pool 354 nodes 4487 size_prunes 0 color_prunes 4487 maxdepth 11 seconds 0.081487 root_labels 1 5 6 25 26 38 63 68
root 265 h 8 pool 361 nodes 5499 size_prunes 0 color_prunes 5499 maxdepth 12 seconds 0.106729 root_labels 1 5 6 25 26 38 63 69
root 266 h 8 pool 350 nodes 4198 size_prunes 0 color_prunes 4198 maxdepth 11 seconds 0.0722205 root_labels 1 5 6 25 26 38 68 88
root 267 h 8 pool 356 nodes 4558 size_prunes 0 color_prunes 4558 maxdepth 11 seconds 0.0853029 root_labels 1 5 6 25 26 38 68 94
root 268 h 8 pool 345 nodes 4065 size_prunes 0 color_prunes 4065 maxdepth 11 seconds 0.0563312 root_labels 1 5 6 25 26 38 68 96
root 269 h 8 pool 348 nodes 3927 size_prunes 0 color_prunes 3927 maxdepth 11 seconds 0.0596397 root_labels 1 5 6 25 26 38 68 109
root 270 h 8 pool 351 nodes 4252 size_prunes 0 color_prunes 4252 maxdepth 11 seconds 0.0685118 root_labels 1 5 6 25 26 38 68 113
root 271 h 8 pool 353 nodes 4353 size_prunes 0 color_prunes 4353 maxdepth 12 seconds 0.075583 root_labels 1 5 6 25 26 38 69 94
root 272 h 8 pool 352 nodes 4130 size_prunes 0 color_prunes 4130 maxdepth 11 seconds 0.0716777 root_labels 1 5 6 25 26 38 69 109
root 273 h 8 pool 346 nodes 4090 size_prunes 0 color_prunes 4090 maxdepth 11 seconds 0.0561905 root_labels 1 5 6 25 26 38 69 113
root 274 h 8 pool 351 nodes 4191 size_prunes 0 color_prunes 4191 maxdepth 11 seconds 0.0751795 root_labels 1 5 6 25 26 38 88 94
root 275 h 8 pool 346 nodes 4220 size_prunes 0 color_prunes 4220 maxdepth 11 seconds 0.0594211 root_labels 1 5 6 25 26 38 94 108
root 276 h 8 pool 347 nodes 4210 size_prunes 0 color_prunes 4210 maxdepth 11 seconds 0.0613934 root_labels 1 5 6 25 26 38 94 109
root 277 h 8 pool 350 nodes 3884 size_prunes 0 color_prunes 3884 maxdepth 11 seconds 0.0664493 root_labels 1 5 6 25 26 39 40 42
root 278 h 8 pool 345 nodes 4254 size_prunes 0 color_prunes 4254 maxdepth 11 seconds 0.0568027 root_labels 1 5 6 25 26 39 40 87
root 279 h 8 pool 355 nodes 4781 size_prunes 0 color_prunes 4781 maxdepth 12 seconds 0.076167 root_labels 1 5 6 25 26 39 42 121
root 280 h 8 pool 355 nodes 4759 size_prunes 0 color_prunes 4759 maxdepth 11 seconds 0.0779824 root_labels 1 5 6 25 26 39 46 113
root 281 h 8 pool 360 nodes 5200 size_prunes 0 color_prunes 5200 maxdepth 12 seconds 0.100735 root_labels 1 5 6 25 26 39 46 121
root 282 h 8 pool 354 nodes 4539 size_prunes 0 color_prunes 4539 maxdepth 11 seconds 0.0762397 root_labels 1 5 6 25 26 39 49 113
root 283 h 8 pool 345 nodes 4065 size_prunes 0 color_prunes 4065 maxdepth 11 seconds 0.0559182 root_labels 1 5 6 25 26 39 61 113
root 284 h 8 pool 346 nodes 3902 size_prunes 0 color_prunes 3902 maxdepth 11 seconds 0.0552673 root_labels 1 5 6 25 26 39 87 113
root 285 h 8 pool 350 nodes 3920 size_prunes 0 color_prunes 3920 maxdepth 11 seconds 0.0676671 root_labels 1 5 6 25 26 39 96 121
root 286 h 8 pool 353 nodes 4336 size_prunes 0 color_prunes 4336 maxdepth 11 seconds 0.0715829 root_labels 1 5 6 25 26 40 42 116
root 287 h 8 pool 353 nodes 4631 size_prunes 0 color_prunes 4631 maxdepth 11 seconds 0.0751494 root_labels 1 5 6 25 26 40 42 121
root 288 h 8 pool 358 nodes 4871 size_prunes 0 color_prunes 4871 maxdepth 12 seconds 0.0875043 root_labels 1 5 6 25 26 40 43 116
root 289 h 8 pool 355 nodes 4440 size_prunes 0 color_prunes 4440 maxdepth 12 seconds 0.0774017 root_labels 1 5 6 25 26 40 43 121
root 290 h 8 pool 365 nodes 8289 size_prunes 0 color_prunes 8289 maxdepth 12 seconds 0.145262 root_labels 1 5 6 25 26 40 46 49
root 291 h 8 pool 356 nodes 4531 size_prunes 0 color_prunes 4531 maxdepth 12 seconds 0.092353 root_labels 1 5 6 25 26 40 46 81
root 292 h 8 pool 360 nodes 5723 size_prunes 0 color_prunes 5723 maxdepth 12 seconds 0.112489 root_labels 1 5 6 25 26 40 46 121
root 293 h 8 pool 361 nodes 6159 size_prunes 0 color_prunes 6159 maxdepth 12 seconds 0.115104 root_labels 1 5 6 25 26 40 47 49
root 294 h 8 pool 356 nodes 4676 size_prunes 0 color_prunes 4676 maxdepth 12 seconds 0.0881548 root_labels 1 5 6 25 26 40 47 73
root 295 h 8 pool 356 nodes 4825 size_prunes 0 color_prunes 4825 maxdepth 12 seconds 0.0891055 root_labels 1 5 6 25 26 40 49 96
root 296 h 8 pool 358 nodes 5065 size_prunes 0 color_prunes 5065 maxdepth 12 seconds 0.101615 root_labels 1 5 6 25 26 40 61 66
root 297 h 8 pool 352 nodes 4199 size_prunes 0 color_prunes 4199 maxdepth 11 seconds 0.0797584 root_labels 1 5 6 25 26 40 61 81
root 298 h 8 pool 356 nodes 4440 size_prunes 0 color_prunes 4440 maxdepth 12 seconds 0.0874268 root_labels 1 5 6 25 26 40 61 86
root 299 h 8 pool 351 nodes 4256 size_prunes 0 color_prunes 4256 maxdepth 11 seconds 0.0798891 root_labels 1 5 6 25 26 40 66 116
root 300 h 8 pool 351 nodes 4250 size_prunes 0 color_prunes 4250 maxdepth 11 seconds 0.0707518 root_labels 1 5 6 25 26 40 68 73
root 301 h 8 pool 342 nodes 3903 size_prunes 0 color_prunes 3903 maxdepth 11 seconds 0.0487166 root_labels 1 5 6 25 26 40 68 96
root 302 h 8 pool 348 nodes 3658 size_prunes 0 color_prunes 3658 maxdepth 11 seconds 0.0563706 root_labels 1 5 6 25 26 40 68 121
root 303 h 8 pool 351 nodes 4273 size_prunes 0 color_prunes 4273 maxdepth 11 seconds 0.070732 root_labels 1 5 6 25 26 40 69 73
root 304 h 8 pool 352 nodes 4041 size_prunes 0 color_prunes 4041 maxdepth 11 seconds 0.07333 root_labels 1 5 6 25 26 40 69 87
root 305 h 8 pool 357 nodes 4676 size_prunes 0 color_prunes 4676 maxdepth 12 seconds 0.0940962 root_labels 1 5 6 25 26 40 69 106
root 306 h 8 pool 355 nodes 4155 size_prunes 0 color_prunes 4155 maxdepth 12 seconds 0.0787682 root_labels 1 5 6 25 26 40 69 116
root 307 h 8 pool 356 nodes 4367 size_prunes 0 color_prunes 4367 maxdepth 12 seconds 0.0821649 root_labels 1 5 6 25 26 40 69 121
root 308 h 8 pool 352 nodes 4159 size_prunes 0 color_prunes 4159 maxdepth 12 seconds 0.0706269 root_labels 1 5 6 25 26 40 73 86
root 309 h 8 pool 351 nodes 4296 size_prunes 0 color_prunes 4296 maxdepth 11 seconds 0.0714273 root_labels 1 5 6 25 26 40 73 87
root 310 h 8 pool 353 nodes 4430 size_prunes 0 color_prunes 4430 maxdepth 12 seconds 0.0794021 root_labels 1 5 6 25 26 40 73 106
root 311 h 8 pool 347 nodes 4183 size_prunes 0 color_prunes 4183 maxdepth 11 seconds 0.061451 root_labels 1 5 6 25 26 40 73 121
root 312 h 8 pool 353 nodes 4117 size_prunes 0 color_prunes 4117 maxdepth 12 seconds 0.0779267 root_labels 1 5 6 25 26 40 81 86
root 313 h 8 pool 348 nodes 4026 size_prunes 0 color_prunes 4026 maxdepth 11 seconds 0.0668682 root_labels 1 5 6 25 26 40 81 96
root 314 h 8 pool 351 nodes 4116 size_prunes 0 color_prunes 4116 maxdepth 11 seconds 0.0778761 root_labels 1 5 6 25 26 40 86 96
root 315 h 8 pool 354 nodes 4395 size_prunes 0 color_prunes 4395 maxdepth 12 seconds 0.0853307 root_labels 1 5 6 25 26 40 96 116
root 316 h 8 pool 355 nodes 4489 size_prunes 0 color_prunes 4489 maxdepth 12 seconds 0.0845035 root_labels 1 5 6 25 26 40 96 121
root 317 h 8 pool 355 nodes 4515 size_prunes 0 color_prunes 4515 maxdepth 11 seconds 0.0761071 root_labels 1 5 6 25 26 41 43 116
root 318 h 8 pool 356 nodes 4507 size_prunes 0 color_prunes 4507 maxdepth 12 seconds 0.0832644 root_labels 1 5 6 25 26 41 44 116
root 319 h 8 pool 358 nodes 5210 size_prunes 0 color_prunes 5210 maxdepth 12 seconds 0.0967488 root_labels 1 5 6 25 26 41 47 49
root 320 h 8 pool 355 nodes 4437 size_prunes 0 color_prunes 4437 maxdepth 12 seconds 0.0813268 root_labels 1 5 6 25 26 41 47 94
root 321 h 8 pool 356 nodes 4524 size_prunes 0 color_prunes 4524 maxdepth 12 seconds 0.0823158 root_labels 1 5 6 25 26 41 49 66
root 322 h 8 pool 354 nodes 4415 size_prunes 0 color_prunes 4415 maxdepth 12 seconds 0.0810937 root_labels 1 5 6 25 26 41 61 65
root 323 h 8 pool 352 nodes 4030 size_prunes 0 color_prunes 4030 maxdepth 11 seconds 0.0774682 root_labels 1 5 6 25 26 41 61 85
root 324 h 8 pool 356 nodes 4421 size_prunes 0 color_prunes 4421 maxdepth 12 seconds 0.0925995 root_labels 1 5 6 25 26 41 65 106
root 325 h 8 pool 348 nodes 4011 size_prunes 0 color_prunes 4011 maxdepth 11 seconds 0.0682329 root_labels 1 5 6 25 26 41 65 116
root 326 h 8 pool 357 nodes 4623 size_prunes 0 color_prunes 4623 maxdepth 12 seconds 0.0927085 root_labels 1 5 6 25 26 41 66 85
root 327 h 8 pool 360 nodes 5512 size_prunes 0 color_prunes 5512 maxdepth 12 seconds 0.11433 root_labels 1 5 6 25 26 41 66 94
root 328 h 8 pool 358 nodes 4835 size_prunes 0 color_prunes 4835 maxdepth 12 seconds 0.0918759 root_labels 1 5 6 25 26 41 68 94
root 329 h 8 pool 358 nodes 4698 size_prunes 0 color_prunes 4698 maxdepth 12 seconds 0.0966839 root_labels 1 5 6 25 26 41 85 106
root 330 h 8 pool 356 nodes 4401 size_prunes 0 color_prunes 4401 maxdepth 12 seconds 0.0820095 root_labels 1 5 6 25 26 41 94 106
root 331 h 8 pool 353 nodes 4327 size_prunes 0 color_prunes 4327 maxdepth 11 seconds 0.074597 root_labels 1 5 6 25 26 42 44 116
root 332 h 8 pool 352 nodes 4261 size_prunes 0 color_prunes 4261 maxdepth 11 seconds 0.0707015 root_labels 1 5 6 25 26 42 47 73
root 333 h 8 pool 356 nodes 4610 size_prunes 0 color_prunes 4610 maxdepth 12 seconds 0.0835232 root_labels 1 5 6 25 26 42 47 94
root 334 h 8 pool 349 nodes 4234 size_prunes 0 color_prunes 4234 maxdepth 11 seconds 0.0701556 root_labels 1 5 6 25 26 42 65 94
root 335 h 8 pool 344 nodes 3577 size_prunes 0 color_prunes 3577 maxdepth 11 seconds 0.0478559 root_labels 1 5 6 25 26 42 65 121
root 336 h 8 pool 350 nodes 3985 size_prunes 0 color_prunes 3985 maxdepth 11 seconds 0.0682807 root_labels 1 5 6 25 26 42 68 84
root 337 h 8 pool 344 nodes 3900 size_prunes 0 color_prunes 3900 maxdepth 11 seconds 0.0550721 root_labels 1 5 6 25 26 42 68 121
root 338 h 8 pool 347 nodes 4182 size_prunes 0 color_prunes 4182 maxdepth 11 seconds 0.0582948 root_labels 1 5 6 25 26 42 73 85
root 339 h 8 pool 341 nodes 3573 size_prunes 0 color_prunes 3573 maxdepth 11 seconds 0.04419 root_labels 1 5 6 25 26 42 73 121
root 340 h 8 pool 352 nodes 4220 size_prunes 0 color_prunes 4220 maxdepth 11 seconds 0.0729808 root_labels 1 5 6 25 26 42 84 94
root 341 h 8 pool 350 nodes 4211 size_prunes 0 color_prunes 4211 maxdepth 11 seconds 0.0701638 root_labels 1 5 6 25 26 42 85 94
root 342 h 8 pool 360 nodes 5485 size_prunes 0 color_prunes 5485 maxdepth 12 seconds 0.105536 root_labels 1 5 6 25 26 43 63 69
root 343 h 8 pool 357 nodes 4887 size_prunes 0 color_prunes 4887 maxdepth 12 seconds 0.0922421 root_labels 1 5 6 25 26 43 63 88
root 344 h 8 pool 353 nodes 4484 size_prunes 0 color_prunes 4484 maxdepth 11 seconds 0.0748781 root_labels 1 5 6 25 26 43 63 113
root 345 h 8 pool 353 nodes 4334 size_prunes 0 color_prunes 4334 maxdepth 12 seconds 0.0763045 root_labels 1 5 6 25 26 43 65 96
root 346 h 8 pool 353 nodes 4426 size_prunes 0 color_prunes 4426 maxdepth 12 seconds 0.0759038 root_labels 1 5 6 25 26 43 65 113
root 347 h 8 pool 352 nodes 4321 size_prunes 0 color_prunes 4321 maxdepth 11 seconds 0.0722416 root_labels 1 5 6 25 26 43 65 116
root 348 h 8 pool 349 nodes 4112 size_prunes 0 color_prunes 4112 maxdepth 11 seconds 0.065249 root_labels 1 5 6 25 26 43 65 121
root 349 h 8 pool 344 nodes 4040 size_prunes 0 color_prunes 4040 maxdepth 11 seconds 0.05165 root_labels 1 5 6 25 26 43 67 96
root 350 h 8 pool 354 nodes 4030 size_prunes 0 color_prunes 4030 maxdepth 12 seconds 0.0772399 root_labels 1 5 6 25 26 43 69 109
root 351 h 8 pool 345 nodes 3906 size_prunes 0 color_prunes 3906 maxdepth 11 seconds 0.0546086 root_labels 1 5 6 25 26 43 69 121
root 352 h 8 pool 349 nodes 4055 size_prunes 0 color_prunes 4055 maxdepth 11 seconds 0.064811 root_labels 1 5 6 25 26 43 83 96
root 353 h 8 pool 348 nodes 4372 size_prunes 0 color_prunes 4372 maxdepth 11 seconds 0.0625937 root_labels 1 5 6 25 26 43 96 116
root 354 h 8 pool 357 nodes 5178 size_prunes 0 color_prunes 5178 maxdepth 12 seconds 0.0920529 root_labels 1 5 6 25 26 43 109 116
root 355 h 8 pool 356 nodes 4715 size_prunes 0 color_prunes 4715 maxdepth 12 seconds 0.0878024 root_labels 1 5 6 25 26 44 48 73
root 356 h 8 pool 356 nodes 4634 size_prunes 0 color_prunes 4634 maxdepth 12 seconds 0.0881237 root_labels 1 5 6 25 26 44 48 94
root 357 h 8 pool 361 nodes 5355 size_prunes 0 color_prunes 5355 maxdepth 12 seconds 0.10626 root_labels 1 5 6 25 26 44 63 69
root 358 h 8 pool 356 nodes 4594 size_prunes 0 color_prunes 4594 maxdepth 12 seconds 0.0867723 root_labels 1 5 6 25 26 44 63 88
root 359 h 8 pool 350 nodes 4246 size_prunes 0 color_prunes 4246 maxdepth 11 seconds 0.0708843 root_labels 1 5 6 25 26 44 66 73
root 360 h 8 pool 352 nodes 4301 size_prunes 0 color_prunes 4301 maxdepth 11 seconds 0.0753034 root_labels 1 5 6 25 26 44 66 94
root 361 h 8 pool 354 nodes 4162 size_prunes 0 color_prunes 4162 maxdepth 12 seconds 0.0778334 root_labels 1 5 6 25 26 44 66 116
root 362 h 8 pool 357 nodes 4626 size_prunes 0 color_prunes 4626 maxdepth 12 seconds 0.0886445 root_labels 1 5 6 25 26 44 67 94
root 363 h 8 pool 359 nodes 4896 size_prunes 0 color_prunes 4896 maxdepth 12 seconds 0.0934475 root_labels 1 5 6 25 26 44 67 107
root 364 h 8 pool 352 nodes 4175 size_prunes 0 color_prunes 4175 maxdepth 11 seconds 0.0706738 root_labels 1 5 6 25 26 44 73 88
root 365 h 8 pool 357 nodes 4613 size_prunes 0 color_prunes 4613 maxdepth 12 seconds 0.0880703 root_labels 1 5 6 25 26 44 73 107
root 366 h 8 pool 357 nodes 4567 size_prunes 0 color_prunes 4567 maxdepth 12 seconds 0.0881255 root_labels 1 5 6 25 26 44 88 94
root 367 h 8 pool 357 nodes 4768 size_prunes 0 color_prunes 4768 maxdepth 12 seconds 0.0907468 root_labels 1 5 6 25 26 44 94 107
root 368 h 8 pool 354 nodes 4463 size_prunes 0 color_prunes 4463 maxdepth 12 seconds 0.0855163 root_labels 1 5 6 25 26 46 65 113
root 369 h 8 pool 356 nodes 4522 size_prunes 0 color_prunes 4522 maxdepth 12 seconds 0.0868692 root_labels 1 5 6 25 26 46 85 113
root 370 h 8 pool 356 nodes 4814 size_prunes 0 color_prunes 4814 maxdepth 12 seconds 0.0913145 root_labels 1 5 6 25 26 47 49 94
root 371 h 8 pool 363 nodes 6533 size_prunes 0 color_prunes 6533 maxdepth 12 seconds 0.121025 root_labels 1 5 6 25 26 47 49 113
root 372 h 8 pool 355 nodes 4602 size_prunes 0 color_prunes 4602 maxdepth 12 seconds 0.0838258 root_labels 1 5 6 25 26 47 65 73
root 373 h 8 pool 352 nodes 4310 size_prunes 0 color_prunes 4310 maxdepth 11 seconds 0.0808047 root_labels 1 5 6 25 26 47 65 94
root 374 h 8 pool 353 nodes 4383 size_prunes 0 color_prunes 4383 maxdepth 11 seconds 0.0810899 root_labels 1 5 6 25 26 47 65 113
root 375 h 8 pool 358 nodes 4982 size_prunes 0 color_prunes 4982 maxdepth 12 seconds 0.0982078 root_labels 1 5 6 25 26 47 67 73
root 376 h 8 pool 362 nodes 6071 size_prunes 0 color_prunes 6071 maxdepth 12 seconds 0.118373 root_labels 1 5 6 25 26 47 67 94
root 377 h 8 pool 353 nodes 4458 size_prunes 0 color_prunes 4458 maxdepth 12 seconds 0.0807562 root_labels 1 5 6 25 26 47 73 87
root 378 h 8 pool 359 nodes 5233 size_prunes 0 color_prunes 5233 maxdepth 12 seconds 0.101084 root_labels 1 5 6 25 26 47 73 88
root 379 h 8 pool 352 nodes 4285 size_prunes 0 color_prunes 4285 maxdepth 11 seconds 0.0711331 root_labels 1 5 6 25 26 47 73 113
root 380 h 8 pool 360 nodes 5617 size_prunes 0 color_prunes 5617 maxdepth 12 seconds 0.109637 root_labels 1 5 6 25 26 47 87 94
root 381 h 8 pool 360 nodes 5923 size_prunes 0 color_prunes 5923 maxdepth 12 seconds 0.116543 root_labels 1 5 6 25 26 47 88 94
root 382 h 8 pool 357 nodes 5167 size_prunes 0 color_prunes 5167 maxdepth 12 seconds 0.103526 root_labels 1 5 6 25 26 48 67 94
root 383 h 8 pool 355 nodes 4690 size_prunes 0 color_prunes 4690 maxdepth 12 seconds 0.0910482 root_labels 1 5 6 25 26 48 69 73
root 384 h 8 pool 356 nodes 4574 size_prunes 0 color_prunes 4574 maxdepth 12 seconds 0.0906093 root_labels 1 5 6 25 26 48 69 113
root 385 h 8 pool 357 nodes 4898 size_prunes 0 color_prunes 4898 maxdepth 12 seconds 0.094784 root_labels 1 5 6 25 26 48 73 86
root 386 h 8 pool 350 nodes 4277 size_prunes 0 color_prunes 4277 maxdepth 11 seconds 0.0702062 root_labels 1 5 6 25 26 48 73 113
root 387 h 8 pool 354 nodes 4235 size_prunes 0 color_prunes 4235 maxdepth 12 seconds 0.0811947 root_labels 1 5 6 25 26 48 85 94
root 388 h 8 pool 354 nodes 4369 size_prunes 0 color_prunes 4369 maxdepth 11 seconds 0.0821794 root_labels 1 5 6 25 26 48 85 113
root 389 h 8 pool 354 nodes 4538 size_prunes 0 color_prunes 4538 maxdepth 12 seconds 0.087785 root_labels 1 5 6 25 26 48 86 94
root 390 h 8 pool 359 nodes 5156 size_prunes 0 color_prunes 5156 maxdepth 12 seconds 0.104024 root_labels 1 5 6 25 26 48 94 108
root 391 h 8 pool 356 nodes 4695 size_prunes 0 color_prunes 4695 maxdepth 12 seconds 0.0893973 root_labels 1 5 6 25 26 49 66 94
root 392 h 8 pool 352 nodes 4367 size_prunes 0 color_prunes 4367 maxdepth 11 seconds 0.0812957 root_labels 1 5 6 25 26 49 66 113
root 393 h 8 pool 362 nodes 6834 size_prunes 0 color_prunes 6834 maxdepth 12 seconds 0.12788 root_labels 1 5 6 25 26 49 69 94
root 394 h 8 pool 360 nodes 5863 size_prunes 0 color_prunes 5863 maxdepth 12 seconds 0.116041 root_labels 1 5 6 25 26 49 69 113
root 395 h 8 pool 353 nodes 4425 size_prunes 0 color_prunes 4425 maxdepth 12 seconds 0.076528 root_labels 1 5 6 25 26 49 89 96
root 396 h 8 pool 352 nodes 4179 size_prunes 0 color_prunes 4179 maxdepth 12 seconds 0.0803106 root_labels 1 5 6 25 26 49 89 113
root 397 h 8 pool 352 nodes 4344 size_prunes 0 color_prunes 4344 maxdepth 11 seconds 0.0711591 root_labels 1 5 6 25 26 61 65 73
root 398 h 8 pool 351 nodes 4289 size_prunes 0 color_prunes 4289 maxdepth 11 seconds 0.07085 root_labels 1 5 6 25 26 61 65 113
root 399 h 8 pool 353 nodes 4357 size_prunes 0 color_prunes 4357 maxdepth 12 seconds 0.0758071 root_labels 1 5 6 25 26 63 69 73
root 400 h 8 pool 354 nodes 4294 size_prunes 0 color_prunes 4294 maxdepth 12 seconds 0.0758558 root_labels 1 5 6 25 26 63 69 113
root 401 h 8 pool 354 nodes 4560 size_prunes 0 color_prunes 4560 maxdepth 12 seconds 0.0822523 root_labels 1 5 6 25 26 63 73 113
root 402 h 8 pool 350 nodes 4234 size_prunes 0 color_prunes 4234 maxdepth 11 seconds 0.0712297 root_labels 1 5 6 25 26 65 67 73
root 403 h 8 pool 359 nodes 5495 size_prunes 0 color_prunes 5495 maxdepth 12 seconds 0.108501 root_labels 1 5 6 25 26 65 67 94
root 404 h 8 pool 347 nodes 4262 size_prunes 0 color_prunes 4262 maxdepth 11 seconds 0.0617276 root_labels 1 5 6 25 26 65 67 96
root 405 h 8 pool 351 nodes 4147 size_prunes 0 color_prunes 4147 maxdepth 11 seconds 0.0707629 root_labels 1 5 6 25 26 65 67 113
root 406 h 8 pool 360 nodes 5750 size_prunes 0 color_prunes 5750 maxdepth 12 seconds 0.11061 root_labels 1 5 6 25 26 65 68 94
root 407 h 8 pool 348 nodes 4077 size_prunes 0 color_prunes 4077 maxdepth 11 seconds 0.0602968 root_labels 1 5 6 25 26 65 68 96
root 408 h 8 pool 349 nodes 4244 size_prunes 0 color_prunes 4244 maxdepth 11 seconds 0.0711083 root_labels 1 5 6 25 26 65 68 113
root 409 h 8 pool 355 nodes 4648 size_prunes 0 color_prunes 4648 maxdepth 12 seconds 0.0875943 root_labels 1 5 6 25 26 65 73 86
root 410 h 8 pool 347 nodes 3633 size_prunes 0 color_prunes 3633 maxdepth 11 seconds 0.0539316 root_labels 1 5 6 25 26 65 73 113
root 411 h 8 pool 344 nodes 3732 size_prunes 0 color_prunes 3732 maxdepth 11 seconds 0.0492116 root_labels 1 5 6 25 26 65 73 121
root 412 h 8 pool 355 nodes 4472 size_prunes 0 color_prunes 4472 maxdepth 12 seconds 0.0860526 root_labels 1 5 6 25 26 65 86 113
root 413 h 8 pool 360 nodes 5560 size_prunes 0 color_prunes 5560 maxdepth 12 seconds 0.113024 root_labels 1 5 6 25 26 65 96 116
root 414 h 8 pool 358 nodes 5055 size_prunes 0 color_prunes 5055 maxdepth 12 seconds 0.0997767 root_labels 1 5 6 25 26 66 68 94
root 415 h 8 pool 350 nodes 4338 size_prunes 0 color_prunes 4338 maxdepth 11 seconds 0.0759299 root_labels 1 5 6 25 26 66 69 73
root 416 h 8 pool 353 nodes 4256 size_prunes 0 color_prunes 4256 maxdepth 12 seconds 0.0754503 root_labels 1 5 6 25 26 66 69 116
root 417 h 8 pool 351 nodes 4247 size_prunes 0 color_prunes 4247 maxdepth 11 seconds 0.0780504 root_labels 1 5 6 25 26 67 69 73
root 418 h 8 pool 352 nodes 4446 size_prunes 0 color_prunes 4446 maxdepth 11 seconds 0.0797699 root_labels 1 5 6 25 26 67 69 113
root 419 h 8 pool 346 nodes 3821 size_prunes 0 color_prunes 3821 maxdepth 11 seconds 0.0545577 root_labels 1 5 6 25 26 68 113 121
root 420 h 8 pool 351 nodes 4265 size_prunes 0 color_prunes 4265 maxdepth 11 seconds 0.0702594 root_labels 1 5 6 25 26 69 73 113
root 421 h 8 pool 342 nodes 3874 size_prunes 0 color_prunes 3874 maxdepth 11 seconds 0.0462061 root_labels 1 5 6 25 26 69 73 121
root 422 h 8 pool 341 nodes 3737 size_prunes 0 color_prunes 3737 maxdepth 11 seconds 0.0452137 root_labels 1 5 6 25 26 73 113 121
root 423 h 8 pool 357 nodes 5007 size_prunes 0 color_prunes 5007 maxdepth 12 seconds 0.0910518 root_labels 1 5 6 25 27 31 34 40
root 424 h 8 pool 357 nodes 4907 size_prunes 0 color_prunes 4907 maxdepth 12 seconds 0.0901598 root_labels 1 5 6 25 27 31 34 41
root 425 h 8 pool 358 nodes 5239 size_prunes 0 color_prunes 5239 maxdepth 12 seconds 0.101944 root_labels 1 5 6 25 27 31 34 55
root 426 h 8 pool 361 nodes 5982 size_prunes 0 color_prunes 5982 maxdepth 12 seconds 0.107125 root_labels 1 5 6 25 27 31 34 107
root 427 h 8 pool 353 nodes 4391 size_prunes 0 color_prunes 4391 maxdepth 11 seconds 0.0736188 root_labels 1 5 6 25 27 31 39 107
root 428 h 8 pool 352 nodes 4214 size_prunes 0 color_prunes 4214 maxdepth 11 seconds 0.0700449 root_labels 1 5 6 25 27 31 39 108
root 429 h 8 pool 353 nodes 4211 size_prunes 0 color_prunes 4211 maxdepth 12 seconds 0.0764886 root_labels 1 5 6 25 27 31 40 42
root 430 h 8 pool 354 nodes 4601 size_prunes 0 color_prunes 4601 maxdepth 11 seconds 0.0783339 root_labels 1 5 6 25 27 31 40 107
root 431 h 8 pool 355 nodes 4516 size_prunes 0 color_prunes 4516 maxdepth 12 seconds 0.0819538 root_labels 1 5 6 25 27 31 41 63
root 432 h 8 pool 354 nodes 4524 size_prunes 0 color_prunes 4524 maxdepth 11 seconds 0.0856415 root_labels 1 5 6 25 27 31 55 107
root 433 h 8 pool 352 nodes 4082 size_prunes 0 color_prunes 4082 maxdepth 11 seconds 0.078127 root_labels 1 5 6 25 27 31 59 80
root 434 h 8 pool 354 nodes 4382 size_prunes 0 color_prunes 4382 maxdepth 12 seconds 0.0766245 root_labels 1 5 6 25 27 31 63 84
root 435 h 8 pool 361 nodes 5700 size_prunes 0 color_prunes 5700 maxdepth 12 seconds 0.107997 root_labels 1 5 6 25 27 31 63 89
root 436 h 8 pool 347 nodes 4265 size_prunes 0 color_prunes 4265 maxdepth 11 seconds 0.0613866 root_labels 1 5 6 25 27 31 63 107
root 437 h 8 pool 344 nodes 3808 size_prunes 0 color_prunes 3808 maxdepth 11 seconds 0.0504626 root_labels 1 5 6 25 27 31 69 82
root 438 h 8 pool 349 nodes 4178 size_prunes 0 color_prunes 4178 maxdepth 11 seconds 0.0683507 root_labels 1 5 6 25 27 31 80 82
root 439 h 8 pool 353 nodes 4449 size_prunes 0 color_prunes 4449 maxdepth 11 seconds 0.0803472 root_labels 1 5 6 25 27 31 82 84
root 440 h 8 pool 348 nodes 3989 size_prunes 0 color_prunes 3989 maxdepth 11 seconds 0.0620667 root_labels 1 5 6 25 27 33 35 43
root 441 h 8 pool 348 nodes 3952 size_prunes 0 color_prunes 3952 maxdepth 11 seconds 0.0631086 root_labels 1 5 6 25 27 33 41 43
root 442 h 8 pool 346 nodes 4224 size_prunes 0 color_prunes 4224 maxdepth 11 seconds 0.057088 root_labels 1 5 6 25 27 33 41 66
root 443 h 8 pool 357 nodes 4988 size_prunes 0 color_prunes 4988 maxdepth 12 seconds 0.0865403 root_labels 1 5 6 25 27 33 41 105
root 444 h 8 pool 353 nodes 4503 size_prunes 0 color_prunes 4503 maxdepth 11 seconds 0.0729665 root_labels 1 5 6 25 27 33 42 105
root 445 h 8 pool 356 nodes 4840 size_prunes 0 color_prunes 4840 maxdepth 12 seconds 0.0838855 root_labels 1 5 6 25 27 33 48 114
root 446 h 8 pool 348 nodes 4187 size_prunes 0 color_prunes 4187 maxdepth 11 seconds 0.0697841 root_labels 1 5 6 25 27 33 57 106
root 447 h 8 pool 349 nodes 4195 size_prunes 0 color_prunes 4195 maxdepth 11 seconds 0.0648853 root_labels 1 5 6 25 27 33 58 81
root 448 h 8 pool 345 nodes 4259 size_prunes 0 color_prunes 4259 maxdepth 11 seconds 0.0562424 root_labels 1 5 6 25 27 33 58 114
root 449 h 8 pool 351 nodes 4188 size_prunes 0 color_prunes 4188 maxdepth 11 seconds 0.069027 root_labels 1 5 6 25 27 33 59 87
root 450 h 8 pool 355 nodes 4801 size_prunes 0 color_prunes 4801 maxdepth 12 seconds 0.0876477 root_labels 1 5 6 25 27 33 59 105
root 451 h 8 pool 347 nodes 4341 size_prunes 0 color_prunes 4341 maxdepth 11 seconds 0.0695259 root_labels 1 5 6 25 27 33 59 114
root 452 h 8 pool 344 nodes 3900 size_prunes 0 color_prunes 3900 maxdepth 11 seconds 0.051238 root_labels 1 5 6 25 27 33 66 81
root 453 h 8 pool 345 nodes 4280 size_prunes 0 color_prunes 4280 maxdepth 11 seconds 0.0573612 root_labels 1 5 6 25 27 33 66 114
root 454 h 8 pool 350 nodes 4188 size_prunes 0 color_prunes 4188 maxdepth 11 seconds 0.0752098 root_labels 1 5 6 25 27 33 80 83
root 455 h 8 pool 347 nodes 4103 size_prunes 0 color_prunes 4103 maxdepth 11 seconds 0.0633961 root_labels 1 5 6 25 27 33 81 83
root 456 h 8 pool 344 nodes 4159 size_prunes 0 color_prunes 4159 maxdepth 11 seconds 0.0513253 root_labels 1 5 6 25 27 33 83 87
root 457 h 8 pool 353 nodes 4454 size_prunes 0 color_prunes 4454 maxdepth 12 seconds 0.0770102 root_labels 1 5 6 25 27 34 35 37
root 458 h 8 pool 355 nodes 4547 size_prunes 0 color_prunes 4547 maxdepth 12 seconds 0.0824139 root_labels 1 5 6 25 27 34 35 107
root 459 h 8 pool 354 nodes 4492 size_prunes 0 color_prunes 4492 maxdepth 12 seconds 0.0803853 root_labels 1 5 6 25 27 34 37 41
root 460 h 8 pool 353 nodes 4351 size_prunes 0 color_prunes 4351 maxdepth 12 seconds 0.079404 root_labels 1 5 6 25 27 34 37 44
root 461 h 8 pool 353 nodes 4667 size_prunes 0 color_prunes 4667 maxdepth 11 seconds 0.0781814 root_labels 1 5 6 25 27 34 37 105
root 462 h 8 pool 354 nodes 4667 size_prunes 0 color_prunes 4667 maxdepth 11 seconds 0.0787862 root_labels 1 5 6 25 27 34 37 109
root 463 h 8 pool 359 nodes 4975 size_prunes 0 color_prunes 4975 maxdepth 12 seconds 0.0904561 root_labels 1 5 6 25 27 34 40 107
root 464 h 8 pool 345 nodes 4231 size_prunes 0 color_prunes 4231 maxdepth 11 seconds 0.0545597 root_labels 1 5 6 25 27 34 41 66
root 465 h 8 pool 358 nodes 5006 size_prunes 0 color_prunes 5006 maxdepth 12 seconds 0.0917274 root_labels 1 5 6 25 27 34 41 105
root 466 h 8 pool 345 nodes 4247 size_prunes 0 color_prunes 4247 maxdepth 11 seconds 0.05513 root_labels 1 5 6 25 27 34 44 66
root 467 h 8 pool 354 nodes 4438 size_prunes 0 color_prunes 4438 maxdepth 11 seconds 0.0817793 root_labels 1 5 6 25 27 34 48 56
root 468 h 8 pool 353 nodes 4432 size_prunes 0 color_prunes 4432 maxdepth 11 seconds 0.0758035 root_labels 1 5 6 25 27 34 55 83
root 469 h 8 pool 352 nodes 4232 size_prunes 0 color_prunes 4232 maxdepth 12 seconds 0.0740134 root_labels 1 5 6 25 27 34 55 84
root 470 h 8 pool 345 nodes 4062 size_prunes 0 color_prunes 4062 maxdepth 11 seconds 0.0544053 root_labels 1 5 6 25 27 34 66 81
root 471 h 8 pool 349 nodes 4190 size_prunes 0 color_prunes 4190 maxdepth 11 seconds 0.0669021 root_labels 1 5 6 25 27 34 81 83
root 472 h 8 pool 348 nodes 4207 size_prunes 0 color_prunes 4207 maxdepth 11 seconds 0.0672588 root_labels 1 5 6 25 27 34 81 84
root 473 h 8 pool 352 nodes 4430 size_prunes 0 color_prunes 4430 maxdepth 11 seconds 0.0817368 root_labels 1 5 6 25 27 34 81 105
root 474 h 8 pool 355 nodes 4489 size_prunes 0 color_prunes 4489 maxdepth 12 seconds 0.0829944 root_labels 1 5 6 25 27 34 81 109
root 475 h 8 pool 358 nodes 5448 size_prunes 0 color_prunes 5448 maxdepth 12 seconds 0.102056 root_labels 1 5 6 25 27 34 107 109
root 476 h 8 pool 345 nodes 4293 size_prunes 0 color_prunes 4293 maxdepth 11 seconds 0.0571006 root_labels 1 5 6 25 27 35 59 111
root 477 h 8 pool 360 nodes 5311 size_prunes 0 color_prunes 5311 maxdepth 12 seconds 0.0971773 root_labels 1 5 6 25 27 36 42 105
root 478 h 8 pool 356 nodes 4995 size_prunes 0 color_prunes 4995 maxdepth 12 seconds 0.0832364 root_labels 1 5 6 25 27 36 48 111
root 479 h 8 pool 348 nodes 4293 size_prunes 0 color_prunes 4293 maxdepth 11 seconds 0.0656647 root_labels 1 5 6 25 27 36 63 84
root 480 h 8 pool 345 nodes 4258 size_prunes 0 color_prunes 4258 maxdepth 11 seconds 0.0572047 root_labels 1 5 6 25 27 36 63 111
root 481 h 8 pool 345 nodes 4235 size_prunes 0 color_prunes 4235 maxdepth 11 seconds 0.0577295 root_labels 1 5 6 25 27 36 68 111
root 482 h 8 pool 350 nodes 4100 size_prunes 0 color_prunes 4100 maxdepth 11 seconds 0.0646509 root_labels 1 5 6 25 27 37 41 58
root 483 h 8 pool 349 nodes 4292 size_prunes 0 color_prunes 4292 maxdepth 11 seconds 0.0663995 root_labels 1 5 6 25 27 37 41 63
root 484 h 8 pool 360 nodes 5410 size_prunes 0 color_prunes 5410 maxdepth 12 seconds 0.098317 root_labels 1 5 6 25 27 37 41 105
root 485 h 8 pool 352 nodes 4358 size_prunes 0 color_prunes 4358 maxdepth 11 seconds 0.0753853 root_labels 1 5 6 25 27 37 57 63
root 486 h 8 pool 356 nodes 4394 size_prunes 0 color_prunes 4394 maxdepth 12 seconds 0.0811615 root_labels 1 5 6 25 27 37 58 83
root 487 h 8 pool 349 nodes 4106 size_prunes 0 color_prunes 4106 maxdepth 11 seconds 0.0652152 root_labels 1 5 6 25 27 37 58 114
root 488 h 8 pool 348 nodes 3937 size_prunes 0 color_prunes 3937 maxdepth 11 seconds 0.0633981 root_labels 1 5 6 25 27 37 63 72
root 489 h 8 pool 350 nodes 4241 size_prunes 0 color_prunes 4241 maxdepth 11 seconds 0.0665631 root_labels 1 5 6 25 27 37 63 83
root 490 h 8 pool 349 nodes 4291 size_prunes 0 color_prunes 4291 maxdepth 11 seconds 0.0663416 root_labels 1 5 6 25 27 37 63 114
root 491 h 8 pool 351 nodes 4270 size_prunes 0 color_prunes 4270 maxdepth 11 seconds 0.0707263 root_labels 1 5 6 25 27 37 67 105
root 492 h 8 pool 353 nodes 4175 size_prunes 0 color_prunes 4175 maxdepth 11 seconds 0.0722872 root_labels 1 5 6 25 27 37 67 114
root 493 h 8 pool 354 nodes 4297 size_prunes 0 color_prunes 4297 maxdepth 11 seconds 0.0771035 root_labels 1 5 6 25 27 37 72 109
root 494 h 8 pool 353 nodes 4383 size_prunes 0 color_prunes 4383 maxdepth 12 seconds 0.0769626 root_labels 1 5 6 25 27 37 83 105
root 495 h 8 pool 359 nodes 5392 size_prunes 0 color_prunes 5392 maxdepth 12 seconds 0.099444 root_labels 1 5 6 25 27 37 105 114
root 496 h 8 pool 357 nodes 4898 size_prunes 0 color_prunes 4898 maxdepth 12 seconds 0.0830611 root_labels 1 5 6 25 27 38 48 114
root 497 h 8 pool 348 nodes 4034 size_prunes 0 color_prunes 4034 maxdepth 11 seconds 0.0647351 root_labels 1 5 6 25 27 38 72 109
root 498 h 8 pool 354 nodes 4594 size_prunes 0 color_prunes 4594 maxdepth 11 seconds 0.076665 root_labels 1 5 6 25 27 39 43 108
root 499 h 8 pool 346 nodes 3884 size_prunes 0 color_prunes 3884 maxdepth 11 seconds 0.054117 root_labels 1 5 6 25 27 39 71 107
root 500 h 8 pool 345 nodes 3770 size_prunes 0 color_prunes 3770 maxdepth 11 seconds 0.053446 root_labels 1 5 6 25 27 39 71 108
root 501 h 8 pool 357 nodes 4610 size_prunes 0 color_prunes 4610 maxdepth 12 seconds 0.0859821 root_labels 1 5 6 25 27 41 63 72
root 502 h 8 pool 345 nodes 4226 size_prunes 0 color_prunes 4226 maxdepth 11 seconds 0.0572677 root_labels 1 5 6 25 27 41 65 72
root 503 h 8 pool 357 nodes 4742 size_prunes 0 color_prunes 4742 maxdepth 12 seconds 0.0893052 root_labels 1 5 6 25 27 41 68 72
root 504 h 8 pool 345 nodes 4067 size_prunes 0 color_prunes 4067 maxdepth 11 seconds 0.0560506 root_labels 1 5 6 25 27 41 72 85
root 505 h 8 pool 352 nodes 4029 size_prunes 0 color_prunes 4029 maxdepth 11 seconds 0.0729694 root_labels 1 5 6 25 27 42 57 105
root 506 h 8 pool 352 nodes 4179 size_prunes 0 color_prunes 4179 maxdepth 11 seconds 0.0704309 root_labels 1 5 6 25 27 42 68 72
root 507 h 8 pool 364 nodes 7348 size_prunes 0 color_prunes 7348 maxdepth 12 seconds 0.128266 root_labels 1 5 6 25 27 42 105 114
root 508 h 8 pool 346 nodes 4231 size_prunes 0 color_prunes 4231 maxdepth 11 seconds 0.0648925 root_labels 1 5 6 25 27 43 67 71
root 509 h 8 pool 350 nodes 4116 size_prunes 0 color_prunes 4116 maxdepth 11 seconds 0.0698868 root_labels 1 5 6 25 27 43 69 71
root 510 h 8 pool 357 nodes 4418 size_prunes 0 color_prunes 4418 maxdepth 12 seconds 0.0842243 root_labels 1 5 6 25 27 43 69 109
root 511 h 8 pool 347 nodes 3712 size_prunes 0 color_prunes 3712 maxdepth 11 seconds 0.0579615 root_labels 1 5 6 25 27 43 71 88
root 512 h 8 pool 347 nodes 4067 size_prunes 0 color_prunes 4067 maxdepth 11 seconds 0.0598794 root_labels 1 5 6 25 27 43 71 108
root 513 h 8 pool 346 nodes 4225 size_prunes 0 color_prunes 4225 maxdepth 11 seconds 0.0571677 root_labels 1 5 6 25 27 44 67 71
root 514 h 8 pool 357 nodes 4835 size_prunes 0 color_prunes 4835 maxdepth 12 seconds 0.0910291 root_labels 1 5 6 25 27 46 58 80
root 515 h 8 pool 354 nodes 4515 size_prunes 0 color_prunes 4515 maxdepth 12 seconds 0.0819951 root_labels 1 5 6 25 27 46 65 72
root 516 h 8 pool 356 nodes 4935 size_prunes 0 color_prunes 4935 maxdepth 12 seconds 0.104041 root_labels 1 5 6 25 27 46 65 111
root 517 h 8 pool 360 nodes 5434 size_prunes 0 color_prunes 5434 maxdepth 12 seconds 0.108692 root_labels 1 5 6 25 27 46 68 72
root 518 h 8 pool 352 nodes 4367 size_prunes 0 color_prunes 4367 maxdepth 11 seconds 0.07976 root_labels 1 5 6 25 27 46 72 85
root 519 h 8 pool 358 nodes 5261 size_prunes 0 color_prunes 5261 maxdepth 12 seconds 0.105735 root_labels 1 5 6 25 27 46 72 89
root 520 h 8 pool 353 nodes 4269 size_prunes 0 color_prunes 4269 maxdepth 12 seconds 0.077252 root_labels 1 5 6 25 27 46 80 111
root 521 h 8 pool 344 nodes 4214 size_prunes 0 color_prunes 4214 maxdepth 11 seconds 0.0530573 root_labels 1 5 6 25 27 48 56 86
root 522 h 8 pool 351 nodes 3945 size_prunes 0 color_prunes 3945 maxdepth 12 seconds 0.0677345 root_labels 1 5 6 25 27 48 63 71
root 523 h 8 pool 350 nodes 3875 size_prunes 0 color_prunes 3875 maxdepth 11 seconds 0.0669923 root_labels 1 5 6 25 27 48 63 72
root 524 h 8 pool 351 nodes 4197 size_prunes 0 color_prunes 4197 maxdepth 11 seconds 0.074362 root_labels 1 5 6 25 27 48 63 111
root 525 h 8 pool 352 nodes 4316 size_prunes 0 color_prunes 4316 maxdepth 11 seconds 0.0754651 root_labels 1 5 6 25 27 48 63 114
root 526 h 8 pool 351 nodes 4200 size_prunes 0 color_prunes 4200 maxdepth 11 seconds 0.0741131 root_labels 1 5 6 25 27 48 67 71
root 527 h 8 pool 352 nodes 4442 size_prunes 0 color_prunes 4442 maxdepth 11 seconds 0.0815595 root_labels 1 5 6 25 27 48 67 111
root 528 h 8 pool 349 nodes 4069 size_prunes 0 color_prunes 4069 maxdepth 11 seconds 0.0700021 root_labels 1 5 6 25 27 48 67 114
root 529 h 8 pool 348 nodes 4091 size_prunes 0 color_prunes 4091 maxdepth 11 seconds 0.0658735 root_labels 1 5 6 25 27 48 69 71
root 530 h 8 pool 347 nodes 4243 size_prunes 0 color_prunes 4243 maxdepth 11 seconds 0.0694154 root_labels 1 5 6 25 27 48 69 72
root 531 h 8 pool 350 nodes 4312 size_prunes 0 color_prunes 4312 maxdepth 11 seconds 0.0767689 root_labels 1 5 6 25 27 48 69 111
root 532 h 8 pool 352 nodes 4325 size_prunes 0 color_prunes 4325 maxdepth 11 seconds 0.0787898 root_labels 1 5 6 25 27 48 69 114
root 533 h 8 pool 349 nodes 3982 size_prunes 0 color_prunes 3982 maxdepth 11 seconds 0.0676912 root_labels 1 5 6 25 27 48 71 85
root 534 h 8 pool 349 nodes 4127 size_prunes 0 color_prunes 4127 maxdepth 11 seconds 0.0659297 root_labels 1 5 6 25 27 48 71 86
root 535 h 8 pool 351 nodes 4250 size_prunes 0 color_prunes 4250 maxdepth 11 seconds 0.0720746 root_labels 1 5 6 25 27 48 72 85
root 536 h 8 pool 349 nodes 4298 size_prunes 0 color_prunes 4298 maxdepth 11 seconds 0.0700912 root_labels 1 5 6 25 27 48 72 86
root 537 h 8 pool 351 nodes 4061 size_prunes 0 color_prunes 4061 maxdepth 11 seconds 0.0707384 root_labels 1 5 6 25 27 48 85 111
root 538 h 8 pool 350 nodes 4220 size_prunes 0 color_prunes 4220 maxdepth 11 seconds 0.0756525 root_labels 1 5 6 25 27 48 86 111
root 539 h 8 pool 354 nodes 4362 size_prunes 0 color_prunes 4362 maxdepth 11 seconds 0.080349 root_labels 1 5 6 25 27 48 86 114
root 540 h 8 pool 347 nodes 4215 size_prunes 0 color_prunes 4215 maxdepth 11 seconds 0.0662555 root_labels 1 5 6 25 27 49 66 114
root 541 h 8 pool 347 nodes 4045 size_prunes 0 color_prunes 4045 maxdepth 11 seconds 0.0654635 root_labels 1 5 6 25 27 49 69 114
root 542 h 8 pool 347 nodes 4230 size_prunes 0 color_prunes 4230 maxdepth 11 seconds 0.062387 root_labels 1 5 6 25 27 55 57 81
root 543 h 8 pool 346 nodes 4135 size_prunes 0 color_prunes 4135 maxdepth 11 seconds 0.0637032 root_labels 1 5 6 25 27 55 57 106
root 544 h 8 pool 349 nodes 4229 size_prunes 0 color_prunes 4229 maxdepth 11 seconds 0.0669163 root_labels 1 5 6 25 27 55 57 107
root 545 h 8 pool 346 nodes 4213 size_prunes 0 color_prunes 4213 maxdepth 11 seconds 0.0622604 root_labels 1 5 6 25 27 55 58 81
root 546 h 8 pool 347 nodes 4211 size_prunes 0 color_prunes 4211 maxdepth 11 seconds 0.0667476 root_labels 1 5 6 25 27 55 58 107
root 547 h 8 pool 340 nodes 3547 size_prunes 0 color_prunes 3547 maxdepth 11 seconds 0.0391138 root_labels 1 5 6 25 27 55 71 86
root 548 h 8 pool 341 nodes 4087 size_prunes 0 color_prunes 4087 maxdepth 11 seconds 0.0476095 root_labels 1 5 6 25 27 55 71 87
root 549 h 8 pool 351 nodes 4240 size_prunes 0 color_prunes 4240 maxdepth 11 seconds 0.0659766 root_labels 1 5 6 25 27 55 71 107
root 550 h 8 pool 347 nodes 4100 size_prunes 0 color_prunes 4100 maxdepth 11 seconds 0.0621093 root_labels 1 5 6 25 27 55 81 83
root 551 h 8 pool 345 nodes 4211 size_prunes 0 color_prunes 4211 maxdepth 11 seconds 0.0619858 root_labels 1 5 6 25 27 55 81 84
root 552 h 8 pool 350 nodes 4253 size_prunes 0 color_prunes 4253 maxdepth 11 seconds 0.071625 root_labels 1 5 6 25 27 56 58 80
root 553 h 8 pool 357 nodes 4836 size_prunes 0 color_prunes 4836 maxdepth 12 seconds 0.0925339 root_labels 1 5 6 25 27 56 58 83
root 554 h 8 pool 352 nodes 4379 size_prunes 0 color_prunes 4379 maxdepth 11 seconds 0.0794827 root_labels 1 5 6 25 27 56 58 109
root 555 h 8 pool 347 nodes 3960 size_prunes 0 color_prunes 3960 maxdepth 11 seconds 0.0666814 root_labels 1 5 6 25 27 56 59 80
root 556 h 8 pool 349 nodes 4280 size_prunes 0 color_prunes 4280 maxdepth 11 seconds 0.0694447 root_labels 1 5 6 25 27 56 59 82
root 557 h 8 pool 349 nodes 4085 size_prunes 0 color_prunes 4085 maxdepth 11 seconds 0.0659206 root_labels 1 5 6 25 27 56 59 109
root 558 h 8 pool 348 nodes 4260 size_prunes 0 color_prunes 4260 maxdepth 11 seconds 0.0689301 root_labels 1 5 6 25 27 56 80 82
root 559 h 8 pool 351 nodes 4254 size_prunes 0 color_prunes 4254 maxdepth 11 seconds 0.0719008 root_labels 1 5 6 25 27 56 80 83
root 560 h 8 pool 351 nodes 4237 size_prunes 0 color_prunes 4237 maxdepth 11 seconds 0.0724166 root_labels 1 5 6 25 27 57 59 82
root 561 h 8 pool 354 nodes 4699 size_prunes 0 color_prunes 4699 maxdepth 12 seconds 0.0902068 root_labels 1 5 6 25 27 57 59 84
root 562 h 8 pool 351 nodes 4320 size_prunes 0 color_prunes 4320 maxdepth 11 seconds 0.0749988 root_labels 1 5 6 25 27 57 81 107
root 563 h 8 pool 346 nodes 3957 size_prunes 0 color_prunes 3957 maxdepth 11 seconds 0.0549409 root_labels 1 5 6 25 27 57 82 85
root 564 h 8 pool 355 nodes 4452 size_prunes 0 color_prunes 4452 maxdepth 12 seconds 0.0812062 root_labels 1 5 6 25 27 59 72 84
root 565 h 8 pool 345 nodes 3799 size_prunes 0 color_prunes 3799 maxdepth 11 seconds 0.0544451 root_labels 1 5 6 25 27 59 72 87
root 566 h 8 pool 355 nodes 4273 size_prunes 0 color_prunes 4273 maxdepth 11 seconds 0.0763444 root_labels 1 5 6 25 27 59 72 106
root 567 h 8 pool 349 nodes 4149 size_prunes 0 color_prunes 4149 maxdepth 11 seconds 0.0713612 root_labels 1 5 6 25 27 59 82 84
root 568 h 8 pool 355 nodes 4477 size_prunes 0 color_prunes 4477 maxdepth 12 seconds 0.0817216 root_labels 1 5 6 25 27 63 71 89
root 569 h 8 pool 350 nodes 4202 size_prunes 0 color_prunes 4202 maxdepth 11 seconds 0.0692533 root_labels 1 5 6 25 27 63 71 107
root 570 h 8 pool 354 nodes 4248 size_prunes 0 color_prunes 4248 maxdepth 12 seconds 0.083356 root_labels 1 5 6 25 27 63 72 89
root 571 h 8 pool 350 nodes 4109 size_prunes 0 color_prunes 4109 maxdepth 11 seconds 0.0690284 root_labels 1 5 6 25 27 63 72 107
root 572 h 8 pool 354 nodes 4455 size_prunes 0 color_prunes 4455 maxdepth 12 seconds 0.0764356 root_labels 1 5 6 25 27 63 84 114
root 573 h 8 pool 354 nodes 4502 size_prunes 0 color_prunes 4502 maxdepth 12 seconds 0.0790348 root_labels 1 5 6 25 27 63 88 111
root 574 h 8 pool 359 nodes 4853 size_prunes 0 color_prunes 4853 maxdepth 12 seconds 0.0950268 root_labels 1 5 6 25 27 63 88 114
root 575 h 8 pool 355 nodes 4640 size_prunes 0 color_prunes 4640 maxdepth 12 seconds 0.0822907 root_labels 1 5 6 25 27 63 89 111
root 576 h 8 pool 356 nodes 4449 size_prunes 0 color_prunes 4449 maxdepth 12 seconds 0.0817626 root_labels 1 5 6 25 27 63 89 114
root 577 h 8 pool 353 nodes 4349 size_prunes 0 color_prunes 4349 maxdepth 11 seconds 0.0758098 root_labels 1 5 6 25 27 63 107 111
root 578 h 8 pool 346 nodes 4333 size_prunes 0 color_prunes 4333 maxdepth 11 seconds 0.0596044 root_labels 1 5 6 25 27 63 111 114
root 579 h 8 pool 354 nodes 4454 size_prunes 0 color_prunes 4454 maxdepth 12 seconds 0.0803799 root_labels 1 5 6 25 27 65 72 106
root 580 h 8 pool 345 nodes 4094 size_prunes 0 color_prunes 4094 maxdepth 11 seconds 0.0566097 root_labels 1 5 6 25 27 65 81 111
root 581 h 8 pool 354 nodes 4304 size_prunes 0 color_prunes 4304 maxdepth 12 seconds 0.0799118 root_labels 1 5 6 25 27 65 81 114
root 582 h 8 pool 350 nodes 4124 size_prunes 0 color_prunes 4124 maxdepth 11 seconds 0.0651321 root_labels 1 5 6 25 27 65 82 114
root 583 h 8 pool 343 nodes 3978 size_prunes 0 color_prunes 3978 maxdepth 11 seconds 0.0506706 root_labels 1 5 6 25 27 65 111 114
root 584 h 8 pool 350 nodes 4107 size_prunes 0 color_prunes 4107 maxdepth 11 seconds 0.0659742 root_labels 1 5 6 25 27 66 81 111
root 585 h 8 pool 350 nodes 4134 size_prunes 0 color_prunes 4134 maxdepth 11 seconds 0.0658315 root_labels 1 5 6 25 27 66 81 114
root 586 h 8 pool 348 nodes 4099 size_prunes 0 color_prunes 4099 maxdepth 11 seconds 0.060263 root_labels 1 5 6 25 27 67 71 80
root 587 h 8 pool 350 nodes 4074 size_prunes 0 color_prunes 4074 maxdepth 11 seconds 0.0709447 root_labels 1 5 6 25 27 67 71 107
root 588 h 8 pool 349 nodes 4011 size_prunes 0 color_prunes 4011 maxdepth 11 seconds 0.0641804 root_labels 1 5 6 25 27 67 80 111
root 589 h 8 pool 359 nodes 5089 size_prunes 0 color_prunes 5089 maxdepth 12 seconds 0.099333 root_labels 1 5 6 25 27 67 105 114
root 590 h 8 pool 352 nodes 4405 size_prunes 0 color_prunes 4405 maxdepth 11 seconds 0.0817125 root_labels 1 5 6 25 27 67 107 111
root 591 h 8 pool 344 nodes 4126 size_prunes 0 color_prunes 4126 maxdepth 11 seconds 0.0516349 root_labels 1 5 6 25 27 67 111 114
root 592 h 8 pool 361 nodes 5588 size_prunes 0 color_prunes 5588 maxdepth 12 seconds 0.110802 root_labels 1 5 6 25 27 68 72 109
root 593 h 8 pool 350 nodes 4106 size_prunes 0 color_prunes 4106 maxdepth 11 seconds 0.0656685 root_labels 1 5 6 25 27 68 83 111
root 594 h 8 pool 352 nodes 4379 size_prunes 0 color_prunes 4379 maxdepth 11 seconds 0.0797329 root_labels 1 5 6 25 27 68 107 111
root 595 h 8 pool 346 nodes 4145 size_prunes 0 color_prunes 4145 maxdepth 11 seconds 0.0562233 root_labels 1 5 6 25 27 68 111 114
root 596 h 8 pool 353 nodes 4541 size_prunes 0 color_prunes 4541 maxdepth 12 seconds 0.0874601 root_labels 1 5 6 25 27 69 72 109
root 597 h 8 pool 348 nodes 3807 size_prunes 0 color_prunes 3807 maxdepth 11 seconds 0.0590159 root_labels 1 5 6 25 27 69 82 114
root 598 h 8 pool 346 nodes 3998 size_prunes 0 color_prunes 3998 maxdepth 11 seconds 0.0553918 root_labels 1 5 6 25 27 69 111 114
root 599 h 8 pool 347 nodes 3880 size_prunes 0 color_prunes 3880 maxdepth 11 seconds 0.0579283 root_labels 1 5 6 25 27 71 80 87
root 600 h 8 pool 346 nodes 3683 size_prunes 0 color_prunes 3683 maxdepth 11 seconds 0.0565196 root_labels 1 5 6 25 27 71 80 88
root 601 h 8 pool 347 nodes 4198 size_prunes 0 color_prunes 4198 maxdepth 11 seconds 0.0695302 root_labels 1 5 6 25 27 71 85 107
root 602 h 8 pool 348 nodes 4123 size_prunes 0 color_prunes 4123 maxdepth 11 seconds 0.0688229 root_labels 1 5 6 25 27 71 87 107
root 603 h 8 pool 351 nodes 4294 size_prunes 0 color_prunes 4294 maxdepth 11 seconds 0.0745203 root_labels 1 5 6 25 27 72 84 86
root 604 h 8 pool 352 nodes 4339 size_prunes 0 color_prunes 4339 maxdepth 11 seconds 0.0790433 root_labels 1 5 6 25 27 72 85 106
root 605 h 8 pool 349 nodes 4169 size_prunes 0 color_prunes 4169 maxdepth 11 seconds 0.0736148 root_labels 1 5 6 25 27 72 85 107
root 606 h 8 pool 347 nodes 4224 size_prunes 0 color_prunes 4224 maxdepth 11 seconds 0.066704 root_labels 1 5 6 25 27 72 87 107
root 607 h 8 pool 358 nodes 5105 size_prunes 0 color_prunes 5105 maxdepth 12 seconds 0.103464 root_labels 1 5 6 25 27 72 89 109
root 608 h 8 pool 347 nodes 3794 size_prunes 0 color_prunes 3794 maxdepth 11 seconds 0.0585745 root_labels 1 5 6 25 27 80 87 111
root 609 h 8 pool 351 nodes 4374 size_prunes 0 color_prunes 4374 maxdepth 11 seconds 0.075407 root_labels 1 5 6 25 27 80 109 111
root 610 h 8 pool 346 nodes 4139 size_prunes 0 color_prunes 4139 maxdepth 11 seconds 0.0567837 root_labels 1 5 6 25 27 81 85 111
root 611 h 8 pool 345 nodes 3835 size_prunes 0 color_prunes 3835 maxdepth 11 seconds 0.0545179 root_labels 1 5 6 25 27 81 88 114
root 612 h 8 pool 352 nodes 4362 size_prunes 0 color_prunes 4362 maxdepth 11 seconds 0.0755905 root_labels 1 5 6 25 27 81 107 111
root 613 h 8 pool 348 nodes 4239 size_prunes 0 color_prunes 4239 maxdepth 11 seconds 0.0658319 root_labels 1 5 6 25 27 82 85 114
root 614 h 8 pool 348 nodes 3874 size_prunes 0 color_prunes 3874 maxdepth 11 seconds 0.0593429 root_labels 1 5 6 25 27 82 86 114
root 615 h 8 pool 353 nodes 4340 size_prunes 0 color_prunes 4340 maxdepth 12 seconds 0.0759598 root_labels 1 5 6 25 27 82 105 114
root 616 h 8 pool 349 nodes 3915 size_prunes 0 color_prunes 3915 maxdepth 11 seconds 0.0641674 root_labels 1 5 6 25 27 83 87 111
root 617 h 8 pool 352 nodes 4138 size_prunes 0 color_prunes 4138 maxdepth 11 seconds 0.0741121 root_labels 1 5 6 25 27 83 89 111
root 618 h 8 pool 345 nodes 3851 size_prunes 0 color_prunes 3851 maxdepth 11 seconds 0.0545151 root_labels 1 5 6 25 27 84 85 114
root 619 h 8 pool 350 nodes 4218 size_prunes 0 color_prunes 4218 maxdepth 11 seconds 0.0719367 root_labels 1 5 6 25 27 85 107 111
root 620 h 8 pool 354 nodes 4498 size_prunes 0 color_prunes 4498 maxdepth 12 seconds 0.0814556 root_labels 1 5 6 25 27 87 107 111
root 621 h 8 pool 358 nodes 5136 size_prunes 0 color_prunes 5136 maxdepth 12 seconds 0.0996388 root_labels 1 5 6 25 27 88 105 114
root 622 h 8 pool 340 nodes 3547 size_prunes 0 color_prunes 3547 maxdepth 11 seconds 0.0392762 root_labels 1 5 6 25 31 39 63 107
root 623 h 8 pool 345 nodes 4234 size_prunes 0 color_prunes 4234 maxdepth 11 seconds 0.0575684 root_labels 1 5 6 25 31 39 65 108
root 624 h 8 pool 345 nodes 4196 size_prunes 0 color_prunes 4196 maxdepth 11 seconds 0.0592907 root_labels 1 5 6 25 31 39 71 107
root 625 h 8 pool 345 nodes 4146 size_prunes 0 color_prunes 4146 maxdepth 11 seconds 0.056482 root_labels 1 5 6 25 31 39 71 108
root 626 h 8 pool 351 nodes 4314 size_prunes 0 color_prunes 4314 maxdepth 11 seconds 0.0707969 root_labels 1 5 6 25 31 44 63 89
root 627 h 8 pool 356 nodes 4408 size_prunes 0 color_prunes 4408 maxdepth 12 seconds 0.0813435 root_labels 1 5 6 25 31 44 63 107
root 628 h 8 pool 354 nodes 4458 size_prunes 0 color_prunes 4458 maxdepth 12 seconds 0.0823506 root_labels 1 5 6 25 31 44 67 107
root 629 h 8 pool 349 nodes 4184 size_prunes 0 color_prunes 4184 maxdepth 11 seconds 0.0659904 root_labels 1 5 6 25 31 44 71 107
root 630 h 8 pool 354 nodes 4560 size_prunes 0 color_prunes 4560 maxdepth 12 seconds 0.0787024 root_labels 1 5 6 25 31 53 67 107
root 631 h 8 pool 353 nodes 4596 size_prunes 0 color_prunes 4596 maxdepth 11 seconds 0.0802831 root_labels 1 5 6 25 31 53 85 107
root 632 h 8 pool 345 nodes 4242 size_prunes 0 color_prunes 4242 maxdepth 11 seconds 0.0594412 root_labels 1 5 6 25 31 59 67 111
root 633 h 8 pool 351 nodes 4285 size_prunes 0 color_prunes 4285 maxdepth 11 seconds 0.0701947 root_labels 1 5 6 25 31 63 89 111
root 634 h 8 pool 351 nodes 4134 size_prunes 0 color_prunes 4134 maxdepth 11 seconds 0.0698784 root_labels 1 5 6 25 31 69 97 116
root 635 h 8 pool 353 nodes 4444 size_prunes 0 color_prunes 4444 maxdepth 11 seconds 0.0753561 root_labels 1 5 6 25 32 43 65 77
root 636 h 8 pool 350 nodes 4058 size_prunes 0 color_prunes 4058 maxdepth 11 seconds 0.0668893 root_labels 1 5 6 25 32 43 65 96
root 637 h 8 pool 351 nodes 4383 size_prunes 0 color_prunes 4383 maxdepth 11 seconds 0.0720474 root_labels 1 5 6 25 32 43 69 77
root 638 h 8 pool 348 nodes 4301 size_prunes 0 color_prunes 4301 maxdepth 11 seconds 0.0621149 root_labels 1 5 6 25 32 43 69 109
root 639 h 8 pool 352 nodes 4278 size_prunes 0 color_prunes 4278 maxdepth 12 seconds 0.0751454 root_labels 1 5 6 25 32 43 72 109
root 640 h 8 pool 348 nodes 4080 size_prunes 0 color_prunes 4080 maxdepth 11 seconds 0.0649536 root_labels 1 5 6 25 32 43 83 96
root 641 h 8 pool 348 nodes 4094 size_prunes 0 color_prunes 4094 maxdepth 11 seconds 0.0649575 root_labels 1 5 6 25 32 46 80 89
root 642 h 8 pool 354 nodes 4502 size_prunes 0 color_prunes 4502 maxdepth 11 seconds 0.0805423 root_labels 1 5 6 25 32 51 55 107
root 643 h 8 pool 348 nodes 4235 size_prunes 0 color_prunes 4235 maxdepth 11 seconds 0.0660057 root_labels 1 5 6 25 32 51 69 82
root 644 h 8 pool 349 nodes 4148 size_prunes 0 color_prunes 4148 maxdepth 11 seconds 0.0661063 root_labels 1 5 6 25 32 51 69 109
root 645 h 8 pool 357 nodes 4513 size_prunes 0 color_prunes 4513 maxdepth 12 seconds 0.0862599 root_labels 1 5 6 25 32 51 80 96
root 646 h 8 pool 350 nodes 4192 size_prunes 0 color_prunes 4192 maxdepth 11 seconds 0.0715643 root_labels 1 5 6 25 32 53 55 107
root 647 h 8 pool 348 nodes 3975 size_prunes 0 color_prunes 3975 maxdepth 11 seconds 0.0599803 root_labels 1 5 6 25 32 55 72 107
root 648 h 8 pool 351 nodes 4071 size_prunes 0 color_prunes 4071 maxdepth 11 seconds 0.0709128 root_labels 1 5 6 25 32 55 77 107
root 649 h 8 pool 344 nodes 3578 size_prunes 0 color_prunes 3578 maxdepth 11 seconds 0.0481603 root_labels 1 5 6 25 32 56 65 76
root 650 h 8 pool 344 nodes 4053 size_prunes 0 color_prunes 4053 maxdepth 11 seconds 0.0515689 root_labels 1 5 6 25 32 56 65 77
root 651 h 8 pool 345 nodes 4220 size_prunes 0 color_prunes 4220 maxdepth 11 seconds 0.0573021 root_labels 1 5 6 25 32 56 65 82
root 652 h 8 pool 355 nodes 4589 size_prunes 0 color_prunes 4589 maxdepth 12 seconds 0.0856875 root_labels 1 5 6 25 32 68 72 109
root 653 h 8 pool 352 nodes 4266 size_prunes 0 color_prunes 4266 maxdepth 11 seconds 0.0790728 root_labels 1 5 6 25 32 76 80 107
root 654 h 8 pool 345 nodes 3884 size_prunes 0 color_prunes 3884 maxdepth 11 seconds 0.0551301 root_labels 1 5 6 25 32 80 89 96
root 655 h 8 pool 352 nodes 4299 size_prunes 0 color_prunes 4299 maxdepth 11 seconds 0.0745752 root_labels 1 5 6 25 33 37 66 98
root 656 h 8 pool 346 nodes 4236 size_prunes 0 color_prunes 4236 maxdepth 11 seconds 0.0570506 root_labels 1 5 6 25 33 37 66 114
root 657 h 8 pool 346 nodes 4233 size_prunes 0 color_prunes 4233 maxdepth 11 seconds 0.0573928 root_labels 1 5 6 25 33 37 67 114
root 658 h 8 pool 353 nodes 4440 size_prunes 0 color_prunes 4440 maxdepth 11 seconds 0.0785656 root_labels 1 5 6 25 33 46 53 57
root 659 h 8 pool 345 nodes 4246 size_prunes 0 color_prunes 4246 maxdepth 11 seconds 0.0572834 root_labels 1 5 6 25 33 46 64 113
root 660 h 8 pool 345 nodes 4095 size_prunes 0 color_prunes 4095 maxdepth 11 seconds 0.0567998 root_labels 1 5 6 25 33 46 80 113
root 661 h 8 pool 346 nodes 4001 size_prunes 0 color_prunes 4001 maxdepth 11 seconds 0.0598399 root_labels 1 5 6 25 33 64 68 83
root 662 h 8 pool 347 nodes 4280 size_prunes 0 color_prunes 4280 maxdepth 11 seconds 0.0615957 root_labels 1 5 6 25 33 64 83 87
root 663 h 8 pool 347 nodes 4071 size_prunes 0 color_prunes 4071 maxdepth 11 seconds 0.0600705 root_labels 1 5 6 25 33 64 87 113
root 664 h 8 pool 346 nodes 4200 size_prunes 0 color_prunes 4200 maxdepth 11 seconds 0.0571734 root_labels 1 5 6 25 33 64 87 114
root 665 h 8 pool 345 nodes 3828 size_prunes 0 color_prunes 3828 maxdepth 11 seconds 0.0532764 root_labels 1 5 6 25 33 66 80 98
root 666 h 8 pool 349 nodes 4325 size_prunes 0 color_prunes 4325 maxdepth 11 seconds 0.0727654 root_labels 1 5 6 25 34 51 55 83
root 667 h 8 pool 345 nodes 4224 size_prunes 0 color_prunes 4224 maxdepth 11 seconds 0.0573196 root_labels 1 5 6 25 34 51 55 117
root 668 h 8 pool 352 nodes 4340 size_prunes 0 color_prunes 4340 maxdepth 11 seconds 0.103754 root_labels 1 5 6 25 34 51 81 109
root 669 h 8 pool 351 nodes 4177 size_prunes 0 color_prunes 4177 maxdepth 11 seconds 0.0871508 root_labels 1 5 6 25 34 53 81 109
root 670 h 8 pool 354 nodes 4457 size_prunes 0 color_prunes 4457 maxdepth 12 seconds 0.0813202 root_labels 1 5 6 25 34 56 76 109
root 671 h 8 pool 355 nodes 4482 size_prunes 0 color_prunes 4482 maxdepth 12 seconds 0.081764 root_labels 1 5 6 25 34 61 65 81
root 672 h 8 pool 350 nodes 4376 size_prunes 0 color_prunes 4376 maxdepth 11 seconds 0.0718583 root_labels 1 5 6 25 37 51 63 83
root 673 h 8 pool 345 nodes 3932 size_prunes 0 color_prunes 3932 maxdepth 11 seconds 0.0554039 root_labels 1 5 6 25 37 51 64 83
root 674 h 8 pool 346 nodes 3835 size_prunes 0 color_prunes 3835 maxdepth 11 seconds 0.0556377 root_labels 1 5 6 25 37 51 83 91
root 675 h 8 pool 355 nodes 4514 size_prunes 0 color_prunes 4514 maxdepth 12 seconds 0.0821157 root_labels 1 5 6 25 37 58 89 114
root 676 h 8 pool 350 nodes 4108 size_prunes 0 color_prunes 4108 maxdepth 11 seconds 0.065474 root_labels 1 5 6 25 37 64 77 109
root 677 h 8 pool 345 nodes 4097 size_prunes 0 color_prunes 4097 maxdepth 11 seconds 0.0565264 root_labels 1 5 6 25 38 53 94 109
root 678 h 8 pool 351 nodes 4311 size_prunes 0 color_prunes 4311 maxdepth 11 seconds 0.0695988 root_labels 1 5 6 25 38 64 77 109
root 679 h 8 pool 352 nodes 4241 size_prunes 0 color_prunes 4241 maxdepth 11 seconds 0.0704391 root_labels 1 5 7 25 27 31 33 41
root 680 h 8 pool 350 nodes 4193 size_prunes 0 color_prunes 4193 maxdepth 11 seconds 0.0697483 root_labels 1 5 7 25 27 31 33 42
root 681 h 8 pool 346 nodes 4097 size_prunes 0 color_prunes 4097 maxdepth 11 seconds 0.0605717 root_labels 1 5 7 25 27 31 40 42
root 682 h 8 pool 352 nodes 4549 size_prunes 0 color_prunes 4549 maxdepth 11 seconds 0.0719482 root_labels 1 5 7 25 27 31 40 106
root 683 h 8 pool 347 nodes 4045 size_prunes 0 color_prunes 4045 maxdepth 11 seconds 0.0598405 root_labels 1 5 7 25 27 33 41 43
root 684 h 8 pool 340 nodes 4211 size_prunes 0 color_prunes 4211 maxdepth 11 seconds 0.0427309 root_labels 1 5 7 25 27 33 42 66
root 685 h 8 pool 347 nodes 4147 size_prunes 0 color_prunes 4147 maxdepth 11 seconds 0.0614738 root_labels 1 5 7 25 27 35 37 46
root 686 h 8 pool 345 nodes 3828 size_prunes 0 color_prunes 3828 maxdepth 11 seconds 0.0577572 root_labels 1 5 7 25 27 35 41 43
root 687 h 8 pool 345 nodes 4193 size_prunes 0 color_prunes 4193 maxdepth 11 seconds 0.0566801 root_labels 1 5 7 25 27 35 69 109
root 688 h 8 pool 340 nodes 4226 size_prunes 0 color_prunes 4226 maxdepth 11 seconds 0.0427051 root_labels 1 5 7 25 27 35 71 111
root 689 h 8 pool 346 nodes 4267 size_prunes 0 color_prunes 4267 maxdepth 11 seconds 0.0578758 root_labels 1 5 7 25 27 38 44 93
root 690 h 8 pool 342 nodes 4229 size_prunes 0 color_prunes 4229 maxdepth 11 seconds 0.0482453 root_labels 1 5 7 25 27 38 93 106
root 691 h 8 pool 349 nodes 4150 size_prunes 0 color_prunes 4150 maxdepth 11 seconds 0.0652698 root_labels 1 5 7 25 27 40 49 94
root 692 h 8 pool 349 nodes 4192 size_prunes 0 color_prunes 4192 maxdepth 11 seconds 0.0654884 root_labels 1 5 7 25 27 40 94 106
root 693 h 8 pool 349 nodes 4242 size_prunes 0 color_prunes 4242 maxdepth 11 seconds 0.0656033 root_labels 1 5 7 25 27 43 46 93
root 694 h 8 pool 344 nodes 4234 size_prunes 0 color_prunes 4234 maxdepth 11 seconds 0.0568874 root_labels 1 5 7 25 27 43 67 71
root 695 h 8 pool 346 nodes 4186 size_prunes 0 color_prunes 4186 maxdepth 11 seconds 0.058227 root_labels 1 5 7 25 27 43 71 88
root 696 h 8 pool 344 nodes 3903 size_prunes 0 color_prunes 3903 maxdepth 11 seconds 0.0513536 root_labels 1 5 7 25 27 44 65 93
root 697 h 8 pool 343 nodes 4049 size_prunes 0 color_prunes 4049 maxdepth 11 seconds 0.0514517 root_labels 1 5 7 25 27 44 65 94
root 698 h 8 pool 343 nodes 4221 size_prunes 0 color_prunes 4221 maxdepth 11 seconds 0.0505114 root_labels 1 5 7 25 27 61 71 111
root 699 h 8 pool 342 nodes 4220 size_prunes 0 color_prunes 4220 maxdepth 11 seconds 0.0507739 root_labels 1 5 7 25 27 62 71 111
root 700 h 8 pool 342 nodes 4212 size_prunes 0 color_prunes 4212 maxdepth 11 seconds 0.0476556 root_labels 1 5 7 25 27 67 71 111
root 701 h 8 pool 345 nodes 4053 size_prunes 0 color_prunes 4053 maxdepth 11 seconds 0.0540357 root_labels 1 5 7 25 31 81 85 97
root 702 h 7 pool 401 nodes 246024 size_prunes 0 color_prunes 246024 maxdepth 12 seconds 3.28667 root_labels 1 5 6 25 26 30 31
root 703 h 7 pool 395 nodes 117666 size_prunes 0 color_prunes 117666 maxdepth 12 seconds 1.6317 root_labels 1 5 6 25 26 30 32
root 704 h 7 pool 394 nodes 90574 size_prunes 0 color_prunes 90574 maxdepth 12 seconds 1.30496 root_labels 1 5 6 25 26 30 33
root 705 h 7 pool 396 nodes 118661 size_prunes 0 color_prunes 118661 maxdepth 12 seconds 1.6789 root_labels 1 5 6 25 26 30 34
root 706 h 7 pool 393 nodes 76958 size_prunes 0 color_prunes 76958 maxdepth 12 seconds 1.11225 root_labels 1 5 6 25 26 30 37
root 707 h 7 pool 388 nodes 47061 size_prunes 0 color_prunes 47061 maxdepth 12 seconds 0.709975 root_labels 1 5 6 25 26 30 38
root 708 h 7 pool 392 nodes 67570 size_prunes 0 color_prunes 67570 maxdepth 12 seconds 1.0079 root_labels 1 5 6 25 26 30 44
root 709 h 7 pool 397 nodes 130144 size_prunes 0 color_prunes 130144 maxdepth 12 seconds 1.83977 root_labels 1 5 6 25 26 30 49
root 710 h 7 pool 402 nodes 273213 size_prunes 0 color_prunes 273213 maxdepth 12 seconds 3.63132 root_labels 1 5 6 25 26 31 32
root 711 h 7 pool 394 nodes 92048 size_prunes 0 color_prunes 92048 maxdepth 12 seconds 1.34347 root_labels 1 5 6 25 26 31 33
root 712 h 7 pool 394 nodes 93566 size_prunes 0 color_prunes 93566 maxdepth 12 seconds 1.34699 root_labels 1 5 6 25 26 31 34
root 713 h 7 pool 393 nodes 89526 size_prunes 0 color_prunes 89526 maxdepth 12 seconds 1.29615 root_labels 1 5 6 25 26 31 35
root 714 h 7 pool 395 nodes 103853 size_prunes 0 color_prunes 103853 maxdepth 12 seconds 1.49752 root_labels 1 5 6 25 26 31 38
root 715 h 7 pool 391 nodes 66352 size_prunes 0 color_prunes 66352 maxdepth 12 seconds 0.981959 root_labels 1 5 6 25 26 31 39
root 716 h 7 pool 393 nodes 91944 size_prunes 0 color_prunes 91944 maxdepth 12 seconds 1.32529 root_labels 1 5 6 25 26 31 40
root 717 h 7 pool 394 nodes 81173 size_prunes 0 color_prunes 81173 maxdepth 12 seconds 1.19267 root_labels 1 5 6 25 26 31 42
root 718 h 7 pool 397 nodes 119990 size_prunes 0 color_prunes 119990 maxdepth 12 seconds 1.71217 root_labels 1 5 6 25 26 31 44
root 719 h 7 pool 395 nodes 89010 size_prunes 0 color_prunes 89010 maxdepth 12 seconds 1.29819 root_labels 1 5 6 25 26 31 47
root 720 h 7 pool 393 nodes 76919 size_prunes 0 color_prunes 76919 maxdepth 12 seconds 1.12959 root_labels 1 5 6 25 26 31 48
root 721 h 7 pool 396 nodes 116187 size_prunes 0 color_prunes 116187 maxdepth 12 seconds 1.65383 root_labels 1 5 6 25 26 31 63
root 722 h 7 pool 390 nodes 64994 size_prunes 0 color_prunes 64994 maxdepth 12 seconds 0.956269 root_labels 1 5 6 25 26 31 65
root 723 h 7 pool 394 nodes 91292 size_prunes 0 color_prunes 91292 maxdepth 12 seconds 1.31896 root_labels 1 5 6 25 26 31 69
root 724 h 7 pool 395 nodes 91346 size_prunes 0 color_prunes 91346 maxdepth 12 seconds 1.32714 root_labels 1 5 6 25 26 31 96
root 725 h 7 pool 396 nodes 116040 size_prunes 0 color_prunes 116040 maxdepth 12 seconds 1.63352 root_labels 1 5 6 25 26 32 33
root 726 h 7 pool 394 nodes 92872 size_prunes 0 color_prunes 92872 maxdepth 12 seconds 1.34046 root_labels 1 5 6 25 26 32 34
root 727 h 7 pool 387 nodes 44193 size_prunes 0 color_prunes 44193 maxdepth 12 seconds 0.67278 root_labels 1 5 6 25 26 32 35
root 728 h 7 pool 392 nodes 75084 size_prunes 0 color_prunes 75084 maxdepth 12 seconds 1.09301 root_labels 1 5 6 25 26 32 36
root 729 h 7 pool 397 nodes 138510 size_prunes 0 color_prunes 138510 maxdepth 12 seconds 1.93079 root_labels 1 5 6 25 26 32 37
root 730 h 7 pool 390 nodes 60364 size_prunes 0 color_prunes 60364 maxdepth 12 seconds 0.899336 root_labels 1 5 6 25 26 32 40
root 731 h 7 pool 388 nodes 45976 size_prunes 0 color_prunes 45976 maxdepth 12 seconds 0.709366 root_labels 1 5 6 25 26 32 42
root 732 h 7 pool 396 nodes 111994 size_prunes 0 color_prunes 111994 maxdepth 12 seconds 1.60524 root_labels 1 5 6 25 26 32 43
root 733 h 7 pool 396 nodes 123785 size_prunes 0 color_prunes 123785 maxdepth 12 seconds 1.75324 root_labels 1 5 6 25 26 32 46
root 734 h 7 pool 392 nodes 67616 size_prunes 0 color_prunes 67616 maxdepth 12 seconds 1.00104 root_labels 1 5 6 25 26 32 47
root 735 h 7 pool 398 nodes 142999 size_prunes 0 color_prunes 142999 maxdepth 12 seconds 2.02479 root_labels 1 5 6 25 26 32 49
root 736 h 7 pool 389 nodes 57059 size_prunes 0 color_prunes 57059 maxdepth 12 seconds 0.822446 root_labels 1 5 6 25 26 32 68
root 737 h 7 pool 391 nodes 63462 size_prunes 0 color_prunes 63462 maxdepth 12 seconds 0.923228 root_labels 1 5 6 25 26 32 69
root 738 h 7 pool 396 nodes 121184 size_prunes 0 color_prunes 121184 maxdepth 12 seconds 1.68771 root_labels 1 5 6 25 26 33 34
root 739 h 7 pool 387 nodes 44788 size_prunes 0 color_prunes 44788 maxdepth 12 seconds 0.676374 root_labels 1 5 6 25 26 33 37
root 740 h 7 pool 389 nodes 50593 size_prunes 0 color_prunes 50593 maxdepth 12 seconds 0.772865 root_labels 1 5 6 25 26 33 38
root 741 h 7 pool 388 nodes 47079 size_prunes 0 color_prunes 47079 maxdepth 12 seconds 0.714324 root_labels 1 5 6 25 26 33 39
root 742 h 7 pool 387 nodes 39330 size_prunes 0 color_prunes 39330 maxdepth 12 seconds 0.605929 root_labels 1 5 6 25 26 33 40
root 743 h 7 pool 382 nodes 23180 size_prunes 0 color_prunes 23180 maxdepth 12 seconds 0.380633 root_labels 1 5 6 25 26 33 41
root 744 h 7 pool 386 nodes 33611 size_prunes 0 color_prunes 33611 maxdepth 12 seconds 0.526721 root_labels 1 5 6 25 26 33 43
root 745 h 7 pool 390 nodes 62501 size_prunes 0 color_prunes 62501 maxdepth 12 seconds 0.928872 root_labels 1 5 6 25 26 33 46
root 746 h 7 pool 390 nodes 52344 size_prunes 0 color_prunes 52344 maxdepth 12 seconds 0.828872 root_labels 1 5 6 25 26 33 48
root 747 h 7 pool 377 nodes 16306 size_prunes 0 color_prunes 16306 maxdepth 11 seconds 0.265611 root_labels 1 5 6 25 26 33 67
root 748 h 7 pool 390 nodes 54073 size_prunes 0 color_prunes 54073 maxdepth 12 seconds 0.815953 root_labels 1 5 6 25 26 34 35
root 749 h 7 pool 387 nodes 44711 size_prunes 0 color_prunes 44711 maxdepth 12 seconds 0.67806 root_labels 1 5 6 25 26 34 36
root 750 h 7 pool 388 nodes 46275 size_prunes 0 color_prunes 46275 maxdepth 12 seconds 0.709497 root_labels 1 5 6 25 26 34 39
root 751 h 7 pool 386 nodes 33652 size_prunes 0 color_prunes 33652 maxdepth 12 seconds 0.527061 root_labels 1 5 6 25 26 34 41
root 752 h 7 pool 383 nodes 24655 size_prunes 0 color_prunes 24655 maxdepth 12 seconds 0.403715 root_labels 1 5 6 25 26 34 43
root 753 h 7 pool 388 nodes 40601 size_prunes 0 color_prunes 40601 maxdepth 12 seconds 0.631486 root_labels 1 5 6 25 26 34 44
root 754 h 7 pool 390 nodes 52946 size_prunes 0 color_prunes 52946 maxdepth 12 seconds 0.808851 root_labels 1 5 6 25 26 34 47
root 755 h 7 pool 392 nodes 65948 size_prunes 0 color_prunes 65948 maxdepth 12 seconds 0.980046 root_labels 1 5 6 25 26 34 49
root 756 h 7 pool 383 nodes 30480 size_prunes 0 color_prunes 30480 maxdepth 12 seconds 0.459964 root_labels 1 5 6 25 26 34 61
root 757 h 7 pool 391 nodes 73284 size_prunes 0 color_prunes 73284 maxdepth 12 seconds 1.07442 root_labels 1 5 6 25 26 35 36
root 758 h 7 pool 385 nodes 34293 size_prunes 0 color_prunes 34293 maxdepth 12 seconds 0.53382 root_labels 1 5 6 25 26 35 37
root 759 h 7 pool 383 nodes 24173 size_prunes 0 color_prunes 24173 maxdepth 12 seconds 0.393938 root_labels 1 5 6 25 26 35 38
root 760 h 7 pool 388 nodes 43156 size_prunes 0 color_prunes 43156 maxdepth 12 seconds 0.674819 root_labels 1 5 6 25 26 35 39
root 761 h 7 pool 391 nodes 72302 size_prunes 0 color_prunes 72302 maxdepth 12 seconds 1.05599 root_labels 1 5 6 25 26 35 41
root 762 h 7 pool 381 nodes 19933 size_prunes 0 color_prunes 19933 maxdepth 12 seconds 0.331439 root_labels 1 5 6 25 26 35 43
root 763 h 7 pool 388 nodes 43734 size_prunes 0 color_prunes 43734 maxdepth 12 seconds 0.676973 root_labels 1 5 6 25 26 35 44
root 764 h 7 pool 393 nodes 90763 size_prunes 0 color_prunes 90763 maxdepth 12 seconds 1.30974 root_labels 1 5 6 25 26 35 46
root 765 h 7 pool 385 nodes 32056 size_prunes 0 color_prunes 32056 maxdepth 12 seconds 0.50366 root_labels 1 5 6 25 26 35 47
root 766 h 7 pool 382 nodes 23642 size_prunes 0 color_prunes 23642 maxdepth 12 seconds 0.390327 root_labels 1 5 6 25 26 35 48
root 767 h 7 pool 383 nodes 35445 size_prunes 0 color_prunes 35445 maxdepth 12 seconds 0.537713 root_labels 1 5 6 25 26 35 56
root 768 h 7 pool 384 nodes 35074 size_prunes 0 color_prunes 35074 maxdepth 12 seconds 0.537216 root_labels 1 5 6 25 26 35 61
root 769 h 7 pool 382 nodes 30677 size_prunes 0 color_prunes 30677 maxdepth 11 seconds 0.476185 root_labels 1 5 6 25 26 35 66
root 770 h 7 pool 380 nodes 22494 size_prunes 0 color_prunes 22494 maxdepth 11 seconds 0.352994 root_labels 1 5 6 25 26 35 67
root 771 h 7 pool 376 nodes 14340 size_prunes 0 color_prunes 14340 maxdepth 11 seconds 0.242038 root_labels 1 5 6 25 26 35 73
root 772 h 7 pool 378 nodes 17739 size_prunes 0 color_prunes 17739 maxdepth 11 seconds 0.311588 root_labels 1 5 6 25 26 35 81
root 773 h 7 pool 383 nodes 30402 size_prunes 0 color_prunes 30402 maxdepth 12 seconds 0.482231 root_labels 1 5 6 25 26 35 86
root 774 h 7 pool 380 nodes 22017 size_prunes 0 color_prunes 22017 maxdepth 12 seconds 0.363976 root_labels 1 5 6 25 26 35 96
root 775 h 7 pool 387 nodes 42607 size_prunes 0 color_prunes 42607 maxdepth 12 seconds 0.665534 root_labels 1 5 6 25 26 35 106
root 776 h 7 pool 383 nodes 24614 size_prunes 0 color_prunes 24614 maxdepth 12 seconds 0.408141 root_labels 1 5 6 25 26 35 107
root 777 h 7 pool 386 nodes 40110 size_prunes 0 color_prunes 40110 maxdepth 12 seconds 0.63572 root_labels 1 5 6 25 26 35 116
root 778 h 7 pool 389 nodes 50693 size_prunes 0 color_prunes 50693 maxdepth 12 seconds 0.778713 root_labels 1 5 6 25 26 35 121
root 779 h 7 pool 392 nodes 68736 size_prunes 0 color_prunes 68736 maxdepth 12 seconds 1.0219 root_labels 1 5 6 25 26 36 37
root 780 h 7 pool 384 nodes 33760 size_prunes 0 color_prunes 33760 maxdepth 12 seconds 0.517993 root_labels 1 5 6 25 26 36 38
root 781 h 7 pool 387 nodes 36880 size_prunes 0 color_prunes 36880 maxdepth 12 seconds 0.574469 root_labels 1 5 6 25 26 36 39
root 782 h 7 pool 391 nodes 72748 size_prunes 0 color_prunes 72748 maxdepth 12 seconds 1.06918 root_labels 1 5 6 25 26 36 40
root 783 h 7 pool 390 nodes 55886 size_prunes 0 color_prunes 55886 maxdepth 12 seconds 0.835178 root_labels 1 5 6 25 26 36 42
root 784 h 7 pool 387 nodes 41438 size_prunes 0 color_prunes 41438 maxdepth 12 seconds 0.635958 root_labels 1 5 6 25 26 36 43
root 785 h 7 pool 386 nodes 37610 size_prunes 0 color_prunes 37610 maxdepth 12 seconds 0.586035 root_labels 1 5 6 25 26 36 48
root 786 h 7 pool 391 nodes 64815 size_prunes 0 color_prunes 64815 maxdepth 12 seconds 0.962927 root_labels 1 5 6 25 26 36 49
root 787 h 7 pool 383 nodes 33443 size_prunes 0 color_prunes 33443 maxdepth 12 seconds 0.512256 root_labels 1 5 6 25 26 36 65
root 788 h 7 pool 383 nodes 30705 size_prunes 0 color_prunes 30705 maxdepth 12 seconds 0.471325 root_labels 1 5 6 25 26 36 73
root 789 h 7 pool 383 nodes 34832 size_prunes 0 color_prunes 34832 maxdepth 12 seconds 0.523088 root_labels 1 5 6 25 26 36 80
root 790 h 7 pool 386 nodes 42210 size_prunes 0 color_prunes 42210 maxdepth 12 seconds 0.615817 root_labels 1 5 6 25 26 36 84
root 791 h 7 pool 382 nodes 31546 size_prunes 0 color_prunes 31546 maxdepth 12 seconds 0.484765 root_labels 1 5 6 25 26 36 85
root 792 h 7 pool 392 nodes 69226 size_prunes 0 color_prunes 69226 maxdepth 12 seconds 1.02568 root_labels 1 5 6 25 26 36 106
root 793 h 7 pool 389 nodes 48485 size_prunes 0 color_prunes 48485 maxdepth 12 seconds 0.735915 root_labels 1 5 6 25 26 36 121
root 794 h 7 pool 394 nodes 88547 size_prunes 0 color_prunes 88547 maxdepth 12 seconds 1.27531 root_labels 1 5 6 25 26 37 38
root 795 h 7 pool 384 nodes 33145 size_prunes 0 color_prunes 33145 maxdepth 12 seconds 0.511421 root_labels 1 5 6 25 26 37 39
root 796 h 7 pool 388 nodes 44145 size_prunes 0 color_prunes 44145 maxdepth 12 seconds 0.678667 root_labels 1 5 6 25 26 37 41
root 797 h 7 pool 389 nodes 49981 size_prunes 0 color_prunes 49981 maxdepth 12 seconds 0.763555 root_labels 1 5 6 25 26 37 42
root 798 h 7 pool 394 nodes 89137 size_prunes 0 color_prunes 89137 maxdepth 12 seconds 1.28878 root_labels 1 5 6 25 26 37 44
root 799 h 7 pool 388 nodes 41129 size_prunes 0 color_prunes 41129 maxdepth 12 seconds 0.646142 root_labels 1 5 6 25 26 37 47
root 800 h 7 pool 389 nodes 63613 size_prunes 0 color_prunes 63613 maxdepth 12 seconds 0.919144 root_labels 1 5 6 25 26 37 57
root 801 h 7 pool 384 nodes 39660 size_prunes 0 color_prunes 39660 maxdepth 12 seconds 0.583565 root_labels 1 5 6 25 26 37 58
root 802 h 7 pool 391 nodes 74477 size_prunes 0 color_prunes 74477 maxdepth 12 seconds 1.06385 root_labels 1 5 6 25 26 37 63
root 803 h 7 pool 383 nodes 34986 size_prunes 0 color_prunes 34986 maxdepth 12 seconds 0.519054 root_labels 1 5 6 25 26 37 65
root 804 h 7 pool 386 nodes 39622 size_prunes 0 color_prunes 39622 maxdepth 12 seconds 0.603889 root_labels 1 5 6 25 26 37 83
root 805 h 7 pool 386 nodes 40139 size_prunes 0 color_prunes 40139 maxdepth 12 seconds 0.609683 root_labels 1 5 6 25 26 37 89
root 806 h 7 pool 388 nodes 49838 size_prunes 0 color_prunes 49838 maxdepth 12 seconds 0.731829 root_labels 1 5 6 25 26 37 94
root 807 h 7 pool 393 nodes 74618 size_prunes 0 color_prunes 74618 maxdepth 12 seconds 1.12061 root_labels 1 5 6 25 26 37 109
root 808 h 7 pool 387 nodes 41355 size_prunes 0 color_prunes 41355 maxdepth 12 seconds 0.639683 root_labels 1 5 6 25 26 38 39
root 809 h 7 pool 388 nodes 43073 size_prunes 0 color_prunes 43073 maxdepth 12 seconds 0.6625 root_labels 1 5 6 25 26 38 40
root 810 h 7 pool 381 nodes 19479 size_prunes 0 color_prunes 19479 maxdepth 12 seconds 0.328461 root_labels 1 5 6 25 26 38 41
root 811 h 7 pool 395 nodes 94805 size_prunes 0 color_prunes 94805 maxdepth 12 seconds 1.36181 root_labels 1 5 6 25 26 38 43
root 812 h 7 pool 383 nodes 24598 size_prunes 0 color_prunes 24598 maxdepth 12 seconds 0.399149 root_labels 1 5 6 25 26 38 47
root 813 h 7 pool 384 nodes 31747 size_prunes 0 color_prunes 31747 maxdepth 12 seconds 0.491392 root_labels 1 5 6 25 26 38 48
root 814 h 7 pool 396 nodes 113032 size_prunes 0 color_prunes 113032 maxdepth 12 seconds 1.61344 root_labels 1 5 6 25 26 38 49
root 815 h 7 pool 384 nodes 38858 size_prunes 0 color_prunes 38858 maxdepth 12 seconds 0.582534 root_labels 1 5 6 25 26 38 63
root 816 h 7 pool 381 nodes 25327 size_prunes 0 color_prunes 25327 maxdepth 12 seconds 0.388663 root_labels 1 5 6 25 26 38 68
root 817 h 7 pool 386 nodes 41090 size_prunes 0 color_prunes 41090 maxdepth 12 seconds 0.607966 root_labels 1 5 6 25 26 38 69
root 818 h 7 pool 378 nodes 20569 size_prunes 0 color_prunes 20569 maxdepth 12 seconds 0.326489 root_labels 1 5 6 25 26 38 88
root 819 h 7 pool 383 nodes 26904 size_prunes 0 color_prunes 26904 maxdepth 12 seconds 0.423739 root_labels 1 5 6 25 26 38 94
root 820 h 7 pool 381 nodes 25175 size_prunes 0 color_prunes 25175 maxdepth 12 seconds 0.39904 root_labels 1 5 6 25 26 38 96
root 821 h 7 pool 382 nodes 23789 size_prunes 0 color_prunes 23789 maxdepth 12 seconds 0.401934 root_labels 1 5 6 25 26 38 108
root 822 h 7 pool 388 nodes 46800 size_prunes 0 color_prunes 46800 maxdepth 12 seconds 0.714447 root_labels 1 5 6 25 26 38 109
root 823 h 7 pool 385 nodes 31865 size_prunes 0 color_prunes 31865 maxdepth 12 seconds 0.499154 root_labels 1 5 6 25 26 38 113
root 824 h 7 pool 390 nodes 53791 size_prunes 0 color_prunes 53791 maxdepth 12 seconds 0.816173 root_labels 1 5 6 25 26 39 40
root 825 h 7 pool 378 nodes 15316 size_prunes 0 color_prunes 15316 maxdepth 11 seconds 0.264377 root_labels 1 5 6 25 26 39 42
root 826 h 7 pool 388 nodes 47194 size_prunes 0 color_prunes 47194 maxdepth 12 seconds 0.716751 root_labels 1 5 6 25 26 39 46
root 827 h 7 pool 386 nodes 42866 size_prunes 0 color_prunes 42866 maxdepth 12 seconds 0.65748 root_labels 1 5 6 25 26 39 49
root 828 h 7 pool 380 nodes 20649 size_prunes 0 color_prunes 20649 maxdepth 12 seconds 0.33839 root_labels 1 5 6 25 26 39 61
root 829 h 7 pool 370 nodes 9043 size_prunes 0 color_prunes 9043 maxdepth 11 seconds 0.175125 root_labels 1 5 6 25 26 39 87
root 830 h 7 pool 380 nodes 21355 size_prunes 0 color_prunes 21355 maxdepth 12 seconds 0.36732 root_labels 1 5 6 25 26 39 96
root 831 h 7 pool 381 nodes 20245 size_prunes 0 color_prunes 20245 maxdepth 12 seconds 0.347521 root_labels 1 5 6 25 26 39 107
root 832 h 7 pool 382 nodes 21199 size_prunes 0 color_prunes 21199 maxdepth 12 seconds 0.358655 root_labels 1 5 6 25 26 39 108
root 833 h 7 pool 381 nodes 18620 size_prunes 0 color_prunes 18620 maxdepth 12 seconds 0.312655 root_labels 1 5 6 25 26 39 113
root 834 h 7 pool 388 nodes 47449 size_prunes 0 color_prunes 47449 maxdepth 12 seconds 0.736073 root_labels 1 5 6 25 26 39 121
root 835 h 7 pool 385 nodes 34507 size_prunes 0 color_prunes 34507 maxdepth 12 seconds 0.534435 root_labels 1 5 6 25 26 40 42
root 836 h 7 pool 386 nodes 36713 size_prunes 0 color_prunes 36713 maxdepth 12 seconds 0.56441 root_labels 1 5 6 25 26 40 43
root 837 h 7 pool 395 nodes 123453 size_prunes 0 color_prunes 123453 maxdepth 12 seconds 1.73528 root_labels 1 5 6 25 26 40 46
root 838 h 7 pool 389 nodes 50480 size_prunes 0 color_prunes 50480 maxdepth 12 seconds 0.762605 root_labels 1 5 6 25 26 40 47
root 839 h 7 pool 392 nodes 79192 size_prunes 0 color_prunes 79192 maxdepth 12 seconds 1.18577 root_labels 1 5 6 25 26 40 49
root 840 h 7 pool 384 nodes 38738 size_prunes 0 color_prunes 38738 maxdepth 12 seconds 0.577686 root_labels 1 5 6 25 26 40 61
root 841 h 7 pool 388 nodes 60896 size_prunes 0 color_prunes 60896 maxdepth 12 seconds 0.887782 root_labels 1 5 6 25 26 40 66
root 842 h 7 pool 381 nodes 24988 size_prunes 0 color_prunes 24988 maxdepth 12 seconds 0.388731 root_labels 1 5 6 25 26 40 68
root 843 h 7 pool 387 nodes 46975 size_prunes 0 color_prunes 46975 maxdepth 12 seconds 0.693223 root_labels 1 5 6 25 26 40 69
root 844 h 7 pool 381 nodes 24045 size_prunes 0 color_prunes 24045 maxdepth 11 seconds 0.368725 root_labels 1 5 6 25 26 40 73
root 845 h 7 pool 382 nodes 29482 size_prunes 0 color_prunes 29482 maxdepth 12 seconds 0.455225 root_labels 1 5 6 25 26 40 81
root 846 h 7 pool 387 nodes 47592 size_prunes 0 color_prunes 47592 maxdepth 12 seconds 0.720319 root_labels 1 5 6 25 26 40 86
root 847 h 7 pool 381 nodes 24856 size_prunes 0 color_prunes 24856 maxdepth 12 seconds 0.393214 root_labels 1 5 6 25 26 40 87
root 848 h 7 pool 382 nodes 28365 size_prunes 0 color_prunes 28365 maxdepth 12 seconds 0.454643 root_labels 1 5 6 25 26 40 96
root 849 h 7 pool 391 nodes 76153 size_prunes 0 color_prunes 76153 maxdepth 12 seconds 1.12118 root_labels 1 5 6 25 26 40 106
root 850 h 7 pool 389 nodes 51443 size_prunes 0 color_prunes 51443 maxdepth 12 seconds 0.794511 root_labels 1 5 6 25 26 40 116
root 851 h 7 pool 390 nodes 54135 size_prunes 0 color_prunes 54135 maxdepth 12 seconds 0.825378 root_labels 1 5 6 25 26 40 121
root 852 h 7 pool 383 nodes 24428 size_prunes 0 color_prunes 24428 maxdepth 12 seconds 0.397488 root_labels 1 5 6 25 26 41 43
root 853 h 7 pool 386 nodes 36214 size_prunes 0 color_prunes 36214 maxdepth 12 seconds 0.5607 root_labels 1 5 6 25 26 41 44
root 854 h 7 pool 390 nodes 56041 size_prunes 0 color_prunes 56041 maxdepth 12 seconds 0.839749 root_labels 1 5 6 25 26 41 47
root 855 h 7 pool 390 nodes 52964 size_prunes 0 color_prunes 52964 maxdepth 12 seconds 0.796268 root_labels 1 5 6 25 26 41 49
root 856 h 7 pool 384 nodes 34044 size_prunes 0 color_prunes 34044 maxdepth 12 seconds 0.510195 root_labels 1 5 6 25 26 41 61
root 857 h 7 pool 381 nodes 28464 size_prunes 0 color_prunes 28464 maxdepth 12 seconds 0.44278 root_labels 1 5 6 25 26 41 65
root 858 h 7 pool 386 nodes 39684 size_prunes 0 color_prunes 39684 maxdepth 12 seconds 0.594591 root_labels 1 5 6 25 26 41 66
root 859 h 7 pool 384 nodes 33040 size_prunes 0 color_prunes 33040 maxdepth 12 seconds 0.505737 root_labels 1 5 6 25 26 41 68
root 860 h 7 pool 383 nodes 31325 size_prunes 0 color_prunes 31325 maxdepth 12 seconds 0.491381 root_labels 1 5 6 25 26 41 85
root 861 h 7 pool 388 nodes 44673 size_prunes 0 color_prunes 44673 maxdepth 12 seconds 0.663471 root_labels 1 5 6 25 26 41 94
root 862 h 7 pool 391 nodes 54987 size_prunes 0 color_prunes 54987 maxdepth 12 seconds 0.841944 root_labels 1 5 6 25 26 41 106
root 863 h 7 pool 384 nodes 27530 size_prunes 0 color_prunes 27530 maxdepth 12 seconds 0.451451 root_labels 1 5 6 25 26 41 116
root 864 h 7 pool 385 nodes 35024 size_prunes 0 color_prunes 35024 maxdepth 12 seconds 0.535025 root_labels 1 5 6 25 26 42 44
root 865 h 7 pool 390 nodes 54448 size_prunes 0 color_prunes 54448 maxdepth 12 seconds 0.817505 root_labels 1 5 6 25 26 42 47
root 866 h 7 pool 388 nodes 48483 size_prunes 0 color_prunes 48483 maxdepth 12 seconds 0.734076 root_labels 1 5 6 25 26 42 48
root 867 h 7 pool 375 nodes 14013 size_prunes 0 color_prunes 14013 maxdepth 11 seconds 0.243586 root_labels 1 5 6 25 26 42 65
root 868 h 7 pool 385 nodes 37326 size_prunes 0 color_prunes 37326 maxdepth 12 seconds 0.570041 root_labels 1 5 6 25 26 42 68
root 869 h 7 pool 380 nodes 21653 size_prunes 0 color_prunes 21653 maxdepth 12 seconds 0.352682 root_labels 1 5 6 25 26 42 73
root 870 h 7 pool 380 nodes 22795 size_prunes 0 color_prunes 22795 maxdepth 12 seconds 0.361214 root_labels 1 5 6 25 26 42 84
root 871 h 7 pool 376 nodes 15187 size_prunes 0 color_prunes 15187 maxdepth 11 seconds 0.270552 root_labels 1 5 6 25 26 42 85
root 872 h 7 pool 383 nodes 27968 size_prunes 0 color_prunes 27968 maxdepth 12 seconds 0.435619 root_labels 1 5 6 25 26 42 94
root 873 h 7 pool 381 nodes 18646 size_prunes 0 color_prunes 18646 maxdepth 12 seconds 0.311512 root_labels 1 5 6 25 26 42 116
root 874 h 7 pool 381 nodes 20530 size_prunes 0 color_prunes 20530 maxdepth 12 seconds 0.344562 root_labels 1 5 6 25 26 42 121
root 875 h 7 pool 385 nodes 37674 size_prunes 0 color_prunes 37674 maxdepth 12 seconds 0.566542 root_labels 1 5 6 25 26 43 63
root 876 h 7 pool 386 nodes 37882 size_prunes 0 color_prunes 37882 maxdepth 12 seconds 0.566466 root_labels 1 5 6 25 26 43 65
root 877 h 7 pool 383 nodes 31071 size_prunes 0 color_prunes 31071 maxdepth 12 seconds 0.467163 root_labels 1 5 6 25 26 43 67
root 878 h 7 pool 386 nodes 43565 size_prunes 0 color_prunes 43565 maxdepth 12 seconds 0.648863 root_labels 1 5 6 25 26 43 69
root 879 h 7 pool 385 nodes 31727 size_prunes 0 color_prunes 31727 maxdepth 12 seconds 0.487643 root_labels 1 5 6 25 26 43 83
root 880 h 7 pool 385 nodes 35326 size_prunes 0 color_prunes 35326 maxdepth 12 seconds 0.547151 root_labels 1 5 6 25 26 43 88
root 881 h 7 pool 379 nodes 16663 size_prunes 0 color_prunes 16663 maxdepth 12 seconds 0.282455 root_labels 1 5 6 25 26 43 96
root 882 h 7 pool 391 nodes 56221 size_prunes 0 color_prunes 56221 maxdepth 12 seconds 0.85105 root_labels 1 5 6 25 26 43 109
root 883 h 7 pool 392 nodes 59388 size_prunes 0 color_prunes 59388 maxdepth 12 seconds 0.886657 root_labels 1 5 6 25 26 43 113
root 884 h 7 pool 387 nodes 31948 size_prunes 0 color_prunes 31948 maxdepth 12 seconds 0.510443 root_labels 1 5 6 25 26 43 116
root 885 h 7 pool 385 nodes 27575 size_prunes 0 color_prunes 27575 maxdepth 12 seconds 0.444767 root_labels 1 5 6 25 26 43 121
root 886 h 7 pool 392 nodes 76490 size_prunes 0 color_prunes 76490 maxdepth 12 seconds 1.10439 root_labels 1 5 6 25 26 44 46
root 887 h 7 pool 389 nodes 50879 size_prunes 0 color_prunes 50879 maxdepth 12 seconds 0.762238 root_labels 1 5 6 25 26 44 48
root 888 h 7 pool 387 nodes 47902 size_prunes 0 color_prunes 47902 maxdepth 12 seconds 0.692256 root_labels 1 5 6 25 26 44 63
root 889 h 7 pool 387 nodes 47033 size_prunes 0 color_prunes 47033 maxdepth 12 seconds 0.6812 root_labels 1 5 6 25 26 44 66
root 890 h 7 pool 382 nodes 27349 size_prunes 0 color_prunes 27349 maxdepth 12 seconds 0.414589 root_labels 1 5 6 25 26 44 67
root 891 h 7 pool 392 nodes 78039 size_prunes 0 color_prunes 78039 maxdepth 12 seconds 1.12197 root_labels 1 5 6 25 26 44 69
root 892 h 7 pool 380 nodes 23440 size_prunes 0 color_prunes 23440 maxdepth 11 seconds 0.358275 root_labels 1 5 6 25 26 44 73
root 893 h 7 pool 384 nodes 30409 size_prunes 0 color_prunes 30409 maxdepth 12 seconds 0.470902 root_labels 1 5 6 25 26 44 88
root 894 h 7 pool 388 nodes 44412 size_prunes 0 color_prunes 44412 maxdepth 12 seconds 0.670859 root_labels 1 5 6 25 26 44 94
root 895 h 7 pool 392 nodes 61022 size_prunes 0 color_prunes 61022 maxdepth 12 seconds 0.916091 root_labels 1 5 6 25 26 44 107
root 896 h 7 pool 391 nodes 59505 size_prunes 0 color_prunes 59505 maxdepth 12 seconds 0.920435 root_labels 1 5 6 25 26 44 116
root 897 h 7 pool 388 nodes 65008 size_prunes 0 color_prunes 65008 maxdepth 12 seconds 0.951738 root_labels 1 5 6 25 26 46 65
root 898 h 7 pool 388 nodes 65890 size_prunes 0 color_prunes 65890 maxdepth 12 seconds 0.951703 root_labels 1 5 6 25 26 46 85
root 899 h 7 pool 392 nodes 69491 size_prunes 0 color_prunes 69491 maxdepth 12 seconds 1.02376 root_labels 1 5 6 25 26 46 113
root 900 h 7 pool 393 nodes 90127 size_prunes 0 color_prunes 90127 maxdepth 12 seconds 1.28375 root_labels 1 5 6 25 26 47 49
root 901 h 7 pool 380 nodes 24565 size_prunes 0 color_prunes 24565 maxdepth 12 seconds 0.390043 root_labels 1 5 6 25 26 47 65
root 902 h 7 pool 385 nodes 39053 size_prunes 0 color_prunes 39053 maxdepth 12 seconds 0.596683 root_labels 1 5 6 25 26 47 67
root 903 h 7 pool 389 nodes 58069 size_prunes 0 color_prunes 58069 maxdepth 12 seconds 0.834659 root_labels 1 5 6 25 26 47 73
root 904 h 7 pool 385 nodes 37684 size_prunes 0 color_prunes 37684 maxdepth 12 seconds 0.565833 root_labels 1 5 6 25 26 47 87
root 905 h 7 pool 386 nodes 42990 size_prunes 0 color_prunes 42990 maxdepth 12 seconds 0.646297 root_labels 1 5 6 25 26 47 88
root 906 h 7 pool 385 nodes 34029 size_prunes 0 color_prunes 34029 maxdepth 12 seconds 0.518879 root_labels 1 5 6 25 26 47 94
root 907 h 7 pool 390 nodes 52272 size_prunes 0 color_prunes 52272 maxdepth 12 seconds 0.790815 root_labels 1 5 6 25 26 47 113
root 908 h 7 pool 383 nodes 34762 size_prunes 0 color_prunes 34762 maxdepth 12 seconds 0.521325 root_labels 1 5 6 25 26 48 67
root 909 h 7 pool 381 nodes 29224 size_prunes 0 color_prunes 29224 maxdepth 12 seconds 0.447446 root_labels 1 5 6 25 26 48 69
root 910 h 7 pool 389 nodes 55855 size_prunes 0 color_prunes 55855 maxdepth 12 seconds 0.799447 root_labels 1 5 6 25 26 48 73
root 911 h 7 pool 380 nodes 24386 size_prunes 0 color_prunes 24386 maxdepth 11 seconds 0.383549 root_labels 1 5 6 25 26 48 85
root 912 h 7 pool 382 nodes 29324 size_prunes 0 color_prunes 29324 maxdepth 12 seconds 0.456294 root_labels 1 5 6 25 26 48 86
root 913 h 7 pool 384 nodes 32865 size_prunes 0 color_prunes 32865 maxdepth 12 seconds 0.496025 root_labels 1 5 6 25 26 48 94
root 914 h 7 pool 397 nodes 129696 size_prunes 0 color_prunes 129696 maxdepth 12 seconds 1.83507 root_labels 1 5 6 25 26 48 108
root 915 h 7 pool 389 nodes 50824 size_prunes 0 color_prunes 50824 maxdepth 12 seconds 0.764419 root_labels 1 5 6 25 26 48 113
root 916 h 7 pool 387 nodes 52619 size_prunes 0 color_prunes 52619 maxdepth 12 seconds 0.765052 root_labels 1 5 6 25 26 49 66
root 917 h 7 pool 391 nodes 83999 size_prunes 0 color_prunes 83999 maxdepth 12 seconds 1.20752 root_labels 1 5 6 25 26 49 69
root 918 h 7 pool 387 nodes 48569 size_prunes 0 color_prunes 48569 maxdepth 12 seconds 0.732001 root_labels 1 5 6 25 26 49 88
root 919 h 7 pool 387 nodes 54600 size_prunes 0 color_prunes 54600 maxdepth 12 seconds 0.791909 root_labels 1 5 6 25 26 49 89
root 920 h 7 pool 391 nodes 63293 size_prunes 0 color_prunes 63293 maxdepth 12 seconds 0.933003 root_labels 1 5 6 25 26 49 94
root 921 h 7 pool 390 nodes 57031 size_prunes 0 color_prunes 57031 maxdepth 12 seconds 0.847289 root_labels 1 5 6 25 26 49 96
root 922 h 7 pool 393 nodes 77891 size_prunes 0 color_prunes 77891 maxdepth 12 seconds 1.13592 root_labels 1 5 6 25 26 49 113
root 923 h 7 pool 388 nodes 55924 size_prunes 0 color_prunes 55924 maxdepth 12 seconds 0.805925 root_labels 1 5 6 25 26 61 65
root 924 h 7 pool 390 nodes 61068 size_prunes 0 color_prunes 61068 maxdepth 12 seconds 0.870754 root_labels 1 5 6 25 26 61 66
root 925 h 7 pool 382 nodes 28351 size_prunes 0 color_prunes 28351 maxdepth 11 seconds 0.424536 root_labels 1 5 6 25 26 61 73
root 926 h 7 pool 391 nodes 66176 size_prunes 0 color_prunes 66176 maxdepth 12 seconds 0.950319 root_labels 1 5 6 25 26 63 69
root 927 h 7 pool 382 nodes 27785 size_prunes 0 color_prunes 27785 maxdepth 11 seconds 0.42487 root_labels 1 5 6 25 26 63 73
root 928 h 7 pool 381 nodes 28453 size_prunes 0 color_prunes 28453 maxdepth 12 seconds 0.428979 root_labels 1 5 6 25 26 65 67
root 929 h 7 pool 381 nodes 29678 size_prunes 0 color_prunes 29678 maxdepth 12 seconds 0.439977 root_labels 1 5 6 25 26 65 68
root 930 h 7 pool 379 nodes 16975 size_prunes 0 color_prunes 16975 maxdepth 11 seconds 0.319572 root_labels 1 5 6 25 26 65 73
root 931 h 7 pool 391 nodes 82141 size_prunes 0 color_prunes 82141 maxdepth 12 seconds 1.19715 root_labels 1 5 6 25 26 65 86
root 932 h 7 pool 390 nodes 60802 size_prunes 0 color_prunes 60802 maxdepth 12 seconds 0.866343 root_labels 1 5 6 25 26 65 94
root 933 h 7 pool 387 nodes 50733 size_prunes 0 color_prunes 50733 maxdepth 12 seconds 0.764718 root_labels 1 5 6 25 26 65 96
root 934 h 7 pool 378 nodes 15019 size_prunes 0 color_prunes 15019 maxdepth 11 seconds 0.257269 root_labels 1 5 6 25 26 65 113
root 935 h 7 pool 387 nodes 45112 size_prunes 0 color_prunes 45112 maxdepth 12 seconds 0.69732 root_labels 1 5 6 25 26 65 116
root 936 h 7 pool 386 nodes 41500 size_prunes 0 color_prunes 41500 maxdepth 12 seconds 0.627033 root_labels 1 5 6 25 26 65 121
root 937 h 7 pool 383 nodes 34742 size_prunes 0 color_prunes 34742 maxdepth 12 seconds 0.516433 root_labels 1 5 6 25 26 66 68
root 938 h 7 pool 387 nodes 52935 size_prunes 0 color_prunes 52935 maxdepth 12 seconds 0.763476 root_labels 1 5 6 25 26 66 69
root 939 h 7 pool 379 nodes 21973 size_prunes 0 color_prunes 21973 maxdepth 11 seconds 0.345387 root_labels 1 5 6 25 26 66 73
root 940 h 7 pool 390 nodes 61010 size_prunes 0 color_prunes 61010 maxdepth 12 seconds 0.925766 root_labels 1 5 6 25 26 66 94
root 941 h 7 pool 381 nodes 21852 size_prunes 0 color_prunes 21852 maxdepth 11 seconds 0.350825 root_labels 1 5 6 25 26 66 113
root 942 h 7 pool 381 nodes 25191 size_prunes 0 color_prunes 25191 maxdepth 11 seconds 0.384111 root_labels 1 5 6 25 26 66 116
root 943 h 7 pool 382 nodes 34085 size_prunes 0 color_prunes 34085 maxdepth 12 seconds 0.502753 root_labels 1 5 6 25 26 67 69
root 944 h 7 pool 386 nodes 40058 size_prunes 0 color_prunes 40058 maxdepth 12 seconds 0.607276 root_labels 1 5 6 25 26 67 73
root 945 h 7 pool 387 nodes 49623 size_prunes 0 color_prunes 49623 maxdepth 12 seconds 0.739751 root_labels 1 5 6 25 26 67 89
root 946 h 7 pool 392 nodes 77458 size_prunes 0 color_prunes 77458 maxdepth 12 seconds 1.09011 root_labels 1 5 6 25 26 67 94
root 947 h 7 pool 374 nodes 11743 size_prunes 0 color_prunes 11743 maxdepth 11 seconds 0.206523 root_labels 1 5 6 25 26 67 96
root 948 h 7 pool 386 nodes 37610 size_prunes 0 color_prunes 37610 maxdepth 12 seconds 0.567477 root_labels 1 5 6 25 26 67 113
root 949 h 7 pool 391 nodes 75672 size_prunes 0 color_prunes 75672 maxdepth 12 seconds 1.12218 root_labels 1 5 6 25 26 68 88
root 950 h 7 pool 392 nodes 72248 size_prunes 0 color_prunes 72248 maxdepth 12 seconds 1.06074 root_labels 1 5 6 25 26 68 94
root 951 h 7 pool 374 nodes 11333 size_prunes 0 color_prunes 11333 maxdepth 11 seconds 0.201623 root_labels 1 5 6 25 26 68 96
root 952 h 7 pool 387 nodes 41361 size_prunes 0 color_prunes 41361 maxdepth 12 seconds 0.620097 root_labels 1 5 6 25 26 68 113
root 953 h 7 pool 377 nodes 16125 size_prunes 0 color_prunes 16125 maxdepth 12 seconds 0.265424 root_labels 1 5 6 25 26 68 121
root 954 h 7 pool 380 nodes 22805 size_prunes 0 color_prunes 22805 maxdepth 12 seconds 0.35457 root_labels 1 5 6 25 26 69 73
root 955 h 7 pool 381 nodes 22272 size_prunes 0 color_prunes 22272 maxdepth 11 seconds 0.359065 root_labels 1 5 6 25 26 69 113
root 956 h 7 pool 382 nodes 26760 size_prunes 0 color_prunes 26760 maxdepth 11 seconds 0.413278 root_labels 1 5 6 25 26 69 116
root 957 h 7 pool 385 nodes 32441 size_prunes 0 color_prunes 32441 maxdepth 12 seconds 0.491014 root_labels 1 5 6 25 26 69 121
root 958 h 7 pool 381 nodes 21195 size_prunes 0 color_prunes 21195 maxdepth 11 seconds 0.339736 root_labels 1 5 6 25 26 73 113
root 959 h 7 pool 380 nodes 21722 size_prunes 0 color_prunes 21722 maxdepth 12 seconds 0.338052 root_labels 1 5 6 25 26 73 121
root 960 h 7 pool 381 nodes 23084 size_prunes 0 color_prunes 23084 maxdepth 12 seconds 0.376062 root_labels 1 5 6 25 26 96 116
root 961 h 7 pool 391 nodes 69836 size_prunes 0 color_prunes 69836 maxdepth 12 seconds 1.01722 root_labels 1 5 6 25 27 31 34
root 962 h 7 pool 388 nodes 46022 size_prunes 0 color_prunes 46022 maxdepth 12 seconds 0.699809 root_labels 1 5 6 25 27 31 38
root 963 h 7 pool 383 nodes 30482 size_prunes 0 color_prunes 30482 maxdepth 12 seconds 0.496255 root_labels 1 5 6 25 27 31 39
root 964 h 7 pool 384 nodes 32842 size_prunes 0 color_prunes 32842 maxdepth 12 seconds 0.53303 root_labels 1 5 6 25 27 31 40
root 965 h 7 pool 389 nodes 46817 size_prunes 0 color_prunes 46817 maxdepth 12 seconds 0.724994 root_labels 1 5 6 25 27 31 41
root 966 h 7 pool 387 nodes 38065 size_prunes 0 color_prunes 38065 maxdepth 12 seconds 0.604911 root_labels 1 5 6 25 27 31 42
root 967 h 7 pool 382 nodes 34124 size_prunes 0 color_prunes 34124 maxdepth 12 seconds 0.508908 root_labels 1 5 6 25 27 31 55
root 968 h 7 pool 387 nodes 58992 size_prunes 0 color_prunes 58992 maxdepth 12 seconds 0.858113 root_labels 1 5 6 25 27 31 58
root 969 h 7 pool 384 nodes 37341 size_prunes 0 color_prunes 37341 maxdepth 12 seconds 0.561019 root_labels 1 5 6 25 27 31 59
root 970 h 7 pool 386 nodes 39694 size_prunes 0 color_prunes 39694 maxdepth 12 seconds 0.592973 root_labels 1 5 6 25 27 31 63
root 971 h 7 pool 379 nodes 21155 size_prunes 0 color_prunes 21155 maxdepth 11 seconds 0.33488 root_labels 1 5 6 25 27 31 69
root 972 h 7 pool 378 nodes 23978 size_prunes 0 color_prunes 23978 maxdepth 12 seconds 0.375265 root_labels 1 5 6 25 27 31 80
root 973 h 7 pool 383 nodes 29992 size_prunes 0 color_prunes 29992 maxdepth 12 seconds 0.46843 root_labels 1 5 6 25 27 31 82
root 974 h 7 pool 386 nodes 44677 size_prunes 0 color_prunes 44677 maxdepth 12 seconds 0.665116 root_labels 1 5 6 25 27 31 84
root 975 h 7 pool 384 nodes 35233 size_prunes 0 color_prunes 35233 maxdepth 12 seconds 0.53881 root_labels 1 5 6 25 27 31 89
root 976 h 7 pool 389 nodes 52135 size_prunes 0 color_prunes 52135 maxdepth 12 seconds 0.795326 root_labels 1 5 6 25 27 31 107
root 977 h 7 pool 387 nodes 47370 size_prunes 0 color_prunes 47370 maxdepth 12 seconds 0.739475 root_labels 1 5 6 25 27 31 108
root 978 h 7 pool 386 nodes 33871 size_prunes 0 color_prunes 33871 maxdepth 12 seconds 0.535982 root_labels 1 5 6 25 27 33 35
root 979 h 7 pool 383 nodes 24330 size_prunes 0 color_prunes 24330 maxdepth 12 seconds 0.402644 root_labels 1 5 6 25 27 33 41
root 980 h 7 pool 381 nodes 19996 size_prunes 0 color_prunes 19996 maxdepth 12 seconds 0.337002 root_labels 1 5 6 25 27 33 42
root 981 h 7 pool 382 nodes 22956 size_prunes 0 color_prunes 22956 maxdepth 12 seconds 0.384205 root_labels 1 5 6 25 27 33 43
root 982 h 7 pool 388 nodes 43761 size_prunes 0 color_prunes 43761 maxdepth 12 seconds 0.681663 root_labels 1 5 6 25 27 33 48
root 983 h 7 pool 381 nodes 28478 size_prunes 0 color_prunes 28478 maxdepth 12 seconds 0.446775 root_labels 1 5 6 25 27 33 57
root 984 h 7 pool 384 nodes 35622 size_prunes 0 color_prunes 35622 maxdepth 12 seconds 0.547548 root_labels 1 5 6 25 27 33 58
root 985 h 7 pool 383 nodes 34357 size_prunes 0 color_prunes 34357 maxdepth 12 seconds 0.523531 root_labels 1 5 6 25 27 33 59
root 986 h 7 pool 381 nodes 25470 size_prunes 0 color_prunes 25470 maxdepth 11 seconds 0.382185 root_labels 1 5 6 25 27 33 66
root 987 h 7 pool 383 nodes 31140 size_prunes 0 color_prunes 31140 maxdepth 12 seconds 0.481175 root_labels 1 5 6 25 27 33 80
root 988 h 7 pool 378 nodes 17519 size_prunes 0 color_prunes 17519 maxdepth 11 seconds 0.300124 root_labels 1 5 6 25 27 33 81
root 989 h 7 pool 380 nodes 21853 size_prunes 0 color_prunes 21853 maxdepth 12 seconds 0.355343 root_labels 1 5 6 25 27 33 83
root 990 h 7 pool 376 nodes 14439 size_prunes 0 color_prunes 14439 maxdepth 11 seconds 0.242033 root_labels 1 5 6 25 27 33 87
root 991 h 7 pool 389 nodes 53014 size_prunes 0 color_prunes 53014 maxdepth 12 seconds 0.812966 root_labels 1 5 6 25 27 33 105
root 992 h 7 pool 387 nodes 41535 size_prunes 0 color_prunes 41535 maxdepth 12 seconds 0.655448 root_labels 1 5 6 25 27 33 106
root 993 h 7 pool 382 nodes 24966 size_prunes 0 color_prunes 24966 maxdepth 12 seconds 0.396545 root_labels 1 5 6 25 27 33 114
root 994 h 7 pool 386 nodes 36925 size_prunes 0 color_prunes 36925 maxdepth 12 seconds 0.584154 root_labels 1 5 6 25 27 34 35
root 995 h 7 pool 383 nodes 29472 size_prunes 0 color_prunes 29472 maxdepth 12 seconds 0.461786 root_labels 1 5 6 25 27 34 37
root 996 h 7 pool 388 nodes 40830 size_prunes 0 color_prunes 40830 maxdepth 12 seconds 0.634071 root_labels 1 5 6 25 27 34 40
root 997 h 7 pool 385 nodes 29964 size_prunes 0 color_prunes 29964 maxdepth 12 seconds 0.476038 root_labels 1 5 6 25 27 34 41
root 998 h 7 pool 385 nodes 30039 size_prunes 0 color_prunes 30039 maxdepth 12 seconds 0.480731 root_labels 1 5 6 25 27 34 44
root 999 h 7 pool 389 nodes 45500 size_prunes 0 color_prunes 45500 maxdepth 12 seconds 0.69603 root_labels 1 5 6 25 27 34 48
root 1000 h 7 pool 385 nodes 40163 size_prunes 0 color_prunes 40163 maxdepth 12 seconds 0.592656 root_labels 1 5 6 25 27 34 55
root 1001 h 7 pool 383 nodes 36569 size_prunes 0 color_prunes 36569 maxdepth 12 seconds 0.541071 root_labels 1 5 6 25 27 34 56
root 1002 h 7 pool 384 nodes 37811 size_prunes 0 color_prunes 37811 maxdepth 12 seconds 0.559007 root_labels 1 5 6 25 27 34 59
root 1003 h 7 pool 379 nodes 19924 size_prunes 0 color_prunes 19924 maxdepth 12 seconds 0.315216 root_labels 1 5 6 25 27 34 66
root 1004 h 7 pool 382 nodes 24747 size_prunes 0 color_prunes 24747 maxdepth 12 seconds 0.399016 root_labels 1 5 6 25 27 34 81
root 1005 h 7 pool 380 nodes 22623 size_prunes 0 color_prunes 22623 maxdepth 12 seconds 0.357106 root_labels 1 5 6 25 27 34 83
root 1006 h 7 pool 380 nodes 23152 size_prunes 0 color_prunes 23152 maxdepth 12 seconds 0.363911 root_labels 1 5 6 25 27 34 84
root 1007 h 7 pool 389 nodes 51629 size_prunes 0 color_prunes 51629 maxdepth 12 seconds 0.784344 root_labels 1 5 6 25 27 34 105
root 1008 h 7 pool 387 nodes 40966 size_prunes 0 color_prunes 40966 maxdepth 12 seconds 0.637635 root_labels 1 5 6 25 27 34 107
root 1009 h 7 pool 390 nodes 53706 size_prunes 0 color_prunes 53706 maxdepth 12 seconds 0.811757 root_labels 1 5 6 25 27 34 109
root 1010 h 7 pool 382 nodes 22656 size_prunes 0 color_prunes 22656 maxdepth 12 seconds 0.372067 root_labels 1 5 6 25 27 35 37
root 1011 h 7 pool 381 nodes 19364 size_prunes 0 color_prunes 19364 maxdepth 12 seconds 0.32409 root_labels 1 5 6 25 27 35 38
root 1012 h 7 pool 375 nodes 10773 size_prunes 0 color_prunes 10773 maxdepth 11 seconds 0.198398 root_labels 1 5 6 25 27 35 43
root 1013 h 7 pool 380 nodes 19338 size_prunes 0 color_prunes 19338 maxdepth 12 seconds 0.321935 root_labels 1 5 6 25 27 35 49
root 1014 h 7 pool 371 nodes 9438 size_prunes 0 color_prunes 9438 maxdepth 11 seconds 0.173542 root_labels 1 5 6 25 27 35 59
root 1015 h 7 pool 383 nodes 22284 size_prunes 0 color_prunes 22284 maxdepth 12 seconds 0.377049 root_labels 1 5 6 25 27 35 106
root 1016 h 7 pool 380 nodes 19565 size_prunes 0 color_prunes 19565 maxdepth 11 seconds 0.332316 root_labels 1 5 6 25 27 35 107
root 1017 h 7 pool 380 nodes 19451 size_prunes 0 color_prunes 19451 maxdepth 12 seconds 0.32118 root_labels 1 5 6 25 27 36 38
root 1018 h 7 pool 380 nodes 19235 size_prunes 0 color_prunes 19235 maxdepth 12 seconds 0.318165 root_labels 1 5 6 25 27 36 39
root 1019 h 7 pool 386 nodes 33467 size_prunes 0 color_prunes 33467 maxdepth 12 seconds 0.524827 root_labels 1 5 6 25 27 36 42
root 1020 h 7 pool 384 nodes 28419 size_prunes 0 color_prunes 28419 maxdepth 12 seconds 0.455382 root_labels 1 5 6 25 27 36 48
root 1021 h 7 pool 382 nodes 23852 size_prunes 0 color_prunes 23852 maxdepth 12 seconds 0.383491 root_labels 1 5 6 25 27 36 49
root 1022 h 7 pool 379 nodes 20669 size_prunes 0 color_prunes 20669 maxdepth 11 seconds 0.337846 root_labels 1 5 6 25 27 36 63
root 1023 h 7 pool 377 nodes 16909 size_prunes 0 color_prunes 16909 maxdepth 11 seconds 0.280274 root_labels 1 5 6 25 27 36 68
root 1024 h 7 pool 375 nodes 15043 size_prunes 0 color_prunes 15043 maxdepth 11 seconds 0.250609 root_labels 1 5 6 25 27 36 84
root 1025 h 7 pool 387 nodes 38789 size_prunes 0 color_prunes 38789 maxdepth 12 seconds 0.608061 root_labels 1 5 6 25 27 36 105
root 1026 h 7 pool 382 nodes 24602 size_prunes 0 color_prunes 24602 maxdepth 12 seconds 0.3989 root_labels 1 5 6 25 27 36 106
root 1027 h 7 pool 381 nodes 20949 size_prunes 0 color_prunes 20949 maxdepth 12 seconds 0.347918 root_labels 1 5 6 25 27 36 111
root 1028 h 7 pool 380 nodes 20499 size_prunes 0 color_prunes 20499 maxdepth 12 seconds 0.340701 root_labels 1 5 6 25 27 37 39
root 1029 h 7 pool 386 nodes 32294 size_prunes 0 color_prunes 32294 maxdepth 12 seconds 0.50772 root_labels 1 5 6 25 27 37 41
root 1030 h 7 pool 384 nodes 30735 size_prunes 0 color_prunes 30735 maxdepth 12 seconds 0.481538 root_labels 1 5 6 25 27 37 44
root 1031 h 7 pool 386 nodes 36586 size_prunes 0 color_prunes 36586 maxdepth 12 seconds 0.568067 root_labels 1 5 6 25 27 37 46
root 1032 h 7 pool 376 nodes 17285 size_prunes 0 color_prunes 17285 maxdepth 11 seconds 0.279225 root_labels 1 5 6 25 27 37 57
root 1033 h 7 pool 377 nodes 18419 size_prunes 0 color_prunes 18419 maxdepth 11 seconds 0.288168 root_labels 1 5 6 25 27 37 58
root 1034 h 7 pool 378 nodes 18360 size_prunes 0 color_prunes 18360 maxdepth 11 seconds 0.293221 root_labels 1 5 6 25 27 37 63
root 1035 h 7 pool 377 nodes 17009 size_prunes 0 color_prunes 17009 maxdepth 11 seconds 0.280375 root_labels 1 5 6 25 27 37 67
root 1036 h 7 pool 377 nodes 16658 size_prunes 0 color_prunes 16658 maxdepth 11 seconds 0.274459 root_labels 1 5 6 25 27 37 72
root 1037 h 7 pool 378 nodes 18854 size_prunes 0 color_prunes 18854 maxdepth 11 seconds 0.30383 root_labels 1 5 6 25 27 37 83
root 1038 h 7 pool 386 nodes 37827 size_prunes 0 color_prunes 37827 maxdepth 12 seconds 0.583299 root_labels 1 5 6 25 27 37 105
root 1039 h 7 pool 388 nodes 40355 size_prunes 0 color_prunes 40355 maxdepth 12 seconds 0.629208 root_labels 1 5 6 25 27 37 109
root 1040 h 7 pool 387 nodes 37136 size_prunes 0 color_prunes 37136 maxdepth 12 seconds 0.578493 root_labels 1 5 6 25 27 37 114
root 1041 h 7 pool 389 nodes 50062 size_prunes 0 color_prunes 50062 maxdepth 12 seconds 0.753015 root_labels 1 5 6 25 27 38 44
root 1042 h 7 pool 385 nodes 30819 size_prunes 0 color_prunes 30819 maxdepth 12 seconds 0.491076 root_labels 1 5 6 25 27 38 48
root 1043 h 7 pool 370 nodes 10184 size_prunes 0 color_prunes 10184 maxdepth 11 seconds 0.1803 root_labels 1 5 6 25 27 38 55
root 1044 h 7 pool 376 nodes 15222 size_prunes 0 color_prunes 15222 maxdepth 11 seconds 0.24825 root_labels 1 5 6 25 27 38 72
root 1045 h 7 pool 384 nodes 26077 size_prunes 0 color_prunes 26077 maxdepth 12 seconds 0.429859 root_labels 1 5 6 25 27 38 108
root 1046 h 7 pool 386 nodes 37241 size_prunes 0 color_prunes 37241 maxdepth 12 seconds 0.577169 root_labels 1 5 6 25 27 38 109
root 1047 h 7 pool 382 nodes 21516 size_prunes 0 color_prunes 21516 maxdepth 12 seconds 0.358347 root_labels 1 5 6 25 27 38 114
root 1048 h 7 pool 376 nodes 11264 size_prunes 0 color_prunes 11264 maxdepth 11 seconds 0.207245 root_labels 1 5 6 25 27 39 42
root 1049 h 7 pool 379 nodes 18557 size_prunes 0 color_prunes 18557 maxdepth 12 seconds 0.304827 root_labels 1 5 6 25 27 39 43
root 1050 h 7 pool 369 nodes 8766 size_prunes 0 color_prunes 8766 maxdepth 11 seconds 0.164965 root_labels 1 5 6 25 27 39 56
root 1051 h 7 pool 371 nodes 10242 size_prunes 0 color_prunes 10242 maxdepth 11 seconds 0.182939 root_labels 1 5 6 25 27 39 59
root 1052 h 7 pool 374 nodes 12803 size_prunes 0 color_prunes 12803 maxdepth 11 seconds 0.256759 root_labels 1 5 6 25 27 39 65
root 1053 h 7 pool 373 nodes 10868 size_prunes 0 color_prunes 10868 maxdepth 11 seconds 0.196346 root_labels 1 5 6 25 27 39 71
root 1054 h 7 pool 382 nodes 21123 size_prunes 0 color_prunes 21123 maxdepth 11 seconds 0.3602 root_labels 1 5 6 25 27 39 107
root 1055 h 7 pool 381 nodes 20870 size_prunes 0 color_prunes 20870 maxdepth 12 seconds 0.347911 root_labels 1 5 6 25 27 39 108
root 1056 h 7 pool 377 nodes 15440 size_prunes 0 color_prunes 15440 maxdepth 11 seconds 0.255835 root_labels 1 5 6 25 27 41 58
root 1057 h 7 pool 380 nodes 22180 size_prunes 0 color_prunes 22180 maxdepth 11 seconds 0.348995 root_labels 1 5 6 25 27 41 63
root 1058 h 7 pool 374 nodes 11745 size_prunes 0 color_prunes 11745 maxdepth 11 seconds 0.209717 root_labels 1 5 6 25 27 41 65
root 1059 h 7 pool 381 nodes 22377 size_prunes 0 color_prunes 22377 maxdepth 11 seconds 0.359353 root_labels 1 5 6 25 27 41 66
root 1060 h 7 pool 382 nodes 27277 size_prunes 0 color_prunes 27277 maxdepth 12 seconds 0.417662 root_labels 1 5 6 25 27 41 68
root 1061 h 7 pool 381 nodes 21506 size_prunes 0 color_prunes 21506 maxdepth 12 seconds 0.353591 root_labels 1 5 6 25 27 41 72
root 1062 h 7 pool 375 nodes 12073 size_prunes 0 color_prunes 12073 maxdepth 11 seconds 0.221313 root_labels 1 5 6 25 27 41 85
root 1063 h 7 pool 391 nodes 56948 size_prunes 0 color_prunes 56948 maxdepth 12 seconds 0.867357 root_labels 1 5 6 25 27 41 105
root 1064 h 7 pool 375 nodes 11942 size_prunes 0 color_prunes 11942 maxdepth 11 seconds 0.215763 root_labels 1 5 6 25 27 42 57
root 1065 h 7 pool 378 nodes 16913 size_prunes 0 color_prunes 16913 maxdepth 12 seconds 0.291035 root_labels 1 5 6 25 27 42 67
root 1066 h 7 pool 377 nodes 14922 size_prunes 0 color_prunes 14922 maxdepth 11 seconds 0.258425 root_labels 1 5 6 25 27 42 68
root 1067 h 7 pool 390 nodes 42678 size_prunes 0 color_prunes 42678 maxdepth 12 seconds 0.669417 root_labels 1 5 6 25 27 42 105
root 1068 h 7 pool 384 nodes 32458 size_prunes 0 color_prunes 32458 maxdepth 12 seconds 0.505566 root_labels 1 5 6 25 27 43 46
root 1069 h 7 pool 371 nodes 9470 size_prunes 0 color_prunes 9470 maxdepth 11 seconds 0.176092 root_labels 1 5 6 25 27 43 57
root 1070 h 7 pool 377 nodes 16530 size_prunes 0 color_prunes 16530 maxdepth 11 seconds 0.280848 root_labels 1 5 6 25 27 43 65
root 1071 h 7 pool 372 nodes 10714 size_prunes 0 color_prunes 10714 maxdepth 11 seconds 0.19821 root_labels 1 5 6 25 27 43 67
root 1072 h 7 pool 376 nodes 14287 size_prunes 0 color_prunes 14287 maxdepth 11 seconds 0.248557 root_labels 1 5 6 25 27 43 69
root 1073 h 7 pool 376 nodes 14419 size_prunes 0 color_prunes 14419 maxdepth 11 seconds 0.244372 root_labels 1 5 6 25 27 43 71
root 1074 h 7 pool 374 nodes 11646 size_prunes 0 color_prunes 11646 maxdepth 11 seconds 0.213544 root_labels 1 5 6 25 27 43 88
root 1075 h 7 pool 386 nodes 34875 size_prunes 0 color_prunes 34875 maxdepth 12 seconds 0.551207 root_labels 1 5 6 25 27 43 108
root 1076 h 7 pool 388 nodes 39286 size_prunes 0 color_prunes 39286 maxdepth 12 seconds 0.616524 root_labels 1 5 6 25 27 43 109
root 1077 h 7 pool 389 nodes 51033 size_prunes 0 color_prunes 51033 maxdepth 12 seconds 0.759007 root_labels 1 5 6 25 27 44 46
root 1078 h 7 pool 369 nodes 7961 size_prunes 0 color_prunes 7961 maxdepth 11 seconds 0.152995 root_labels 1 5 6 25 27 44 56
root 1079 h 7 pool 378 nodes 19984 size_prunes 0 color_prunes 19984 maxdepth 11 seconds 0.322686 root_labels 1 5 6 25 27 44 66
root 1080 h 7 pool 376 nodes 13106 size_prunes 0 color_prunes 13106 maxdepth 11 seconds 0.226815 root_labels 1 5 6 25 27 44 67
root 1081 h 7 pool 381 nodes 25893 size_prunes 0 color_prunes 25893 maxdepth 11 seconds 0.395323 root_labels 1 5 6 25 27 44 69
root 1082 h 7 pool 379 nodes 19049 size_prunes 0 color_prunes 19049 maxdepth 11 seconds 0.308939 root_labels 1 5 6 25 27 44 71
root 1083 h 7 pool 386 nodes 44494 size_prunes 0 color_prunes 44494 maxdepth 12 seconds 0.646217 root_labels 1 5 6 25 27 46 58
root 1084 h 7 pool 382 nodes 30580 size_prunes 0 color_prunes 30580 maxdepth 12 seconds 0.467126 root_labels 1 5 6 25 27 46 65
root 1085 h 7 pool 383 nodes 36721 size_prunes 0 color_prunes 36721 maxdepth 12 seconds 0.545767 root_labels 1 5 6 25 27 46 68
root 1086 h 7 pool 391 nodes 65959 size_prunes 0 color_prunes 65959 maxdepth 12 seconds 0.949861 root_labels 1 5 6 25 27 46 72
root 1087 h 7 pool 387 nodes 46578 size_prunes 0 color_prunes 46578 maxdepth 12 seconds 0.676244 root_labels 1 5 6 25 27 46 80
root 1088 h 7 pool 382 nodes 30072 size_prunes 0 color_prunes 30072 maxdepth 11 seconds 0.461207 root_labels 1 5 6 25 27 46 85
root 1089 h 7 pool 383 nodes 37954 size_prunes 0 color_prunes 37954 maxdepth 12 seconds 0.568101 root_labels 1 5 6 25 27 46 89
root 1090 h 7 pool 388 nodes 48584 size_prunes 0 color_prunes 48584 maxdepth 12 seconds 0.724429 root_labels 1 5 6 25 27 46 111
root 1091 h 7 pool 381 nodes 24559 size_prunes 0 color_prunes 24559 maxdepth 12 seconds 0.380604 root_labels 1 5 6 25 27 48 56
root 1092 h 7 pool 381 nodes 23437 size_prunes 0 color_prunes 23437 maxdepth 12 seconds 0.363732 root_labels 1 5 6 25 27 48 63
root 1093 h 7 pool 378 nodes 20329 size_prunes 0 color_prunes 20329 maxdepth 11 seconds 0.335067 root_labels 1 5 6 25 27 48 67
root 1094 h 7 pool 380 nodes 23706 size_prunes 0 color_prunes 23706 maxdepth 11 seconds 0.383118 root_labels 1 5 6 25 27 48 69
root 1095 h 7 pool 384 nodes 31784 size_prunes 0 color_prunes 31784 maxdepth 12 seconds 0.47767 root_labels 1 5 6 25 27 48 71
root 1096 h 7 pool 383 nodes 31175 size_prunes 0 color_prunes 31175 maxdepth 11 seconds 0.457441 root_labels 1 5 6 25 27 48 72
root 1097 h 7 pool 380 nodes 22294 size_prunes 0 color_prunes 22294 maxdepth 12 seconds 0.358568 root_labels 1 5 6 25 27 48 85
root 1098 h 7 pool 381 nodes 24786 size_prunes 0 color_prunes 24786 maxdepth 12 seconds 0.397111 root_labels 1 5 6 25 27 48 86
root 1099 h 7 pool 387 nodes 39543 size_prunes 0 color_prunes 39543 maxdepth 12 seconds 0.605091 root_labels 1 5 6 25 27 48 111
root 1100 h 7 pool 388 nodes 38799 size_prunes 0 color_prunes 38799 maxdepth 12 seconds 0.603394 root_labels 1 5 6 25 27 48 114
root 1101 h 7 pool 379 nodes 19395 size_prunes 0 color_prunes 19395 maxdepth 12 seconds 0.320349 root_labels 1 5 6 25 27 49 55
root 1102 h 7 pool 378 nodes 20754 size_prunes 0 color_prunes 20754 maxdepth 11 seconds 0.338562 root_labels 1 5 6 25 27 49 66
root 1103 h 7 pool 381 nodes 27441 size_prunes 0 color_prunes 27441 maxdepth 12 seconds 0.423372 root_labels 1 5 6 25 27 49 69
root 1104 h 7 pool 378 nodes 18658 size_prunes 0 color_prunes 18658 maxdepth 11 seconds 0.317515 root_labels 1 5 6 25 27 49 88
root 1105 h 7 pool 379 nodes 22246 size_prunes 0 color_prunes 22246 maxdepth 12 seconds 0.352933 root_labels 1 5 6 25 27 49 89
root 1106 h 7 pool 383 nodes 26904 size_prunes 0 color_prunes 26904 maxdepth 12 seconds 0.435493 root_labels 1 5 6 25 27 49 114
root 1107 h 7 pool 378 nodes 18601 size_prunes 0 color_prunes 18601 maxdepth 12 seconds 0.303047 root_labels 1 5 6 25 27 55 57
root 1108 h 7 pool 377 nodes 17729 size_prunes 0 color_prunes 17729 maxdepth 12 seconds 0.292353 root_labels 1 5 6 25 27 55 58
root 1109 h 7 pool 375 nodes 13891 size_prunes 0 color_prunes 13891 maxdepth 11 seconds 0.241964 root_labels 1 5 6 25 27 55 71
root 1110 h 7 pool 377 nodes 16009 size_prunes 0 color_prunes 16009 maxdepth 12 seconds 0.268957 root_labels 1 5 6 25 27 55 81
root 1111 h 7 pool 376 nodes 13922 size_prunes 0 color_prunes 13922 maxdepth 12 seconds 0.244328 root_labels 1 5 6 25 27 55 83
root 1112 h 7 pool 376 nodes 13293 size_prunes 0 color_prunes 13293 maxdepth 12 seconds 0.237452 root_labels 1 5 6 25 27 55 84
root 1113 h 7 pool 369 nodes 7456 size_prunes 0 color_prunes 7456 maxdepth 11 seconds 0.146816 root_labels 1 5 6 25 27 55 86
root 1114 h 7 pool 369 nodes 7494 size_prunes 0 color_prunes 7494 maxdepth 11 seconds 0.146113 root_labels 1 5 6 25 27 55 87
root 1115 h 7 pool 378 nodes 18200 size_prunes 0 color_prunes 18200 maxdepth 11 seconds 0.304416 root_labels 1 5 6 25 27 55 106
root 1116 h 7 pool 381 nodes 23912 size_prunes 0 color_prunes 23912 maxdepth 12 seconds 0.382556 root_labels 1 5 6 25 27 55 107
root 1117 h 7 pool 369 nodes 7884 size_prunes 0 color_prunes 7884 maxdepth 11 seconds 0.150603 root_labels 1 5 6 25 27 55 111
root 1118 h 7 pool 381 nodes 28311 size_prunes 0 color_prunes 28311 maxdepth 12 seconds 0.421868 root_labels 1 5 6 25 27 56 58
root 1119 h 7 pool 380 nodes 23908 size_prunes 0 color_prunes 23908 maxdepth 12 seconds 0.366423 root_labels 1 5 6 25 27 56 59
root 1120 h 7 pool 376 nodes 19153 size_prunes 0 color_prunes 19153 maxdepth 12 seconds 0.29784 root_labels 1 5 6 25 27 56 80
root 1121 h 7 pool 380 nodes 21764 size_prunes 0 color_prunes 21764 maxdepth 11 seconds 0.34767 root_labels 1 5 6 25 27 56 82
root 1122 h 7 pool 383 nodes 32063 size_prunes 0 color_prunes 32063 maxdepth 12 seconds 0.482404 root_labels 1 5 6 25 27 56 83
root 1123 h 7 pool 371 nodes 9163 size_prunes 0 color_prunes 9163 maxdepth 11 seconds 0.167517 root_labels 1 5 6 25 27 56 86
root 1124 h 7 pool 381 nodes 28001 size_prunes 0 color_prunes 28001 maxdepth 12 seconds 0.432155 root_labels 1 5 6 25 27 56 108
root 1125 h 7 pool 382 nodes 28631 size_prunes 0 color_prunes 28631 maxdepth 12 seconds 0.437701 root_labels 1 5 6 25 27 56 109
root 1126 h 7 pool 379 nodes 25940 size_prunes 0 color_prunes 25940 maxdepth 11 seconds 0.38809 root_labels 1 5 6 25 27 57 59
root 1127 h 7 pool 381 nodes 26402 size_prunes 0 color_prunes 26402 maxdepth 12 seconds 0.406951 root_labels 1 5 6 25 27 57 63
root 1128 h 7 pool 376 nodes 13526 size_prunes 0 color_prunes 13526 maxdepth 11 seconds 0.238531 root_labels 1 5 6 25 27 57 81
root 1129 h 7 pool 383 nodes 31453 size_prunes 0 color_prunes 31453 maxdepth 12 seconds 0.473546 root_labels 1 5 6 25 27 57 82
root 1130 h 7 pool 387 nodes 52226 size_prunes 0 color_prunes 52226 maxdepth 12 seconds 0.745598 root_labels 1 5 6 25 27 57 84
root 1131 h 7 pool 375 nodes 14842 size_prunes 0 color_prunes 14842 maxdepth 11 seconds 0.248457 root_labels 1 5 6 25 27 57 85
root 1132 h 7 pool 385 nodes 42637 size_prunes 0 color_prunes 42637 maxdepth 12 seconds 0.625013 root_labels 1 5 6 25 27 57 105
root 1133 h 7 pool 379 nodes 22120 size_prunes 0 color_prunes 22120 maxdepth 12 seconds 0.346578 root_labels 1 5 6 25 27 57 106
root 1134 h 7 pool 380 nodes 22908 size_prunes 0 color_prunes 22908 maxdepth 12 seconds 0.357971 root_labels 1 5 6 25 27 57 107
root 1135 h 7 pool 382 nodes 30915 size_prunes 0 color_prunes 30915 maxdepth 12 seconds 0.462965 root_labels 1 5 6 25 27 58 80
root 1136 h 7 pool 375 nodes 13040 size_prunes 0 color_prunes 13040 maxdepth 12 seconds 0.233358 root_labels 1 5 6 25 27 58 81
root 1137 h 7 pool 388 nodes 53811 size_prunes 0 color_prunes 53811 maxdepth 12 seconds 0.775911 root_labels 1 5 6 25 27 58 83
root 1138 h 7 pool 378 nodes 16751 size_prunes 0 color_prunes 16751 maxdepth 11 seconds 0.282045 root_labels 1 5 6 25 27 58 88
root 1139 h 7 pool 379 nodes 21712 size_prunes 0 color_prunes 21712 maxdepth 12 seconds 0.346107 root_labels 1 5 6 25 27 58 107
root 1140 h 7 pool 378 nodes 21398 size_prunes 0 color_prunes 21398 maxdepth 12 seconds 0.341658 root_labels 1 5 6 25 27 58 108
root 1141 h 7 pool 387 nodes 46454 size_prunes 0 color_prunes 46454 maxdepth 12 seconds 0.696639 root_labels 1 5 6 25 27 58 109
root 1142 h 7 pool 377 nodes 16059 size_prunes 0 color_prunes 16059 maxdepth 11 seconds 0.26104 root_labels 1 5 6 25 27 58 114
root 1143 h 7 pool 381 nodes 25347 size_prunes 0 color_prunes 25347 maxdepth 12 seconds 0.382505 root_labels 1 5 6 25 27 59 72
root 1144 h 7 pool 379 nodes 21364 size_prunes 0 color_prunes 21364 maxdepth 12 seconds 0.344554 root_labels 1 5 6 25 27 59 80
root 1145 h 7 pool 379 nodes 21606 size_prunes 0 color_prunes 21606 maxdepth 12 seconds 0.32902 root_labels 1 5 6 25 27 59 82
root 1146 h 7 pool 383 nodes 32188 size_prunes 0 color_prunes 32188 maxdepth 12 seconds 0.486585 root_labels 1 5 6 25 27 59 84
root 1147 h 7 pool 373 nodes 9681 size_prunes 0 color_prunes 9681 maxdepth 11 seconds 0.177318 root_labels 1 5 6 25 27 59 87
root 1148 h 7 pool 381 nodes 27093 size_prunes 0 color_prunes 27093 maxdepth 12 seconds 0.41898 root_labels 1 5 6 25 27 59 105
root 1149 h 7 pool 384 nodes 31864 size_prunes 0 color_prunes 31864 maxdepth 12 seconds 0.492052 root_labels 1 5 6 25 27 59 106
root 1150 h 7 pool 382 nodes 28773 size_prunes 0 color_prunes 28773 maxdepth 12 seconds 0.426237 root_labels 1 5 6 25 27 59 109
root 1151 h 7 pool 374 nodes 13141 size_prunes 0 color_prunes 13141 maxdepth 11 seconds 0.225522 root_labels 1 5 6 25 27 59 111
root 1152 h 7 pool 371 nodes 8779 size_prunes 0 color_prunes 8779 maxdepth 11 seconds 0.163739 root_labels 1 5 6 25 27 59 114
root 1153 h 7 pool 382 nodes 25916 size_prunes 0 color_prunes 25916 maxdepth 12 seconds 0.401676 root_labels 1 5 6 25 27 63 71
root 1154 h 7 pool 381 nodes 24769 size_prunes 0 color_prunes 24769 maxdepth 11 seconds 0.390574 root_labels 1 5 6 25 27 63 72
root 1155 h 7 pool 382 nodes 25425 size_prunes 0 color_prunes 25425 maxdepth 11 seconds 0.398346 root_labels 1 5 6 25 27 63 83
root 1156 h 7 pool 380 nodes 23780 size_prunes 0 color_prunes 23780 maxdepth 11 seconds 0.366995 root_labels 1 5 6 25 27 63 84
root 1157 h 7 pool 389 nodes 54142 size_prunes 0 color_prunes 54142 maxdepth 12 seconds 0.77908 root_labels 1 5 6 25 27 63 88
root 1158 h 7 pool 386 nodes 40871 size_prunes 0 color_prunes 40871 maxdepth 12 seconds 0.600745 root_labels 1 5 6 25 27 63 89
root 1159 h 7 pool 380 nodes 22639 size_prunes 0 color_prunes 22639 maxdepth 12 seconds 0.358794 root_labels 1 5 6 25 27 63 107
root 1160 h 7 pool 381 nodes 22816 size_prunes 0 color_prunes 22816 maxdepth 11 seconds 0.356648 root_labels 1 5 6 25 27 63 111
root 1161 h 7 pool 382 nodes 24666 size_prunes 0 color_prunes 24666 maxdepth 11 seconds 0.382778 root_labels 1 5 6 25 27 63 114
root 1162 h 7 pool 379 nodes 23864 size_prunes 0 color_prunes 23864 maxdepth 12 seconds 0.364233 root_labels 1 5 6 25 27 65 67
root 1163 h 7 pool 377 nodes 18134 size_prunes 0 color_prunes 18134 maxdepth 12 seconds 0.299905 root_labels 1 5 6 25 27 65 68
root 1164 h 7 pool 384 nodes 31323 size_prunes 0 color_prunes 31323 maxdepth 12 seconds 0.482149 root_labels 1 5 6 25 27 65 71
root 1165 h 7 pool 380 nodes 19317 size_prunes 0 color_prunes 19317 maxdepth 12 seconds 0.312931 root_labels 1 5 6 25 27 65 72
root 1166 h 7 pool 375 nodes 12325 size_prunes 0 color_prunes 12325 maxdepth 11 seconds 0.220456 root_labels 1 5 6 25 27 65 81
root 1167 h 7 pool 375 nodes 11302 size_prunes 0 color_prunes 11302 maxdepth 11 seconds 0.20296 root_labels 1 5 6 25 27 65 82
root 1168 h 7 pool 383 nodes 30744 size_prunes 0 color_prunes 30744 maxdepth 12 seconds 0.465469 root_labels 1 5 6 25 27 65 106
root 1169 h 7 pool 381 nodes 23707 size_prunes 0 color_prunes 23707 maxdepth 11 seconds 0.378202 root_labels 1 5 6 25 27 65 111
root 1170 h 7 pool 374 nodes 11405 size_prunes 0 color_prunes 11405 maxdepth 11 seconds 0.20841 root_labels 1 5 6 25 27 65 114
root 1171 h 7 pool 382 nodes 31287 size_prunes 0 color_prunes 31287 maxdepth 12 seconds 0.463927 root_labels 1 5 6 25 27 66 68
root 1172 h 7 pool 380 nodes 27746 size_prunes 0 color_prunes 27746 maxdepth 12 seconds 0.414284 root_labels 1 5 6 25 27 66 69
root 1173 h 7 pool 382 nodes 27491 size_prunes 0 color_prunes 27491 maxdepth 11 seconds 0.418516 root_labels 1 5 6 25 27 66 72
root 1174 h 7 pool 375 nodes 11099 size_prunes 0 color_prunes 11099 maxdepth 11 seconds 0.201618 root_labels 1 5 6 25 27 66 81
root 1175 h 7 pool 379 nodes 22120 size_prunes 0 color_prunes 22120 maxdepth 11 seconds 0.348528 root_labels 1 5 6 25 27 66 108
root 1176 h 7 pool 379 nodes 20837 size_prunes 0 color_prunes 20837 maxdepth 11 seconds 0.331261 root_labels 1 5 6 25 27 66 111
root 1177 h 7 pool 380 nodes 21851 size_prunes 0 color_prunes 21851 maxdepth 11 seconds 0.344567 root_labels 1 5 6 25 27 66 114
root 1178 h 7 pool 378 nodes 18987 size_prunes 0 color_prunes 18987 maxdepth 11 seconds 0.309653 root_labels 1 5 6 25 27 67 69
root 1179 h 7 pool 379 nodes 18816 size_prunes 0 color_prunes 18816 maxdepth 12 seconds 0.305191 root_labels 1 5 6 25 27 67 71
root 1180 h 7 pool 372 nodes 9704 size_prunes 0 color_prunes 9704 maxdepth 11 seconds 0.182752 root_labels 1 5 6 25 27 67 80
root 1181 h 7 pool 382 nodes 29685 size_prunes 0 color_prunes 29685 maxdepth 11 seconds 0.463112 root_labels 1 5 6 25 27 67 105
root 1182 h 7 pool 380 nodes 22594 size_prunes 0 color_prunes 22594 maxdepth 12 seconds 0.360318 root_labels 1 5 6 25 27 67 107
root 1183 h 7 pool 374 nodes 11612 size_prunes 0 color_prunes 11612 maxdepth 11 seconds 0.208321 root_labels 1 5 6 25 27 67 111
root 1184 h 7 pool 382 nodes 25087 size_prunes 0 color_prunes 25087 maxdepth 12 seconds 0.403403 root_labels 1 5 6 25 27 67 114
root 1185 h 7 pool 376 nodes 14686 size_prunes 0 color_prunes 14686 maxdepth 11 seconds 0.250601 root_labels 1 5 6 25 27 68 71
root 1186 h 7 pool 382 nodes 24085 size_prunes 0 color_prunes 24085 maxdepth 12 seconds 0.384232 root_labels 1 5 6 25 27 68 72
root 1187 h 7 pool 383 nodes 26412 size_prunes 0 color_prunes 26412 maxdepth 11 seconds 0.411972 root_labels 1 5 6 25 27 68 83
root 1188 h 7 pool 381 nodes 24417 size_prunes 0 color_prunes 24417 maxdepth 11 seconds 0.396469 root_labels 1 5 6 25 27 68 107
root 1189 h 7 pool 385 nodes 39006 size_prunes 0 color_prunes 39006 maxdepth 12 seconds 0.582998 root_labels 1 5 6 25 27 68 109
root 1190 h 7 pool 377 nodes 14657 size_prunes 0 color_prunes 14657 maxdepth 11 seconds 0.249363 root_labels 1 5 6 25 27 68 111
root 1191 h 7 pool 383 nodes 28943 size_prunes 0 color_prunes 28943 maxdepth 12 seconds 0.443125 root_labels 1 5 6 25 27 68 114
root 1192 h 7 pool 380 nodes 23180 size_prunes 0 color_prunes 23180 maxdepth 11 seconds 0.357229 root_labels 1 5 6 25 27 69 71
root 1193 h 7 pool 375 nodes 13685 size_prunes 0 color_prunes 13685 maxdepth 11 seconds 0.236289 root_labels 1 5 6 25 27 69 72
root 1194 h 7 pool 378 nodes 14815 size_prunes 0 color_prunes 14815 maxdepth 11 seconds 0.252834 root_labels 1 5 6 25 27 69 82
root 1195 h 7 pool 384 nodes 35489 size_prunes 0 color_prunes 35489 maxdepth 12 seconds 0.532237 root_labels 1 5 6 25 27 69 109
root 1196 h 7 pool 381 nodes 25527 size_prunes 0 color_prunes 25527 maxdepth 11 seconds 0.393843 root_labels 1 5 6 25 27 69 111
root 1197 h 7 pool 378 nodes 15247 size_prunes 0 color_prunes 15247 maxdepth 11 seconds 0.258901 root_labels 1 5 6 25 27 69 114
root 1198 h 7 pool 385 nodes 37884 size_prunes 0 color_prunes 37884 maxdepth 12 seconds 0.556747 root_labels 1 5 6 25 27 71 80
root 1199 h 7 pool 382 nodes 29450 size_prunes 0 color_prunes 29450 maxdepth 12 seconds 0.443903 root_labels 1 5 6 25 27 71 85
root 1200 h 7 pool 378 nodes 21196 size_prunes 0 color_prunes 21196 maxdepth 11 seconds 0.327321 root_labels 1 5 6 25 27 71 86
root 1201 h 7 pool 374 nodes 13039 size_prunes 0 color_prunes 13039 maxdepth 11 seconds 0.228399 root_labels 1 5 6 25 27 71 87
root 1202 h 7 pool 377 nodes 16747 size_prunes 0 color_prunes 16747 maxdepth 11 seconds 0.275991 root_labels 1 5 6 25 27 71 88
root 1203 h 7 pool 380 nodes 25203 size_prunes 0 color_prunes 25203 maxdepth 11 seconds 0.383917 root_labels 1 5 6 25 27 71 89
root 1204 h 7 pool 384 nodes 32185 size_prunes 0 color_prunes 32185 maxdepth 12 seconds 0.482256 root_labels 1 5 6 25 27 71 107
root 1205 h 7 pool 384 nodes 34594 size_prunes 0 color_prunes 34594 maxdepth 12 seconds 0.515751 root_labels 1 5 6 25 27 71 108
root 1206 h 7 pool 389 nodes 54166 size_prunes 0 color_prunes 54166 maxdepth 12 seconds 0.784042 root_labels 1 5 6 25 27 72 84
root 1207 h 7 pool 377 nodes 17103 size_prunes 0 color_prunes 17103 maxdepth 11 seconds 0.279959 root_labels 1 5 6 25 27 72 85
root 1208 h 7 pool 376 nodes 14642 size_prunes 0 color_prunes 14642 maxdepth 11 seconds 0.251837 root_labels 1 5 6 25 27 72 86
root 1209 h 7 pool 380 nodes 22407 size_prunes 0 color_prunes 22407 maxdepth 11 seconds 0.383585 root_labels 1 5 6 25 27 72 87
root 1210 h 7 pool 380 nodes 24954 size_prunes 0 color_prunes 24954 maxdepth 11 seconds 0.388886 root_labels 1 5 6 25 27 72 89
root 1211 h 7 pool 386 nodes 37109 size_prunes 0 color_prunes 37109 maxdepth 12 seconds 0.55394 root_labels 1 5 6 25 27 72 106
root 1212 h 7 pool 385 nodes 33168 size_prunes 0 color_prunes 33168 maxdepth 12 seconds 0.502437 root_labels 1 5 6 25 27 72 107
root 1213 h 7 pool 390 nodes 63529 size_prunes 0 color_prunes 63529 maxdepth 12 seconds 0.9213 root_labels 1 5 6 25 27 72 109
root 1214 h 7 pool 380 nodes 24258 size_prunes 0 color_prunes 24258 maxdepth 12 seconds 0.364272 root_labels 1 5 6 25 27 80 86
root 1215 h 7 pool 376 nodes 12848 size_prunes 0 color_prunes 12848 maxdepth 11 seconds 0.225681 root_labels 1 5 6 25 27 80 87
root 1216 h 7 pool 371 nodes 9755 size_prunes 0 color_prunes 9755 maxdepth 11 seconds 0.17652 root_labels 1 5 6 25 27 80 88
root 1217 h 7 pool 385 nodes 40662 size_prunes 0 color_prunes 40662 maxdepth 12 seconds 0.596763 root_labels 1 5 6 25 27 80 106
root 1218 h 7 pool 385 nodes 42094 size_prunes 0 color_prunes 42094 maxdepth 12 seconds 0.617296 root_labels 1 5 6 25 27 80 107
root 1219 h 7 pool 383 nodes 38779 size_prunes 0 color_prunes 38779 maxdepth 12 seconds 0.56769 root_labels 1 5 6 25 27 80 109
root 1220 h 7 pool 375 nodes 16629 size_prunes 0 color_prunes 16629 maxdepth 11 seconds 0.272583 root_labels 1 5 6 25 27 80 111
root 1221 h 7 pool 374 nodes 12186 size_prunes 0 color_prunes 12186 maxdepth 11 seconds 0.215614 root_labels 1 5 6 25 27 81 85
root 1222 h 7 pool 373 nodes 11533 size_prunes 0 color_prunes 11533 maxdepth 11 seconds 0.209345 root_labels 1 5 6 25 27 81 88
root 1223 h 7 pool 371 nodes 9602 size_prunes 0 color_prunes 9602 maxdepth 11 seconds 0.178691 root_labels 1 5 6 25 27 81 89
root 1224 h 7 pool 386 nodes 44292 size_prunes 0 color_prunes 44292 maxdepth 12 seconds 0.658963 root_labels 1 5 6 25 27 81 107
root 1225 h 7 pool 375 nodes 12700 size_prunes 0 color_prunes 12700 maxdepth 11 seconds 0.219567 root_labels 1 5 6 25 27 81 111
root 1226 h 7 pool 373 nodes 11235 size_prunes 0 color_prunes 11235 maxdepth 11 seconds 0.202311 root_labels 1 5 6 25 27 81 114
root 1227 h 7 pool 374 nodes 10533 size_prunes 0 color_prunes 10533 maxdepth 11 seconds 0.194666 root_labels 1 5 6 25 27 82 85
root 1228 h 7 pool 375 nodes 12117 size_prunes 0 color_prunes 12117 maxdepth 11 seconds 0.215388 root_labels 1 5 6 25 27 82 86
root 1229 h 7 pool 385 nodes 42543 size_prunes 0 color_prunes 42543 maxdepth 12 seconds 0.621305 root_labels 1 5 6 25 27 82 105
root 1230 h 7 pool 386 nodes 43501 size_prunes 0 color_prunes 43501 maxdepth 12 seconds 0.642422 root_labels 1 5 6 25 27 82 107
root 1231 h 7 pool 378 nodes 19425 size_prunes 0 color_prunes 19425 maxdepth 11 seconds 0.303759 root_labels 1 5 6 25 27 82 114
root 1232 h 7 pool 378 nodes 21199 size_prunes 0 color_prunes 21199 maxdepth 11 seconds 0.32399 root_labels 1 5 6 25 27 83 87
root 1233 h 7 pool 383 nodes 28383 size_prunes 0 color_prunes 28383 maxdepth 11 seconds 0.437096 root_labels 1 5 6 25 27 83 89
root 1234 h 7 pool 390 nodes 71239 size_prunes 0 color_prunes 71239 maxdepth 12 seconds 1.01434 root_labels 1 5 6 25 27 83 105
root 1235 h 7 pool 383 nodes 33390 size_prunes 0 color_prunes 33390 maxdepth 12 seconds 0.502758 root_labels 1 5 6 25 27 83 106
root 1236 h 7 pool 383 nodes 35977 size_prunes 0 color_prunes 35977 maxdepth 12 seconds 0.537893 root_labels 1 5 6 25 27 83 108
root 1237 h 7 pool 378 nodes 16427 size_prunes 0 color_prunes 16427 maxdepth 11 seconds 0.27127 root_labels 1 5 6 25 27 83 111
root 1238 h 7 pool 382 nodes 29744 size_prunes 0 color_prunes 29744 maxdepth 12 seconds 0.448184 root_labels 1 5 6 25 27 84 85
root 1239 h 7 pool 378 nodes 21326 size_prunes 0 color_prunes 21326 maxdepth 11 seconds 0.329655 root_labels 1 5 6 25 27 84 86
root 1240 h 7 pool 384 nodes 37231 size_prunes 0 color_prunes 37231 maxdepth 12 seconds 0.556545 root_labels 1 5 6 25 27 84 106
root 1241 h 7 pool 384 nodes 35305 size_prunes 0 color_prunes 35305 maxdepth 12 seconds 0.533526 root_labels 1 5 6 25 27 84 108
root 1242 h 7 pool 390 nodes 69168 size_prunes 0 color_prunes 69168 maxdepth 12 seconds 0.993442 root_labels 1 5 6 25 27 84 109
root 1243 h 7 pool 379 nodes 17851 size_prunes 0 color_prunes 17851 maxdepth 11 seconds 0.293691 root_labels 1 5 6 25 27 84 114
root 1244 h 7 pool 380 nodes 28181 size_prunes 0 color_prunes 28181 maxdepth 12 seconds 0.431698 root_labels 1 5 6 25 27 85 106
root 1245 h 7 pool 379 nodes 22582 size_prunes 0 color_prunes 22582 maxdepth 11 seconds 0.361086 root_labels 1 5 6 25 27 85 107
root 1246 h 7 pool 382 nodes 25638 size_prunes 0 color_prunes 25638 maxdepth 12 seconds 0.40534 root_labels 1 5 6 25 27 85 111
root 1247 h 7 pool 374 nodes 11761 size_prunes 0 color_prunes 11761 maxdepth 11 seconds 0.211733 root_labels 1 5 6 25 27 85 114
root 1248 h 7 pool 381 nodes 31668 size_prunes 0 color_prunes 31668 maxdepth 11 seconds 0.478591 root_labels 1 5 6 25 27 86 109
root 1249 h 7 pool 381 nodes 25776 size_prunes 0 color_prunes 25776 maxdepth 12 seconds 0.39558 root_labels 1 5 6 25 27 86 111
root 1250 h 7 pool 378 nodes 16162 size_prunes 0 color_prunes 16162 maxdepth 11 seconds 0.272599 root_labels 1 5 6 25 27 86 114
root 1251 h 7 pool 380 nodes 23712 size_prunes 0 color_prunes 23712 maxdepth 11 seconds 0.384995 root_labels 1 5 6 25 27 87 107
root 1252 h 7 pool 378 nodes 16466 size_prunes 0 color_prunes 16466 maxdepth 11 seconds 0.272894 root_labels 1 5 6 25 27 87 111
root 1253 h 7 pool 383 nodes 32568 size_prunes 0 color_prunes 32568 maxdepth 12 seconds 0.502124 root_labels 1 5 6 25 27 88 105
root 1254 h 7 pool 375 nodes 12850 size_prunes 0 color_prunes 12850 maxdepth 11 seconds 0.227786 root_labels 1 5 6 25 27 88 111
root 1255 h 7 pool 382 nodes 26910 size_prunes 0 color_prunes 26910 maxdepth 12 seconds 0.425338 root_labels 1 5 6 25 27 88 114
root 1256 h 7 pool 379 nodes 22278 size_prunes 0 color_prunes 22278 maxdepth 11 seconds 0.356937 root_labels 1 5 6 25 27 89 108
root 1257 h 7 pool 379 nodes 21190 size_prunes 0 color_prunes 21190 maxdepth 11 seconds 0.341675 root_labels 1 5 6 25 27 89 111
root 1258 h 7 pool 383 nodes 26706 size_prunes 0 color_prunes 26706 maxdepth 12 seconds 0.414134 root_labels 1 5 6 25 27 89 114
root 1259 h 7 pool 390 nodes 72031 size_prunes 0 color_prunes 72031 maxdepth 12 seconds 1.06607 root_labels 1 5 6 25 27 105 107
root 1260 h 7 pool 390 nodes 73998 size_prunes 0 color_prunes 73998 maxdepth 12 seconds 1.0949 root_labels 1 5 6 25 27 105 108
root 1261 h 7 pool 390 nodes 57026 size_prunes 0 color_prunes 57026 maxdepth 12 seconds 0.849316 root_labels 1 5 6 25 27 105 114
root 1262 h 7 pool 390 nodes 71404 size_prunes 0 color_prunes 71404 maxdepth 12 seconds 1.05878 root_labels 1 5 6 25 27 106 108
root 1263 h 7 pool 390 nodes 70383 size_prunes 0 color_prunes 70383 maxdepth 12 seconds 1.04393 root_labels 1 5 6 25 27 106 109
root 1264 h 7 pool 390 nodes 69237 size_prunes 0 color_prunes 69237 maxdepth 12 seconds 1.07036 root_labels 1 5 6 25 27 107 109
root 1265 h 7 pool 385 nodes 38589 size_prunes 0 color_prunes 38589 maxdepth 12 seconds 0.569929 root_labels 1 5 6 25 27 107 111
root 1266 h 7 pool 389 nodes 52755 size_prunes 0 color_prunes 52755 maxdepth 12 seconds 0.772837 root_labels 1 5 6 25 27 109 111
root 1267 h 7 pool 382 nodes 23577 size_prunes 0 color_prunes 23577 maxdepth 12 seconds 0.359221 root_labels 1 5 6 25 27 111 114
root 1268 h 7 pool 390 nodes 62135 size_prunes 0 color_prunes 62135 maxdepth 12 seconds 0.9126 root_labels 1 5 6 25 31 38 69
root 1269 h 7 pool 379 nodes 19429 size_prunes 0 color_prunes 19429 maxdepth 12 seconds 0.317283 root_labels 1 5 6 25 31 38 77
root 1270 h 7 pool 384 nodes 31269 size_prunes 0 color_prunes 31269 maxdepth 12 seconds 0.488188 root_labels 1 5 6 25 31 38 89
root 1271 h 7 pool 386 nodes 36228 size_prunes 0 color_prunes 36228 maxdepth 12 seconds 0.554538 root_labels 1 5 6 25 31 38 96
root 1272 h 7 pool 377 nodes 14982 size_prunes 0 color_prunes 14982 maxdepth 11 seconds 0.258463 root_labels 1 5 6 25 31 39 47
root 1273 h 7 pool 379 nodes 21604 size_prunes 0 color_prunes 21604 maxdepth 12 seconds 0.347146 root_labels 1 5 6 25 31 39 63
root 1274 h 7 pool 384 nodes 34591 size_prunes 0 color_prunes 34591 maxdepth 12 seconds 0.534829 root_labels 1 5 6 25 31 39 65
root 1275 h 7 pool 379 nodes 20270 size_prunes 0 color_prunes 20270 maxdepth 12 seconds 0.32854 root_labels 1 5 6 25 31 39 69
root 1276 h 7 pool 377 nodes 18513 size_prunes 0 color_prunes 18513 maxdepth 11 seconds 0.30363 root_labels 1 5 6 25 31 39 71
root 1277 h 7 pool 382 nodes 26286 size_prunes 0 color_prunes 26286 maxdepth 12 seconds 0.414576 root_labels 1 5 6 25 31 39 96
root 1278 h 7 pool 380 nodes 20617 size_prunes 0 color_prunes 20617 maxdepth 12 seconds 0.338873 root_labels 1 5 6 25 31 39 107
root 1279 h 7 pool 379 nodes 17117 size_prunes 0 color_prunes 17117 maxdepth 12 seconds 0.292197 root_labels 1 5 6 25 31 39 108
root 1280 h 7 pool 387 nodes 48790 size_prunes 0 color_prunes 48790 maxdepth 12 seconds 0.722763 root_labels 1 5 6 25 31 44 63
root 1281 h 7 pool 383 nodes 28309 size_prunes 0 color_prunes 28309 maxdepth 12 seconds 0.43728 root_labels 1 5 6 25 31 44 67
root 1282 h 7 pool 385 nodes 36110 size_prunes 0 color_prunes 36110 maxdepth 12 seconds 0.542911 root_labels 1 5 6 25 31 44 71
root 1283 h 7 pool 378 nodes 17562 size_prunes 0 color_prunes 17562 maxdepth 12 seconds 0.29495 root_labels 1 5 6 25 31 44 77
root 1284 h 7 pool 382 nodes 24462 size_prunes 0 color_prunes 24462 maxdepth 12 seconds 0.401261 root_labels 1 5 6 25 31 44 82
root 1285 h 7 pool 383 nodes 31392 size_prunes 0 color_prunes 31392 maxdepth 12 seconds 0.484586 root_labels 1 5 6 25 31 44 89
root 1286 h 7 pool 391 nodes 59465 size_prunes 0 color_prunes 59465 maxdepth 12 seconds 0.899465 root_labels 1 5 6 25 31 44 107
root 1287 h 7 pool 385 nodes 35499 size_prunes 0 color_prunes 35499 maxdepth 12 seconds 0.534854 root_labels 1 5 6 25 31 53 67
root 1288 h 7 pool 380 nodes 22368 size_prunes 0 color_prunes 22368 maxdepth 12 seconds 0.354166 root_labels 1 5 6 25 31 53 85
root 1289 h 7 pool 372 nodes 10533 size_prunes 0 color_prunes 10533 maxdepth 11 seconds 0.188463 root_labels 1 5 6 25 31 53 86
root 1290 h 7 pool 385 nodes 40443 size_prunes 0 color_prunes 40443 maxdepth 12 seconds 0.605734 root_labels 1 5 6 25 31 53 107
root 1291 h 7 pool 372 nodes 9935 size_prunes 0 color_prunes 9935 maxdepth 11 seconds 0.185471 root_labels 1 5 6 25 31 53 116
root 1292 h 7 pool 379 nodes 21648 size_prunes 0 color_prunes 21648 maxdepth 11 seconds 0.341822 root_labels 1 5 6 25 31 58 69
root 1293 h 7 pool 389 nodes 53730 size_prunes 0 color_prunes 53730 maxdepth 12 seconds 0.807339 root_labels 1 5 6 25 31 58 89
root 1294 h 7 pool 378 nodes 19367 size_prunes 0 color_prunes 19367 maxdepth 11 seconds 0.321743 root_labels 1 5 6 25 31 58 116
root 1295 h 7 pool 381 nodes 25443 size_prunes 0 color_prunes 25443 maxdepth 12 seconds 0.39349 root_labels 1 5 6 25 31 59 67
root 1296 h 7 pool 383 nodes 25697 size_prunes 0 color_prunes 25697 maxdepth 12 seconds 0.399358 root_labels 1 5 6 25 31 59 73
root 1297 h 7 pool 382 nodes 29721 size_prunes 0 color_prunes 29721 maxdepth 11 seconds 0.445873 root_labels 1 5 6 25 31 59 111
root 1298 h 7 pool 380 nodes 23323 size_prunes 0 color_prunes 23323 maxdepth 11 seconds 0.370744 root_labels 1 5 6 25 31 59 116
root 1299 h 7 pool 386 nodes 32701 size_prunes 0 color_prunes 32701 maxdepth 12 seconds 0.501824 root_labels 1 5 6 25 31 63 84
root 1300 h 7 pool 386 nodes 34942 size_prunes 0 color_prunes 34942 maxdepth 12 seconds 0.538066 root_labels 1 5 6 25 31 63 89
root 1301 h 7 pool 383 nodes 29161 size_prunes 0 color_prunes 29161 maxdepth 12 seconds 0.457651 root_labels 1 5 6 25 31 63 107
root 1302 h 7 pool 387 nodes 48799 size_prunes 0 color_prunes 48799 maxdepth 12 seconds 0.696432 root_labels 1 5 6 25 31 63 111
root 1303 h 7 pool 382 nodes 22870 size_prunes 0 color_prunes 22870 maxdepth 12 seconds 0.36418 root_labels 1 5 6 25 31 69 82
root 1304 h 7 pool 380 nodes 22321 size_prunes 0 color_prunes 22321 maxdepth 12 seconds 0.354718 root_labels 1 5 6 25 31 69 97
root 1305 h 7 pool 389 nodes 59506 size_prunes 0 color_prunes 59506 maxdepth 12 seconds 0.846076 root_labels 1 5 6 25 31 69 111
root 1306 h 7 pool 381 nodes 21397 size_prunes 0 color_prunes 21397 maxdepth 11 seconds 0.350843 root_labels 1 5 6 25 31 69 116
root 1307 h 7 pool 380 nodes 23038 size_prunes 0 color_prunes 23038 maxdepth 12 seconds 0.370394 root_labels 1 5 6 25 31 77 85
root 1308 h 7 pool 385 nodes 41999 size_prunes 0 color_prunes 41999 maxdepth 12 seconds 0.63843 root_labels 1 5 6 25 31 77 107
root 1309 h 7 pool 379 nodes 19467 size_prunes 0 color_prunes 19467 maxdepth 12 seconds 0.319592 root_labels 1 5 6 25 31 77 111
root 1310 h 7 pool 380 nodes 21046 size_prunes 0 color_prunes 21046 maxdepth 12 seconds 0.333261 root_labels 1 5 6 25 31 82 86
root 1311 h 7 pool 380 nodes 20858 size_prunes 0 color_prunes 20858 maxdepth 12 seconds 0.34187 root_labels 1 5 6 25 31 82 108
root 1312 h 7 pool 393 nodes 69202 size_prunes 0 color_prunes 69202 maxdepth 12 seconds 1.05437 root_labels 1 5 6 25 31 84 96
root 1313 h 7 pool 388 nodes 53967 size_prunes 0 color_prunes 53967 maxdepth 12 seconds 0.821406 root_labels 1 5 6 25 31 89 97
root 1314 h 7 pool 378 nodes 20757 size_prunes 0 color_prunes 20757 maxdepth 12 seconds 0.335866 root_labels 1 5 6 25 31 89 108
root 1315 h 7 pool 385 nodes 37040 size_prunes 0 color_prunes 37040 maxdepth 12 seconds 0.554357 root_labels 1 5 6 25 31 89 111
root 1316 h 7 pool 387 nodes 41697 size_prunes 0 color_prunes 41697 maxdepth 12 seconds 0.639532 root_labels 1 5 6 25 32 36 43
root 1317 h 7 pool 378 nodes 19248 size_prunes 0 color_prunes 19248 maxdepth 11 seconds 0.304492 root_labels 1 5 6 25 32 36 53
root 1318 h 7 pool 388 nodes 56872 size_prunes 0 color_prunes 56872 maxdepth 12 seconds 0.815168 root_labels 1 5 6 25 32 36 68
root 1319 h 7 pool 387 nodes 47455 size_prunes 0 color_prunes 47455 maxdepth 12 seconds 0.700587 root_labels 1 5 6 25 32 43 57
root 1320 h 7 pool 381 nodes 24654 size_prunes 0 color_prunes 24654 maxdepth 11 seconds 0.385144 root_labels 1 5 6 25 32 43 65
root 1321 h 7 pool 384 nodes 34574 size_prunes 0 color_prunes 34574 maxdepth 12 seconds 0.523997 root_labels 1 5 6 25 32 43 69
root 1322 h 7 pool 380 nodes 21496 size_prunes 0 color_prunes 21496 maxdepth 12 seconds 0.339391 root_labels 1 5 6 25 32 43 72
root 1323 h 7 pool 382 nodes 23184 size_prunes 0 color_prunes 23184 maxdepth 12 seconds 0.373417 root_labels 1 5 6 25 32 43 77
root 1324 h 7 pool 382 nodes 23796 size_prunes 0 color_prunes 23796 maxdepth 12 seconds 0.385977 root_labels 1 5 6 25 32 43 83
root 1325 h 7 pool 381 nodes 25228 size_prunes 0 color_prunes 25228 maxdepth 12 seconds 0.401897 root_labels 1 5 6 25 32 43 88
root 1326 h 7 pool 379 nodes 18061 size_prunes 0 color_prunes 18061 maxdepth 12 seconds 0.310625 root_labels 1 5 6 25 32 43 96
root 1327 h 7 pool 388 nodes 39018 size_prunes 0 color_prunes 39018 maxdepth 12 seconds 0.69093 root_labels 1 5 6 25 32 43 109
root 1328 h 7 pool 387 nodes 53909 size_prunes 0 color_prunes 53909 maxdepth 12 seconds 0.766371 root_labels 1 5 6 25 32 46 53
root 1329 h 7 pool 377 nodes 17709 size_prunes 0 color_prunes 17709 maxdepth 11 seconds 0.283395 root_labels 1 5 6 25 32 46 55
root 1330 h 7 pool 381 nodes 27219 size_prunes 0 color_prunes 27219 maxdepth 11 seconds 0.410786 root_labels 1 5 6 25 32 46 80
root 1331 h 7 pool 383 nodes 33556 size_prunes 0 color_prunes 33556 maxdepth 12 seconds 0.506735 root_labels 1 5 6 25 32 51 55
root 1332 h 7 pool 382 nodes 25171 size_prunes 0 color_prunes 25171 maxdepth 12 seconds 0.39666 root_labels 1 5 6 25 32 51 69
root 1333 h 7 pool 386 nodes 49324 size_prunes 0 color_prunes 49324 maxdepth 12 seconds 0.751328 root_labels 1 5 6 25 32 51 80
root 1334 h 7 pool 382 nodes 28848 size_prunes 0 color_prunes 28848 maxdepth 12 seconds 0.459649 root_labels 1 5 6 25 32 51 82
root 1335 h 7 pool 388 nodes 56231 size_prunes 0 color_prunes 56231 maxdepth 12 seconds 0.81906 root_labels 1 5 6 25 32 51 83
root 1336 h 7 pool 380 nodes 22106 size_prunes 0 color_prunes 22106 maxdepth 11 seconds 0.343452 root_labels 1 5 6 25 32 51 88
root 1337 h 7 pool 383 nodes 27909 size_prunes 0 color_prunes 27909 maxdepth 12 seconds 0.440056 root_labels 1 5 6 25 32 51 96
root 1338 h 7 pool 383 nodes 28529 size_prunes 0 color_prunes 28529 maxdepth 12 seconds 0.458647 root_labels 1 5 6 25 32 51 107
root 1339 h 7 pool 386 nodes 43548 size_prunes 0 color_prunes 43548 maxdepth 12 seconds 0.654764 root_labels 1 5 6 25 32 51 109
root 1340 h 7 pool 377 nodes 16717 size_prunes 0 color_prunes 16717 maxdepth 12 seconds 0.291713 root_labels 1 5 6 25 32 53 55
root 1341 h 7 pool 382 nodes 28764 size_prunes 0 color_prunes 28764 maxdepth 12 seconds 0.441114 root_labels 1 5 6 25 32 53 56
root 1342 h 7 pool 377 nodes 17102 size_prunes 0 color_prunes 17102 maxdepth 11 seconds 0.291366 root_labels 1 5 6 25 32 53 67
root 1343 h 7 pool 377 nodes 17853 size_prunes 0 color_prunes 17853 maxdepth 11 seconds 0.286265 root_labels 1 5 6 25 32 53 88
root 1344 h 7 pool 386 nodes 42392 size_prunes 0 color_prunes 42392 maxdepth 12 seconds 0.629799 root_labels 1 5 6 25 32 53 106
root 1345 h 7 pool 380 nodes 21094 size_prunes 0 color_prunes 21094 maxdepth 12 seconds 0.355193 root_labels 1 5 6 25 32 53 107
root 1346 h 7 pool 378 nodes 15261 size_prunes 0 color_prunes 15261 maxdepth 11 seconds 0.256825 root_labels 1 5 6 25 32 55 72
root 1347 h 7 pool 378 nodes 16781 size_prunes 0 color_prunes 16781 maxdepth 11 seconds 0.293792 root_labels 1 5 6 25 32 55 77
root 1348 h 7 pool 381 nodes 21027 size_prunes 0 color_prunes 21027 maxdepth 11 seconds 0.342612 root_labels 1 5 6 25 32 55 107
root 1349 h 7 pool 374 nodes 13531 size_prunes 0 color_prunes 13531 maxdepth 11 seconds 0.231832 root_labels 1 5 6 25 32 56 65
root 1350 h 7 pool 379 nodes 21029 size_prunes 0 color_prunes 21029 maxdepth 11 seconds 0.332119 root_labels 1 5 6 25 32 56 72
root 1351 h 7 pool 385 nodes 40684 size_prunes 0 color_prunes 40684 maxdepth 12 seconds 0.616795 root_labels 1 5 6 25 32 56 76
root 1352 h 7 pool 379 nodes 24786 size_prunes 0 color_prunes 24786 maxdepth 11 seconds 0.388093 root_labels 1 5 6 25 32 56 77
root 1353 h 7 pool 385 nodes 34322 size_prunes 0 color_prunes 34322 maxdepth 12 seconds 0.528624 root_labels 1 5 6 25 32 56 82
root 1354 h 7 pool 378 nodes 19928 size_prunes 0 color_prunes 19928 maxdepth 11 seconds 0.315636 root_labels 1 5 6 25 32 56 83
root 1355 h 7 pool 389 nodes 59889 size_prunes 0 color_prunes 59889 maxdepth 12 seconds 0.872179 root_labels 1 5 6 25 32 57 77
root 1356 h 7 pool 369 nodes 7009 size_prunes 0 color_prunes 7009 maxdepth 11 seconds 0.140769 root_labels 1 5 6 25 32 65 76
root 1357 h 7 pool 379 nodes 18185 size_prunes 0 color_prunes 18185 maxdepth 11 seconds 0.304298 root_labels 1 5 6 25 32 65 77
root 1358 h 7 pool 368 nodes 6670 size_prunes 0 color_prunes 6670 maxdepth 11 seconds 0.135122 root_labels 1 5 6 25 32 65 82
root 1359 h 7 pool 384 nodes 30145 size_prunes 0 color_prunes 30145 maxdepth 12 seconds 0.468367 root_labels 1 5 6 25 32 65 96
root 1360 h 7 pool 380 nodes 24835 size_prunes 0 color_prunes 24835 maxdepth 11 seconds 0.373676 root_labels 1 5 6 25 32 65 106
root 1361 h 7 pool 375 nodes 13252 size_prunes 0 color_prunes 13252 maxdepth 12 seconds 0.227235 root_labels 1 5 6 25 32 67 80
root 1362 h 7 pool 375 nodes 13305 size_prunes 0 color_prunes 13305 maxdepth 11 seconds 0.228533 root_labels 1 5 6 25 32 67 96
root 1363 h 7 pool 377 nodes 16881 size_prunes 0 color_prunes 16881 maxdepth 11 seconds 0.276401 root_labels 1 5 6 25 32 67 107
root 1364 h 7 pool 379 nodes 18787 size_prunes 0 color_prunes 18787 maxdepth 12 seconds 0.299379 root_labels 1 5 6 25 32 68 72
root 1365 h 7 pool 379 nodes 18327 size_prunes 0 color_prunes 18327 maxdepth 11 seconds 0.299525 root_labels 1 5 6 25 32 68 83
root 1366 h 7 pool 376 nodes 14053 size_prunes 0 color_prunes 14053 maxdepth 11 seconds 0.244988 root_labels 1 5 6 25 32 68 96
root 1367 h 7 pool 381 nodes 24112 size_prunes 0 color_prunes 24112 maxdepth 12 seconds 0.387109 root_labels 1 5 6 25 32 68 107
root 1368 h 7 pool 377 nodes 18158 size_prunes 0 color_prunes 18158 maxdepth 11 seconds 0.292 root_labels 1 5 6 25 32 68 109
root 1369 h 7 pool 379 nodes 16641 size_prunes 0 color_prunes 16641 maxdepth 11 seconds 0.281755 root_labels 1 5 6 25 32 69 77
root 1370 h 7 pool 380 nodes 19538 size_prunes 0 color_prunes 19538 maxdepth 11 seconds 0.311667 root_labels 1 5 6 25 32 69 82
root 1371 h 7 pool 378 nodes 19130 size_prunes 0 color_prunes 19130 maxdepth 11 seconds 0.305222 root_labels 1 5 6 25 32 69 109
root 1372 h 7 pool 380 nodes 22811 size_prunes 0 color_prunes 22811 maxdepth 12 seconds 0.357074 root_labels 1 5 6 25 32 72 89
root 1373 h 7 pool 384 nodes 31892 size_prunes 0 color_prunes 31892 maxdepth 12 seconds 0.479872 root_labels 1 5 6 25 32 72 106
root 1374 h 7 pool 378 nodes 17351 size_prunes 0 color_prunes 17351 maxdepth 12 seconds 0.289811 root_labels 1 5 6 25 32 72 107
root 1375 h 7 pool 387 nodes 45380 size_prunes 0 color_prunes 45380 maxdepth 12 seconds 0.676233 root_labels 1 5 6 25 32 72 109
root 1376 h 7 pool 381 nodes 25201 size_prunes 0 color_prunes 25201 maxdepth 12 seconds 0.408843 root_labels 1 5 6 25 32 76 80
root 1377 h 7 pool 373 nodes 11716 size_prunes 0 color_prunes 11716 maxdepth 11 seconds 0.212924 root_labels 1 5 6 25 32 76 88
root 1378 h 7 pool 367 nodes 6005 size_prunes 0 color_prunes 6005 maxdepth 11 seconds 0.126436 root_labels 1 5 6 25 32 76 89
root 1379 h 7 pool 382 nodes 27598 size_prunes 0 color_prunes 27598 maxdepth 12 seconds 0.449559 root_labels 1 5 6 25 32 76 107
root 1380 h 7 pool 380 nodes 22419 size_prunes 0 color_prunes 22419 maxdepth 12 seconds 0.360225 root_labels 1 5 6 25 32 76 109
root 1381 h 7 pool 380 nodes 22225 size_prunes 0 color_prunes 22225 maxdepth 12 seconds 0.339352 root_labels 1 5 6 25 32 77 89
root 1382 h 7 pool 380 nodes 20568 size_prunes 0 color_prunes 20568 maxdepth 12 seconds 0.349253 root_labels 1 5 6 25 32 77 107
root 1383 h 7 pool 376 nodes 16976 size_prunes 0 color_prunes 16976 maxdepth 11 seconds 0.271894 root_labels 1 5 6 25 32 80 89
root 1384 h 7 pool 376 nodes 15374 size_prunes 0 color_prunes 15374 maxdepth 11 seconds 0.270103 root_labels 1 5 6 25 32 80 96
root 1385 h 7 pool 380 nodes 21115 size_prunes 0 color_prunes 21115 maxdepth 11 seconds 0.341926 root_labels 1 5 6 25 32 80 107
root 1386 h 7 pool 380 nodes 22494 size_prunes 0 color_prunes 22494 maxdepth 11 seconds 0.357955 root_labels 1 5 6 25 32 83 96
root 1387 h 7 pool 377 nodes 17177 size_prunes 0 color_prunes 17177 maxdepth 12 seconds 0.282626 root_labels 1 5 6 25 32 89 96
root 1388 h 7 pool 385 nodes 33269 size_prunes 0 color_prunes 33269 maxdepth 12 seconds 0.498967 root_labels 1 5 6 25 32 89 109
root 1389 h 7 pool 381 nodes 19467 size_prunes 0 color_prunes 19467 maxdepth 12 seconds 0.327543 root_labels 1 5 6 25 33 37 46
root 1390 h 7 pool 372 nodes 11389 size_prunes 0 color_prunes 11389 maxdepth 11 seconds 0.197933 root_labels 1 5 6 25 33 37 51
root 1391 h 7 pool 378 nodes 22822 size_prunes 0 color_prunes 22822 maxdepth 11 seconds 0.352604 root_labels 1 5 6 25 33 37 65
root 1392 h 7 pool 378 nodes 19612 size_prunes 0 color_prunes 19612 maxdepth 11 seconds 0.311874 root_labels 1 5 6 25 33 37 66
root 1393 h 7 pool 373 nodes 13015 size_prunes 0 color_prunes 13015 maxdepth 11 seconds 0.222696 root_labels 1 5 6 25 33 37 67
root 1394 h 7 pool 371 nodes 9855 size_prunes 0 color_prunes 9855 maxdepth 11 seconds 0.182246 root_labels 1 5 6 25 33 37 77
root 1395 h 7 pool 374 nodes 12891 size_prunes 0 color_prunes 12891 maxdepth 11 seconds 0.229568 root_labels 1 5 6 25 33 37 98
root 1396 h 7 pool 381 nodes 20420 size_prunes 0 color_prunes 20420 maxdepth 12 seconds 0.341552 root_labels 1 5 6 25 33 37 114
root 1397 h 7 pool 367 nodes 6676 size_prunes 0 color_prunes 6676 maxdepth 11 seconds 0.131806 root_labels 1 5 6 25 33 41 58
root 1398 h 7 pool 362 nodes 5119 size_prunes 0 color_prunes 5119 maxdepth 11 seconds 0.10967 root_labels 1 5 6 25 33 41 68
root 1399 h 7 pool 366 nodes 5800 size_prunes 0 color_prunes 5800 maxdepth 11 seconds 0.119729 root_labels 1 5 6 25 33 41 87
root 1400 h 7 pool 380 nodes 17067 size_prunes 0 color_prunes 17067 maxdepth 12 seconds 0.294265 root_labels 1 5 6 25 33 41 106
root 1401 h 7 pool 367 nodes 6143 size_prunes 0 color_prunes 6143 maxdepth 11 seconds 0.122636 root_labels 1 5 6 25 33 42 51
root 1402 h 7 pool 365 nodes 5856 size_prunes 0 color_prunes 5856 maxdepth 11 seconds 0.119776 root_labels 1 5 6 25 33 42 57
root 1403 h 7 pool 365 nodes 5857 size_prunes 0 color_prunes 5857 maxdepth 11 seconds 0.124431 root_labels 1 5 6 25 33 42 67
root 1404 h 7 pool 378 nodes 17911 size_prunes 0 color_prunes 17911 maxdepth 12 seconds 0.305968 root_labels 1 5 6 25 33 46 53
root 1405 h 7 pool 377 nodes 16102 size_prunes 0 color_prunes 16102 maxdepth 11 seconds 0.270039 root_labels 1 5 6 25 33 46 57
root 1406 h 7 pool 380 nodes 21532 size_prunes 0 color_prunes 21532 maxdepth 12 seconds 0.345492 root_labels 1 5 6 25 33 46 58
root 1407 h 7 pool 374 nodes 11827 size_prunes 0 color_prunes 11827 maxdepth 11 seconds 0.211726 root_labels 1 5 6 25 33 46 64
root 1408 h 7 pool 368 nodes 7574 size_prunes 0 color_prunes 7574 maxdepth 11 seconds 0.148589 root_labels 1 5 6 25 33 46 68
root 1409 h 7 pool 381 nodes 22784 size_prunes 0 color_prunes 22784 maxdepth 11 seconds 0.36327 root_labels 1 5 6 25 33 46 80
root 1410 h 7 pool 378 nodes 16329 size_prunes 0 color_prunes 16329 maxdepth 11 seconds 0.269596 root_labels 1 5 6 25 33 46 81
root 1411 h 7 pool 383 nodes 22509 size_prunes 0 color_prunes 22509 maxdepth 12 seconds 0.37109 root_labels 1 5 6 25 33 46 113
root 1412 h 7 pool 379 nodes 19338 size_prunes 0 color_prunes 19338 maxdepth 12 seconds 0.332162 root_labels 1 5 6 25 33 51 59
root 1413 h 7 pool 377 nodes 16543 size_prunes 0 color_prunes 16543 maxdepth 11 seconds 0.292529 root_labels 1 5 6 25 33 51 81
root 1414 h 7 pool 381 nodes 26855 size_prunes 0 color_prunes 26855 maxdepth 12 seconds 0.420533 root_labels 1 5 6 25 33 51 83
root 1415 h 7 pool 365 nodes 5803 size_prunes 0 color_prunes 5803 maxdepth 11 seconds 0.120752 root_labels 1 5 6 25 33 51 87
root 1416 h 7 pool 377 nodes 14495 size_prunes 0 color_prunes 14495 maxdepth 11 seconds 0.259013 root_labels 1 5 6 25 33 51 108
root 1417 h 7 pool 364 nodes 5695 size_prunes 0 color_prunes 5695 maxdepth 11 seconds 0.116928 root_labels 1 5 6 25 33 51 113
root 1418 h 7 pool 381 nodes 28469 size_prunes 0 color_prunes 28469 maxdepth 12 seconds 0.447858 root_labels 1 5 6 25 33 53 57
root 1419 h 7 pool 379 nodes 20171 size_prunes 0 color_prunes 20171 maxdepth 11 seconds 0.340471 root_labels 1 5 6 25 33 53 80
root 1420 h 7 pool 388 nodes 48490 size_prunes 0 color_prunes 48490 maxdepth 12 seconds 0.742301 root_labels 1 5 6 25 33 53 106
root 1421 h 7 pool 374 nodes 10187 size_prunes 0 color_prunes 10187 maxdepth 11 seconds 0.201346 root_labels 1 5 6 25 33 53 108
root 1422 h 7 pool 363 nodes 5500 size_prunes 0 color_prunes 5500 maxdepth 11 seconds 0.114821 root_labels 1 5 6 25 33 53 114
root 1423 h 7 pool 379 nodes 20599 size_prunes 0 color_prunes 20599 maxdepth 12 seconds 0.342552 root_labels 1 5 6 25 33 57 76
root 1424 h 7 pool 382 nodes 29640 size_prunes 0 color_prunes 29640 maxdepth 12 seconds 0.468605 root_labels 1 5 6 25 33 57 77
root 1425 h 7 pool 379 nodes 19660 size_prunes 0 color_prunes 19660 maxdepth 12 seconds 0.321754 root_labels 1 5 6 25 33 57 106
root 1426 h 7 pool 370 nodes 7227 size_prunes 0 color_prunes 7227 maxdepth 11 seconds 0.138299 root_labels 1 5 6 25 33 58 114
root 1427 h 7 pool 381 nodes 22059 size_prunes 0 color_prunes 22059 maxdepth 11 seconds 0.351434 root_labels 1 5 6 25 33 59 87
root 1428 h 7 pool 368 nodes 6284 size_prunes 0 color_prunes 6284 maxdepth 11 seconds 0.123182 root_labels 1 5 6 25 33 59 114
root 1429 h 7 pool 380 nodes 22697 size_prunes 0 color_prunes 22697 maxdepth 12 seconds 0.366125 root_labels 1 5 6 25 33 64 67
root 1430 h 7 pool 383 nodes 29537 size_prunes 0 color_prunes 29537 maxdepth 12 seconds 0.456402 root_labels 1 5 6 25 33 64 68
root 1431 h 7 pool 376 nodes 15010 size_prunes 0 color_prunes 15010 maxdepth 11 seconds 0.263505 root_labels 1 5 6 25 33 64 77
root 1432 h 7 pool 376 nodes 13460 size_prunes 0 color_prunes 13460 maxdepth 11 seconds 0.237473 root_labels 1 5 6 25 33 64 83
root 1433 h 7 pool 383 nodes 28534 size_prunes 0 color_prunes 28534 maxdepth 12 seconds 0.43641 root_labels 1 5 6 25 33 64 87
root 1434 h 7 pool 370 nodes 6964 size_prunes 0 color_prunes 6964 maxdepth 11 seconds 0.134562 root_labels 1 5 6 25 33 64 113
root 1435 h 7 pool 368 nodes 6431 size_prunes 0 color_prunes 6431 maxdepth 11 seconds 0.129329 root_labels 1 5 6 25 33 64 114
root 1436 h 7 pool 368 nodes 6330 size_prunes 0 color_prunes 6330 maxdepth 11 seconds 0.127725 root_labels 1 5 6 25 33 65 76
root 1437 h 7 pool 369 nodes 7031 size_prunes 0 color_prunes 7031 maxdepth 11 seconds 0.140419 root_labels 1 5 6 25 33 65 81
root 1438 h 7 pool 376 nodes 13894 size_prunes 0 color_prunes 13894 maxdepth 11 seconds 0.241055 root_labels 1 5 6 25 33 65 106
root 1439 h 7 pool 368 nodes 7127 size_prunes 0 color_prunes 7127 maxdepth 11 seconds 0.141567 root_labels 1 5 6 25 33 65 108
root 1440 h 7 pool 366 nodes 5929 size_prunes 0 color_prunes 5929 maxdepth 11 seconds 0.118134 root_labels 1 5 6 25 33 65 113
root 1441 h 7 pool 367 nodes 6201 size_prunes 0 color_prunes 6201 maxdepth 11 seconds 0.126456 root_labels 1 5 6 25 33 66 76
root 1442 h 7 pool 374 nodes 11832 size_prunes 0 color_prunes 11832 maxdepth 11 seconds 0.209598 root_labels 1 5 6 25 33 66 80
root 1443 h 7 pool 368 nodes 6155 size_prunes 0 color_prunes 6155 maxdepth 11 seconds 0.125881 root_labels 1 5 6 25 33 66 81
root 1444 h 7 pool 375 nodes 13161 size_prunes 0 color_prunes 13161 maxdepth 11 seconds 0.242488 root_labels 1 5 6 25 33 66 98
root 1445 h 7 pool 367 nodes 6382 size_prunes 0 color_prunes 6382 maxdepth 11 seconds 0.131652 root_labels 1 5 6 25 33 66 108
root 1446 h 7 pool 369 nodes 6777 size_prunes 0 color_prunes 6777 maxdepth 11 seconds 0.131157 root_labels 1 5 6 25 33 66 113
root 1447 h 7 pool 370 nodes 7173 size_prunes 0 color_prunes 7173 maxdepth 11 seconds 0.141265 root_labels 1 5 6 25 33 66 114
root 1448 h 7 pool 366 nodes 5831 size_prunes 0 color_prunes 5831 maxdepth 11 seconds 0.119159 root_labels 1 5 6 25 33 67 80
root 1449 h 7 pool 366 nodes 6081 size_prunes 0 color_prunes 6081 maxdepth 11 seconds 0.128284 root_labels 1 5 6 25 33 67 114
root 1450 h 7 pool 376 nodes 13719 size_prunes 0 color_prunes 13719 maxdepth 11 seconds 0.240159 root_labels 1 5 6 25 33 68 83
root 1451 h 7 pool 380 nodes 20829 size_prunes 0 color_prunes 20829 maxdepth 11 seconds 0.342667 root_labels 1 5 6 25 33 68 98
root 1452 h 7 pool 368 nodes 6353 size_prunes 0 color_prunes 6353 maxdepth 11 seconds 0.124034 root_labels 1 5 6 25 33 68 114
root 1453 h 7 pool 378 nodes 17561 size_prunes 0 color_prunes 17561 maxdepth 12 seconds 0.303001 root_labels 1 5 6 25 33 76 80
root 1454 h 7 pool 377 nodes 14732 size_prunes 0 color_prunes 14732 maxdepth 12 seconds 0.267126 root_labels 1 5 6 25 33 76 108
root 1455 h 7 pool 368 nodes 6560 size_prunes 0 color_prunes 6560 maxdepth 11 seconds 0.131227 root_labels 1 5 6 25 33 76 113
root 1456 h 7 pool 366 nodes 6157 size_prunes 0 color_prunes 6157 maxdepth 11 seconds 0.128297 root_labels 1 5 6 25 33 76 114
root 1457 h 7 pool 386 nodes 44215 size_prunes 0 color_prunes 44215 maxdepth 12 seconds 0.683785 root_labels 1 5 6 25 33 77 106
root 1458 h 7 pool 374 nodes 10147 size_prunes 0 color_prunes 10147 maxdepth 11 seconds 0.204257 root_labels 1 5 6 25 33 77 108
root 1459 h 7 pool 368 nodes 6451 size_prunes 0 color_prunes 6451 maxdepth 11 seconds 0.129309 root_labels 1 5 6 25 33 77 113
root 1460 h 7 pool 377 nodes 16237 size_prunes 0 color_prunes 16237 maxdepth 11 seconds 0.274781 root_labels 1 5 6 25 33 80 98
root 1461 h 7 pool 375 nodes 13486 size_prunes 0 color_prunes 13486 maxdepth 11 seconds 0.232706 root_labels 1 5 6 25 33 83 87
root 1462 h 7 pool 368 nodes 6976 size_prunes 0 color_prunes 6976 maxdepth 11 seconds 0.14328 root_labels 1 5 6 25 33 87 108
root 1463 h 7 pool 367 nodes 6440 size_prunes 0 color_prunes 6440 maxdepth 11 seconds 0.131085 root_labels 1 5 6 25 33 87 113
root 1464 h 7 pool 368 nodes 6337 size_prunes 0 color_prunes 6337 maxdepth 11 seconds 0.128219 root_labels 1 5 6 25 33 87 114
root 1465 h 7 pool 383 nodes 25580 size_prunes 0 color_prunes 25580 maxdepth 12 seconds 0.409689 root_labels 1 5 6 25 33 98 106
root 1466 h 7 pool 386 nodes 41644 size_prunes 0 color_prunes 41644 maxdepth 12 seconds 0.632993 root_labels 1 5 6 25 34 51 55
root 1467 h 7 pool 382 nodes 26480 size_prunes 0 color_prunes 26480 maxdepth 12 seconds 0.42503 root_labels 1 5 6 25 34 51 81
root 1468 h 7 pool 378 nodes 16751 size_prunes 0 color_prunes 16751 maxdepth 12 seconds 0.294026 root_labels 1 5 6 25 34 51 83
root 1469 h 7 pool 367 nodes 6486 size_prunes 0 color_prunes 6486 maxdepth 11 seconds 0.132452 root_labels 1 5 6 25 34 51 88
root 1470 h 7 pool 377 nodes 19439 size_prunes 0 color_prunes 19439 maxdepth 11 seconds 0.318227 root_labels 1 5 6 25 34 51 107
root 1471 h 7 pool 383 nodes 27740 size_prunes 0 color_prunes 27740 maxdepth 12 seconds 0.444569 root_labels 1 5 6 25 34 51 109
root 1472 h 7 pool 371 nodes 8623 size_prunes 0 color_prunes 8623 maxdepth 11 seconds 0.165818 root_labels 1 5 6 25 34 51 117
root 1473 h 7 pool 385 nodes 40105 size_prunes 0 color_prunes 40105 maxdepth 12 seconds 0.611577 root_labels 1 5 6 25 34 53 81
root 1474 h 7 pool 380 nodes 28983 size_prunes 0 color_prunes 28983 maxdepth 12 seconds 0.444681 root_labels 1 5 6 25 34 53 84
root 1475 h 7 pool 388 nodes 59003 size_prunes 0 color_prunes 59003 maxdepth 12 seconds 0.881363 root_labels 1 5 6 25 34 53 107
root 1476 h 7 pool 380 nodes 20836 size_prunes 0 color_prunes 20836 maxdepth 11 seconds 0.352798 root_labels 1 5 6 25 34 53 109
root 1477 h 7 pool 380 nodes 22351 size_prunes 0 color_prunes 22351 maxdepth 12 seconds 0.350193 root_labels 1 5 6 25 34 55 72
root 1478 h 7 pool 379 nodes 23526 size_prunes 0 color_prunes 23526 maxdepth 12 seconds 0.377097 root_labels 1 5 6 25 34 55 77
root 1479 h 7 pool 379 nodes 20683 size_prunes 0 color_prunes 20683 maxdepth 11 seconds 0.327159 root_labels 1 5 6 25 34 55 83
root 1480 h 7 pool 384 nodes 32892 size_prunes 0 color_prunes 32892 maxdepth 12 seconds 0.50284 root_labels 1 5 6 25 34 55 84
root 1481 h 7 pool 377 nodes 16678 size_prunes 0 color_prunes 16678 maxdepth 11 seconds 0.272926 root_labels 1 5 6 25 34 55 117
root 1482 h 7 pool 383 nodes 32597 size_prunes 0 color_prunes 32597 maxdepth 12 seconds 0.499004 root_labels 1 5 6 25 34 56 76
root 1483 h 7 pool 378 nodes 17531 size_prunes 0 color_prunes 17531 maxdepth 12 seconds 0.29896 root_labels 1 5 6 25 34 56 77
root 1484 h 7 pool 382 nodes 21757 size_prunes 0 color_prunes 21757 maxdepth 12 seconds 0.352365 root_labels 1 5 6 25 34 56 109
root 1485 h 7 pool 377 nodes 16408 size_prunes 0 color_prunes 16408 maxdepth 11 seconds 0.271188 root_labels 1 5 6 25 34 56 117
root 1486 h 7 pool 387 nodes 50016 size_prunes 0 color_prunes 50016 maxdepth 12 seconds 0.724638 root_labels 1 5 6 25 34 61 65
root 1487 h 7 pool 374 nodes 12842 size_prunes 0 color_prunes 12842 maxdepth 11 seconds 0.227027 root_labels 1 5 6 25 34 61 77
root 1488 h 7 pool 377 nodes 14655 size_prunes 0 color_prunes 14655 maxdepth 11 seconds 0.252858 root_labels 1 5 6 25 34 61 81
root 1489 h 7 pool 381 nodes 20948 size_prunes 0 color_prunes 20948 maxdepth 12 seconds 0.3484 root_labels 1 5 6 25 34 61 98
root 1490 h 7 pool 380 nodes 22086 size_prunes 0 color_prunes 22086 maxdepth 12 seconds 0.348923 root_labels 1 5 6 25 34 66 76
root 1491 h 7 pool 378 nodes 14574 size_prunes 0 color_prunes 14574 maxdepth 11 seconds 0.253794 root_labels 1 5 6 25 34 66 81
root 1492 h 7 pool 387 nodes 44701 size_prunes 0 color_prunes 44701 maxdepth 12 seconds 0.65555 root_labels 1 5 6 25 34 72 107
root 1493 h 7 pool 378 nodes 17106 size_prunes 0 color_prunes 17106 maxdepth 11 seconds 0.288359 root_labels 1 5 6 25 34 72 109
root 1494 h 7 pool 379 nodes 23390 size_prunes 0 color_prunes 23390 maxdepth 12 seconds 0.360436 root_labels 1 5 6 25 34 76 88
root 1495 h 7 pool 386 nodes 44943 size_prunes 0 color_prunes 44943 maxdepth 12 seconds 0.671895 root_labels 1 5 6 25 34 76 107
root 1496 h 7 pool 382 nodes 26699 size_prunes 0 color_prunes 26699 maxdepth 12 seconds 0.434073 root_labels 1 5 6 25 34 76 109
root 1497 h 7 pool 379 nodes 19833 size_prunes 0 color_prunes 19833 maxdepth 11 seconds 0.32183 root_labels 1 5 6 25 34 76 117
root 1498 h 7 pool 388 nodes 61792 size_prunes 0 color_prunes 61792 maxdepth 12 seconds 0.918406 root_labels 1 5 6 25 34 77 107
root 1499 h 7 pool 380 nodes 22088 size_prunes 0 color_prunes 22088 maxdepth 12 seconds 0.366186 root_labels 1 5 6 25 34 77 109
root 1500 h 7 pool 382 nodes 21282 size_prunes 0 color_prunes 21282 maxdepth 12 seconds 0.358021 root_labels 1 5 6 25 34 81 98
root 1501 h 7 pool 381 nodes 21184 size_prunes 0 color_prunes 21184 maxdepth 12 seconds 0.346555 root_labels 1 5 6 25 34 81 109
root 1502 h 7 pool 385 nodes 34975 size_prunes 0 color_prunes 34975 maxdepth 12 seconds 0.52193 root_labels 1 5 6 25 37 51 63
root 1503 h 7 pool 373 nodes 10645 size_prunes 0 color_prunes 10645 maxdepth 11 seconds 0.194406 root_labels 1 5 6 25 37 51 64
root 1504 h 7 pool 381 nodes 23739 size_prunes 0 color_prunes 23739 maxdepth 11 seconds 0.364346 root_labels 1 5 6 25 37 51 83
root 1505 h 7 pool 374 nodes 11783 size_prunes 0 color_prunes 11783 maxdepth 11 seconds 0.215069 root_labels 1 5 6 25 37 51 85
root 1506 h 7 pool 374 nodes 11057 size_prunes 0 color_prunes 11057 maxdepth 11 seconds 0.199956 root_labels 1 5 6 25 37 51 91
root 1507 h 7 pool 376 nodes 15087 size_prunes 0 color_prunes 15087 maxdepth 12 seconds 0.254773 root_labels 1 5 6 25 37 53 61
root 1508 h 7 pool 377 nodes 20530 size_prunes 0 color_prunes 20530 maxdepth 11 seconds 0.324304 root_labels 1 5 6 25 37 53 98
root 1509 h 7 pool 378 nodes 17837 size_prunes 0 color_prunes 17837 maxdepth 11 seconds 0.293785 root_labels 1 5 6 25 37 53 109
root 1510 h 7 pool 372 nodes 10168 size_prunes 0 color_prunes 10168 maxdepth 11 seconds 0.195014 root_labels 1 5 6 25 37 53 122
root 1511 h 7 pool 374 nodes 12900 size_prunes 0 color_prunes 12900 maxdepth 11 seconds 0.22646 root_labels 1 5 6 25 37 57 85
root 1512 h 7 pool 388 nodes 51942 size_prunes 0 color_prunes 51942 maxdepth 12 seconds 0.744792 root_labels 1 5 6 25 37 58 83
root 1513 h 7 pool 386 nodes 41094 size_prunes 0 color_prunes 41094 maxdepth 12 seconds 0.608376 root_labels 1 5 6 25 37 58 89
root 1514 h 7 pool 380 nodes 22619 size_prunes 0 color_prunes 22619 maxdepth 11 seconds 0.352378 root_labels 1 5 6 25 37 58 94
root 1515 h 7 pool 384 nodes 26779 size_prunes 0 color_prunes 26779 maxdepth 12 seconds 0.419818 root_labels 1 5 6 25 37 58 109
root 1516 h 7 pool 381 nodes 23152 size_prunes 0 color_prunes 23152 maxdepth 11 seconds 0.359599 root_labels 1 5 6 25 37 58 114
root 1517 h 7 pool 379 nodes 17939 size_prunes 0 color_prunes 17939 maxdepth 11 seconds 0.296501 root_labels 1 5 6 25 37 63 83
root 1518 h 7 pool 388 nodes 51899 size_prunes 0 color_prunes 51899 maxdepth 12 seconds 0.791432 root_labels 1 5 6 25 37 63 98
root 1519 h 7 pool 377 nodes 15950 size_prunes 0 color_prunes 15950 maxdepth 11 seconds 0.260026 root_labels 1 5 6 25 37 63 114
root 1520 h 7 pool 382 nodes 20728 size_prunes 0 color_prunes 20728 maxdepth 12 seconds 0.348369 root_labels 1 5 6 25 37 63 122
root 1521 h 7 pool 380 nodes 23378 size_prunes 0 color_prunes 23378 maxdepth 12 seconds 0.359 root_labels 1 5 6 25 37 64 77
root 1522 h 7 pool 379 nodes 18095 size_prunes 0 color_prunes 18095 maxdepth 12 seconds 0.301392 root_labels 1 5 6 25 37 64 83
root 1523 h 7 pool 376 nodes 12885 size_prunes 0 color_prunes 12885 maxdepth 11 seconds 0.227157 root_labels 1 5 6 25 37 64 109
root 1524 h 7 pool 375 nodes 13751 size_prunes 0 color_prunes 13751 maxdepth 11 seconds 0.231654 root_labels 1 5 6 25 37 64 114
root 1525 h 7 pool 383 nodes 26382 size_prunes 0 color_prunes 26382 maxdepth 12 seconds 0.422227 root_labels 1 5 6 25 37 64 121
root 1526 h 7 pool 379 nodes 18756 size_prunes 0 color_prunes 18756 maxdepth 11 seconds 0.303866 root_labels 1 5 6 25 37 77 109
root 1527 h 7 pool 381 nodes 19722 size_prunes 0 color_prunes 19722 maxdepth 11 seconds 0.340761 root_labels 1 5 6 25 37 83 91
root 1528 h 7 pool 378 nodes 14318 size_prunes 0 color_prunes 14318 maxdepth 11 seconds 0.253417 root_labels 1 5 6 25 37 83 121
root 1529 h 7 pool 389 nodes 47903 size_prunes 0 color_prunes 47903 maxdepth 12 seconds 0.726092 root_labels 1 5 6 25 37 89 97
root 1530 h 7 pool 383 nodes 26113 size_prunes 0 color_prunes 26113 maxdepth 12 seconds 0.411551 root_labels 1 5 6 25 37 89 109
root 1531 h 7 pool 383 nodes 26115 size_prunes 0 color_prunes 26115 maxdepth 12 seconds 0.408912 root_labels 1 5 6 25 37 89 114
root 1532 h 7 pool 382 nodes 23803 size_prunes 0 color_prunes 23803 maxdepth 12 seconds 0.376721 root_labels 1 5 6 25 37 89 121
root 1533 h 7 pool 377 nodes 16325 size_prunes 0 color_prunes 16325 maxdepth 11 seconds 0.267844 root_labels 1 5 6 25 37 94 109
root 1534 h 7 pool 376 nodes 15076 size_prunes 0 color_prunes 15076 maxdepth 12 seconds 0.261463 root_labels 1 5 6 25 37 94 114
root 1535 h 7 pool 382 nodes 22351 size_prunes 0 color_prunes 22351 maxdepth 12 seconds 0.352085 root_labels 1 5 6 25 37 109 122
root 1536 h 7 pool 371 nodes 9309 size_prunes 0 color_prunes 9309 maxdepth 11 seconds 0.178092 root_labels 1 5 6 25 38 51 88
root 1537 h 7 pool 364 nodes 5602 size_prunes 0 color_prunes 5602 maxdepth 11 seconds 0.115803 root_labels 1 5 6 25 38 51 108
root 1538 h 7 pool 375 nodes 12476 size_prunes 0 color_prunes 12476 maxdepth 11 seconds 0.21705 root_labels 1 5 6 25 38 51 109
root 1539 h 7 pool 367 nodes 5894 size_prunes 0 color_prunes 5894 maxdepth 11 seconds 0.124821 root_labels 1 5 6 25 38 53 61
root 1540 h 7 pool 374 nodes 12814 size_prunes 0 color_prunes 12814 maxdepth 11 seconds 0.22892 root_labels 1 5 6 25 38 53 88
root 1541 h 7 pool 366 nodes 5804 size_prunes 0 color_prunes 5804 maxdepth 11 seconds 0.121369 root_labels 1 5 6 25 38 53 94
root 1542 h 7 pool 378 nodes 19654 size_prunes 0 color_prunes 19654 maxdepth 11 seconds 0.318117 root_labels 1 5 6 25 38 53 98
root 1543 h 7 pool 373 nodes 11535 size_prunes 0 color_prunes 11535 maxdepth 11 seconds 0.204805 root_labels 1 5 6 25 38 53 109
root 1544 h 7 pool 368 nodes 6271 size_prunes 0 color_prunes 6271 maxdepth 11 seconds 0.123962 root_labels 1 5 6 25 38 53 114
root 1545 h 7 pool 367 nodes 5969 size_prunes 0 color_prunes 5969 maxdepth 11 seconds 0.123041 root_labels 1 5 6 25 38 55 72
root 1546 h 7 pool 369 nodes 6652 size_prunes 0 color_prunes 6652 maxdepth 11 seconds 0.133022 root_labels 1 5 6 25 38 55 108
root 1547 h 7 pool 373 nodes 11419 size_prunes 0 color_prunes 11419 maxdepth 11 seconds 0.202467 root_labels 1 5 6 25 38 55 113
root 1548 h 7 pool 379 nodes 20642 size_prunes 0 color_prunes 20642 maxdepth 11 seconds 0.331092 root_labels 1 5 6 25 38 57 77
root 1549 h 7 pool 384 nodes 32529 size_prunes 0 color_prunes 32529 maxdepth 12 seconds 0.49658 root_labels 1 5 6 25 38 64 77
root 1550 h 7 pool 375 nodes 12872 size_prunes 0 color_prunes 12872 maxdepth 11 seconds 0.231094 root_labels 1 5 6 25 38 64 88
root 1551 h 7 pool 377 nodes 13993 size_prunes 0 color_prunes 13993 maxdepth 12 seconds 0.249641 root_labels 1 5 6 25 38 64 109
root 1552 h 7 pool 370 nodes 7461 size_prunes 0 color_prunes 7461 maxdepth 11 seconds 0.144844 root_labels 1 5 6 25 38 64 113
root 1553 h 7 pool 369 nodes 6743 size_prunes 0 color_prunes 6743 maxdepth 11 seconds 0.133756 root_labels 1 5 6 25 38 64 114
root 1554 h 7 pool 378 nodes 14494 size_prunes 0 color_prunes 14494 maxdepth 11 seconds 0.247532 root_labels 1 5 6 25 38 69 109
root 1555 h 7 pool 368 nodes 6192 size_prunes 0 color_prunes 6192 maxdepth 11 seconds 0.124277 root_labels 1 5 6 25 38 69 114
root 1556 h 7 pool 367 nodes 6401 size_prunes 0 color_prunes 6401 maxdepth 11 seconds 0.130708 root_labels 1 5 6 25 38 76 108
root 1557 h 7 pool 367 nodes 6760 size_prunes 0 color_prunes 6760 maxdepth 11 seconds 0.138546 root_labels 1 5 6 25 38 76 109
root 1558 h 7 pool 376 nodes 13097 size_prunes 0 color_prunes 13097 maxdepth 11 seconds 0.230969 root_labels 1 5 6 25 38 76 113
root 1559 h 7 pool 366 nodes 5844 size_prunes 0 color_prunes 5844 maxdepth 11 seconds 0.124142 root_labels 1 5 6 25 38 77 108
root 1560 h 7 pool 376 nodes 13625 size_prunes 0 color_prunes 13625 maxdepth 11 seconds 0.236336 root_labels 1 5 6 25 38 77 109
root 1561 h 7 pool 370 nodes 7866 size_prunes 0 color_prunes 7866 maxdepth 11 seconds 0.154813 root_labels 1 5 6 25 38 77 113
root 1562 h 7 pool 366 nodes 5931 size_prunes 0 color_prunes 5931 maxdepth 11 seconds 0.121872 root_labels 1 5 6 25 38 77 114
root 1563 h 7 pool 364 nodes 5623 size_prunes 0 color_prunes 5623 maxdepth 11 seconds 0.121978 root_labels 1 5 6 25 38 88 114
root 1564 h 7 pool 385 nodes 39903 size_prunes 0 color_prunes 39903 maxdepth 12 seconds 0.616181 root_labels 1 5 6 25 51 81 107
root 1565 h 7 pool 384 nodes 33868 size_prunes 0 color_prunes 33868 maxdepth 12 seconds 0.522012 root_labels 1 5 6 25 51 81 109
root 1566 h 7 pool 379 nodes 20252 size_prunes 0 color_prunes 20252 maxdepth 12 seconds 0.3405 root_labels 1 5 6 25 51 82 108
root 1567 h 7 pool 379 nodes 18830 size_prunes 0 color_prunes 18830 maxdepth 11 seconds 0.301863 root_labels 1 5 6 25 51 83 111
root 1568 h 7 pool 378 nodes 19443 size_prunes 0 color_prunes 19443 maxdepth 12 seconds 0.326543 root_labels 1 5 6 25 51 85 117
root 1569 h 7 pool 371 nodes 9419 size_prunes 0 color_prunes 9419 maxdepth 11 seconds 0.177323 root_labels 1 5 6 25 51 87 108
root 1570 h 7 pool 382 nodes 27050 size_prunes 0 color_prunes 27050 maxdepth 12 seconds 0.415222 root_labels 1 5 6 25 51 87 113
root 1571 h 7 pool 385 nodes 29589 size_prunes 0 color_prunes 29589 maxdepth 12 seconds 0.460009 root_labels 1 5 6 25 51 91 109
root 1572 h 7 pool 372 nodes 9730 size_prunes 0 color_prunes 9730 maxdepth 11 seconds 0.185746 root_labels 1 5 6 25 51 96 117
root 1573 h 7 pool 378 nodes 17596 size_prunes 0 color_prunes 17596 maxdepth 12 seconds 0.304708 root_labels 1 5 6 25 53 80 107
root 1574 h 7 pool 380 nodes 25437 size_prunes 0 color_prunes 25437 maxdepth 12 seconds 0.400043 root_labels 1 5 6 25 53 80 109
root 1575 h 7 pool 382 nodes 25967 size_prunes 0 color_prunes 25967 maxdepth 12 seconds 0.419828 root_labels 1 5 6 25 53 81 107
root 1576 h 7 pool 378 nodes 16760 size_prunes 0 color_prunes 16760 maxdepth 11 seconds 0.295881 root_labels 1 5 6 25 53 81 109
root 1577 h 7 pool 384 nodes 33964 size_prunes 0 color_prunes 33964 maxdepth 12 seconds 0.527865 root_labels 1 5 6 25 53 84 108
root 1578 h 7 pool 382 nodes 25722 size_prunes 0 color_prunes 25722 maxdepth 12 seconds 0.40011 root_labels 1 5 6 25 53 84 114
root 1579 h 7 pool 376 nodes 14449 size_prunes 0 color_prunes 14449 maxdepth 11 seconds 0.251061 root_labels 1 5 6 25 53 86 122
root 1580 h 7 pool 379 nodes 17146 size_prunes 0 color_prunes 17146 maxdepth 11 seconds 0.290144 root_labels 1 5 6 25 53 94 109
root 1581 h 7 pool 381 nodes 24796 size_prunes 0 color_prunes 24796 maxdepth 12 seconds 0.381348 root_labels 1 5 6 25 53 98 117
root 1582 h 7 pool 378 nodes 15022 size_prunes 0 color_prunes 15022 maxdepth 11 seconds 0.255805 root_labels 1 5 6 25 56 83 121
root 1583 h 7 pool 386 nodes 38069 size_prunes 0 color_prunes 38069 maxdepth 12 seconds 0.577093 root_labels 1 5 6 25 57 81 107
root 1584 h 7 pool 378 nodes 15976 size_prunes 0 color_prunes 15976 maxdepth 11 seconds 0.273367 root_labels 1 5 6 25 57 81 122
root 1585 h 7 pool 383 nodes 25687 size_prunes 0 color_prunes 25687 maxdepth 12 seconds 0.412235 root_labels 1 5 6 25 58 81 107
root 1586 h 7 pool 388 nodes 56248 size_prunes 0 color_prunes 56248 maxdepth 12 seconds 0.821131 root_labels 1 5 7 25 27 31 33
root 1587 h 7 pool 379 nodes 23644 size_prunes 0 color_prunes 23644 maxdepth 11 seconds 0.369378 root_labels 1 5 7 25 27 31 39
root 1588 h 7 pool 378 nodes 17049 size_prunes 0 color_prunes 17049 maxdepth 12 seconds 0.280339 root_labels 1 5 7 25 27 31 40
root 1589 h 7 pool 376 nodes 14198 size_prunes 0 color_prunes 14198 maxdepth 11 seconds 0.237609 root_labels 1 5 7 25 27 31 41
root 1590 h 7 pool 377 nodes 16071 size_prunes 0 color_prunes 16071 maxdepth 12 seconds 0.270278 root_labels 1 5 7 25 27 31 42
root 1591 h 7 pool 384 nodes 34640 size_prunes 0 color_prunes 34640 maxdepth 12 seconds 0.529555 root_labels 1 5 7 25 27 31 46
root 1592 h 7 pool 380 nodes 24701 size_prunes 0 color_prunes 24701 maxdepth 11 seconds 0.380793 root_labels 1 5 7 25 27 33 37
root 1593 h 7 pool 378 nodes 16736 size_prunes 0 color_prunes 16736 maxdepth 12 seconds 0.276802 root_labels 1 5 7 25 27 33 41
root 1594 h 7 pool 376 nodes 14113 size_prunes 0 color_prunes 14113 maxdepth 12 seconds 0.238985 root_labels 1 5 7 25 27 33 42
root 1595 h 7 pool 377 nodes 16582 size_prunes 0 color_prunes 16582 maxdepth 11 seconds 0.272617 root_labels 1 5 7 25 27 33 43
root 1596 h 7 pool 385 nodes 36186 size_prunes 0 color_prunes 36186 maxdepth 12 seconds 0.550299 root_labels 1 5 7 25 27 33 49
root 1597 h 7 pool 375 nodes 14032 size_prunes 0 color_prunes 14032 maxdepth 11 seconds 0.234138 root_labels 1 5 7 25 27 33 66
root 1598 h 7 pool 378 nodes 16768 size_prunes 0 color_prunes 16768 maxdepth 12 seconds 0.277303 root_labels 1 5 7 25 27 35 37
root 1599 h 7 pool 375 nodes 13493 size_prunes 0 color_prunes 13493 maxdepth 11 seconds 0.229582 root_labels 1 5 7 25 27 35 38
root 1600 h 7 pool 376 nodes 13607 size_prunes 0 color_prunes 13607 maxdepth 12 seconds 0.236059 root_labels 1 5 7 25 27 35 41
root 1601 h 7 pool 374 nodes 11340 size_prunes 0 color_prunes 11340 maxdepth 11 seconds 0.199643 root_labels 1 5 7 25 27 35 43
root 1602 h 7 pool 378 nodes 16382 size_prunes 0 color_prunes 16382 maxdepth 12 seconds 0.275237 root_labels 1 5 7 25 27 35 46
root 1603 h 7 pool 375 nodes 13474 size_prunes 0 color_prunes 13474 maxdepth 11 seconds 0.229594 root_labels 1 5 7 25 27 35 49
root 1604 h 7 pool 367 nodes 6854 size_prunes 0 color_prunes 6854 maxdepth 11 seconds 0.139776 root_labels 1 5 7 25 27 35 57
root 1605 h 7 pool 368 nodes 7163 size_prunes 0 color_prunes 7163 maxdepth 11 seconds 0.14133 root_labels 1 5 7 25 27 35 69
root 1606 h 7 pool 365 nodes 5778 size_prunes 0 color_prunes 5778 maxdepth 11 seconds 0.113305 root_labels 1 5 7 25 27 35 71
root 1607 h 7 pool 379 nodes 18174 size_prunes 0 color_prunes 18174 maxdepth 12 seconds 0.30415 root_labels 1 5 7 25 27 35 109
root 1608 h 7 pool 375 nodes 11690 size_prunes 0 color_prunes 11690 maxdepth 11 seconds 0.211171 root_labels 1 5 7 25 27 35 111
root 1609 h 7 pool 376 nodes 13858 size_prunes 0 color_prunes 13858 maxdepth 11 seconds 0.237097 root_labels 1 5 7 25 27 36 38
root 1610 h 7 pool 377 nodes 16128 size_prunes 0 color_prunes 16128 maxdepth 11 seconds 0.269802 root_labels 1 5 7 25 27 36 39
root 1611 h 7 pool 374 nodes 11146 size_prunes 0 color_prunes 11146 maxdepth 11 seconds 0.197521 root_labels 1 5 7 25 27 36 40
root 1612 h 7 pool 376 nodes 13760 size_prunes 0 color_prunes 13760 maxdepth 11 seconds 0.233592 root_labels 1 5 7 25 27 36 42
root 1613 h 7 pool 376 nodes 14038 size_prunes 0 color_prunes 14038 maxdepth 12 seconds 0.237301 root_labels 1 5 7 25 27 36 46
root 1614 h 7 pool 377 nodes 16345 size_prunes 0 color_prunes 16345 maxdepth 12 seconds 0.268586 root_labels 1 5 7 25 27 36 49
root 1615 h 7 pool 367 nodes 7120 size_prunes 0 color_prunes 7120 maxdepth 11 seconds 0.139587 root_labels 1 5 7 25 27 36 68
root 1616 h 7 pool 378 nodes 18476 size_prunes 0 color_prunes 18476 maxdepth 12 seconds 0.303344 root_labels 1 5 7 25 27 37 39
root 1617 h 7 pool 378 nodes 17551 size_prunes 0 color_prunes 17551 maxdepth 12 seconds 0.286274 root_labels 1 5 7 25 27 37 40
root 1618 h 7 pool 374 nodes 11538 size_prunes 0 color_prunes 11538 maxdepth 11 seconds 0.199349 root_labels 1 5 7 25 27 37 41
root 1619 h 7 pool 378 nodes 17011 size_prunes 0 color_prunes 17011 maxdepth 12 seconds 0.279616 root_labels 1 5 7 25 27 37 46
root 1620 h 7 pool 368 nodes 9103 size_prunes 0 color_prunes 9103 maxdepth 11 seconds 0.166559 root_labels 1 5 7 25 27 37 57
root 1621 h 7 pool 366 nodes 6014 size_prunes 0 color_prunes 6014 maxdepth 11 seconds 0.123545 root_labels 1 5 7 25 27 37 82
root 1622 h 7 pool 372 nodes 9767 size_prunes 0 color_prunes 9767 maxdepth 11 seconds 0.182211 root_labels 1 5 7 25 27 37 94
root 1623 h 7 pool 381 nodes 25028 size_prunes 0 color_prunes 25028 maxdepth 12 seconds 0.395685 root_labels 1 5 7 25 27 38 44
root 1624 h 7 pool 368 nodes 7558 size_prunes 0 color_prunes 7558 maxdepth 11 seconds 0.150439 root_labels 1 5 7 25 27 38 61
root 1625 h 7 pool 364 nodes 5373 size_prunes 0 color_prunes 5373 maxdepth 11 seconds 0.111081 root_labels 1 5 7 25 27 38 81
root 1626 h 7 pool 372 nodes 8588 size_prunes 0 color_prunes 8588 maxdepth 11 seconds 0.164945 root_labels 1 5 7 25 27 38 93
root 1627 h 7 pool 380 nodes 21297 size_prunes 0 color_prunes 21297 maxdepth 12 seconds 0.346567 root_labels 1 5 7 25 27 38 106
root 1628 h 7 pool 373 nodes 11273 size_prunes 0 color_prunes 11273 maxdepth 11 seconds 0.197731 root_labels 1 5 7 25 27 39 42
root 1629 h 7 pool 376 nodes 16357 size_prunes 0 color_prunes 16357 maxdepth 11 seconds 0.273042 root_labels 1 5 7 25 27 39 43
root 1630 h 7 pool 376 nodes 16125 size_prunes 0 color_prunes 16125 maxdepth 11 seconds 0.263937 root_labels 1 5 7 25 27 39 49
root 1631 h 7 pool 373 nodes 11410 size_prunes 0 color_prunes 11410 maxdepth 11 seconds 0.196761 root_labels 1 5 7 25 27 39 59
root 1632 h 7 pool 372 nodes 12146 size_prunes 0 color_prunes 12146 maxdepth 11 seconds 0.209969 root_labels 1 5 7 25 27 39 65
root 1633 h 7 pool 372 nodes 9991 size_prunes 0 color_prunes 9991 maxdepth 11 seconds 0.181328 root_labels 1 5 7 25 27 39 71
root 1634 h 7 pool 383 nodes 28452 size_prunes 0 color_prunes 28452 maxdepth 12 seconds 0.440867 root_labels 1 5 7 25 27 40 49
root 1635 h 7 pool 377 nodes 14158 size_prunes 0 color_prunes 14158 maxdepth 11 seconds 0.239222 root_labels 1 5 7 25 27 40 66
root 1636 h 7 pool 371 nodes 9525 size_prunes 0 color_prunes 9525 maxdepth 12 seconds 0.177538 root_labels 1 5 7 25 27 40 68
root 1637 h 7 pool 373 nodes 10212 size_prunes 0 color_prunes 10212 maxdepth 11 seconds 0.18793 root_labels 1 5 7 25 27 40 71
root 1638 h 7 pool 372 nodes 8507 size_prunes 0 color_prunes 8507 maxdepth 11 seconds 0.162944 root_labels 1 5 7 25 27 40 94
root 1639 h 7 pool 387 nodes 33661 size_prunes 0 color_prunes 33661 maxdepth 12 seconds 0.532022 root_labels 1 5 7 25 27 40 106
root 1640 h 7 pool 369 nodes 7178 size_prunes 0 color_prunes 7178 maxdepth 11 seconds 0.141821 root_labels 1 5 7 25 27 41 65
root 1641 h 7 pool 372 nodes 8733 size_prunes 0 color_prunes 8733 maxdepth 11 seconds 0.16622 root_labels 1 5 7 25 27 41 69
root 1642 h 7 pool 370 nodes 7154 size_prunes 0 color_prunes 7154 maxdepth 11 seconds 0.147239 root_labels 1 5 7 25 27 41 85
root 1643 h 7 pool 373 nodes 8764 size_prunes 0 color_prunes 8764 maxdepth 11 seconds 0.164431 root_labels 1 5 7 25 27 41 94
root 1644 h 7 pool 369 nodes 7649 size_prunes 0 color_prunes 7649 maxdepth 11 seconds 0.156315 root_labels 1 5 7 25 27 42 62
root 1645 h 7 pool 369 nodes 7717 size_prunes 0 color_prunes 7717 maxdepth 11 seconds 0.154176 root_labels 1 5 7 25 27 42 66
root 1646 h 7 pool 373 nodes 8932 size_prunes 0 color_prunes 8932 maxdepth 11 seconds 0.172984 root_labels 1 5 7 25 27 42 89
root 1647 h 7 pool 374 nodes 9352 size_prunes 0 color_prunes 9352 maxdepth 11 seconds 0.172965 root_labels 1 5 7 25 27 42 93
root 1648 h 7 pool 382 nodes 27533 size_prunes 0 color_prunes 27533 maxdepth 12 seconds 0.424724 root_labels 1 5 7 25 27 43 46
root 1649 h 7 pool 368 nodes 8495 size_prunes 0 color_prunes 8495 maxdepth 11 seconds 0.157802 root_labels 1 5 7 25 27 43 61
root 1650 h 7 pool 372 nodes 9998 size_prunes 0 color_prunes 9998 maxdepth 11 seconds 0.182394 root_labels 1 5 7 25 27 43 67
root 1651 h 7 pool 372 nodes 11711 size_prunes 0 color_prunes 11711 maxdepth 11 seconds 0.203858 root_labels 1 5 7 25 27 43 69
root 1652 h 7 pool 370 nodes 8401 size_prunes 0 color_prunes 8401 maxdepth 11 seconds 0.16411 root_labels 1 5 7 25 27 43 71
root 1653 h 7 pool 372 nodes 9838 size_prunes 0 color_prunes 9838 maxdepth 11 seconds 0.186222 root_labels 1 5 7 25 27 43 88
root 1654 h 7 pool 372 nodes 8363 size_prunes 0 color_prunes 8363 maxdepth 11 seconds 0.161358 root_labels 1 5 7 25 27 43 93
root 1655 h 7 pool 374 nodes 12481 size_prunes 0 color_prunes 12481 maxdepth 11 seconds 0.225323 root_labels 1 5 7 25 27 44 65
root 1656 h 7 pool 373 nodes 10704 size_prunes 0 color_prunes 10704 maxdepth 11 seconds 0.201645 root_labels 1 5 7 25 27 44 71
root 1657 h 7 pool 373 nodes 9578 size_prunes 0 color_prunes 9578 maxdepth 11 seconds 0.172502 root_labels 1 5 7 25 27 44 93
root 1658 h 7 pool 371 nodes 8440 size_prunes 0 color_prunes 8440 maxdepth 11 seconds 0.159161 root_labels 1 5 7 25 27 44 94
root 1659 h 7 pool 375 nodes 16548 size_prunes 0 color_prunes 16548 maxdepth 11 seconds 0.28203 root_labels 1 5 7 25 27 46 68
root 1660 h 7 pool 379 nodes 19875 size_prunes 0 color_prunes 19875 maxdepth 11 seconds 0.329104 root_labels 1 5 7 25 27 46 89
root 1661 h 7 pool 377 nodes 13344 size_prunes 0 color_prunes 13344 maxdepth 11 seconds 0.233801 root_labels 1 5 7 25 27 46 93
root 1662 h 7 pool 375 nodes 12317 size_prunes 0 color_prunes 12317 maxdepth 11 seconds 0.216471 root_labels 1 5 7 25 27 46 94
root 1663 h 7 pool 377 nodes 18911 size_prunes 0 color_prunes 18911 maxdepth 11 seconds 0.313957 root_labels 1 5 7 25 27 49 69
root 1664 h 7 pool 377 nodes 18144 size_prunes 0 color_prunes 18144 maxdepth 11 seconds 0.298461 root_labels 1 5 7 25 27 49 88
root 1665 h 7 pool 377 nodes 13483 size_prunes 0 color_prunes 13483 maxdepth 11 seconds 0.233657 root_labels 1 5 7 25 27 49 93
root 1666 h 7 pool 375 nodes 12189 size_prunes 0 color_prunes 12189 maxdepth 11 seconds 0.214977 root_labels 1 5 7 25 27 49 94
root 1667 h 7 pool 369 nodes 8181 size_prunes 0 color_prunes 8181 maxdepth 11 seconds 0.153154 root_labels 1 5 7 25 27 61 71
root 1668 h 7 pool 371 nodes 8822 size_prunes 0 color_prunes 8822 maxdepth 11 seconds 0.162324 root_labels 1 5 7 25 27 62 71
root 1669 h 7 pool 377 nodes 14720 size_prunes 0 color_prunes 14720 maxdepth 12 seconds 0.252732 root_labels 1 5 7 25 27 65 71
root 1670 h 7 pool 375 nodes 12994 size_prunes 0 color_prunes 12994 maxdepth 11 seconds 0.22514 root_labels 1 5 7 25 27 65 94
root 1671 h 7 pool 370 nodes 7817 size_prunes 0 color_prunes 7817 maxdepth 11 seconds 0.156448 root_labels 1 5 7 25 27 67 71
root 1672 h 7 pool 371 nodes 8021 size_prunes 0 color_prunes 8021 maxdepth 11 seconds 0.158175 root_labels 1 5 7 25 27 67 111
root 1673 h 7 pool 373 nodes 8796 size_prunes 0 color_prunes 8796 maxdepth 11 seconds 0.172339 root_labels 1 5 7 25 27 68 71
root 1674 h 7 pool 370 nodes 7721 size_prunes 0 color_prunes 7721 maxdepth 11 seconds 0.154122 root_labels 1 5 7 25 27 68 111
root 1675 h 7 pool 375 nodes 11352 size_prunes 0 color_prunes 11352 maxdepth 11 seconds 0.209829 root_labels 1 5 7 25 27 71 111
root 1676 h 7 pool 378 nodes 18893 size_prunes 0 color_prunes 18893 maxdepth 11 seconds 0.306265 root_labels 1 5 7 25 31 35 47
root 1677 h 7 pool 376 nodes 12647 size_prunes 0 color_prunes 12647 maxdepth 11 seconds 0.223178 root_labels 1 5 7 25 31 35 67
root 1678 h 7 pool 372 nodes 10638 size_prunes 0 color_prunes 10638 maxdepth 11 seconds 0.19743 root_labels 1 5 7 25 31 35 69
root 1679 h 7 pool 377 nodes 15398 size_prunes 0 color_prunes 15398 maxdepth 11 seconds 0.260836 root_labels 1 5 7 25 31 35 97
root 1680 h 7 pool 378 nodes 18883 size_prunes 0 color_prunes 18883 maxdepth 11 seconds 0.305365 root_labels 1 5 7 25 31 39 46
root 1681 h 7 pool 377 nodes 16954 size_prunes 0 color_prunes 16954 maxdepth 12 seconds 0.289946 root_labels 1 5 7 25 31 39 63
root 1682 h 7 pool 376 nodes 12641 size_prunes 0 color_prunes 12641 maxdepth 11 seconds 0.223679 root_labels 1 5 7 25 31 39 67
root 1683 h 7 pool 374 nodes 11026 size_prunes 0 color_prunes 11026 maxdepth 11 seconds 0.208079 root_labels 1 5 7 25 31 39 69
root 1684 h 7 pool 368 nodes 7228 size_prunes 0 color_prunes 7228 maxdepth 11 seconds 0.143697 root_labels 1 5 7 25 31 39 76
root 1685 h 7 pool 376 nodes 14600 size_prunes 0 color_prunes 14600 maxdepth 11 seconds 0.250814 root_labels 1 5 7 25 31 39 96
root 1686 h 7 pool 368 nodes 8039 size_prunes 0 color_prunes 8039 maxdepth 11 seconds 0.157673 root_labels 1 5 7 25 31 40 63
root 1687 h 7 pool 363 nodes 5699 size_prunes 0 color_prunes 5699 maxdepth 11 seconds 0.118575 root_labels 1 5 7 25 31 40 66
root 1688 h 7 pool 363 nodes 5207 size_prunes 0 color_prunes 5207 maxdepth 11 seconds 0.106669 root_labels 1 5 7 25 31 40 67
root 1689 h 7 pool 364 nodes 5346 size_prunes 0 color_prunes 5346 maxdepth 11 seconds 0.113456 root_labels 1 5 7 25 31 40 81
root 1690 h 7 pool 367 nodes 6579 size_prunes 0 color_prunes 6579 maxdepth 11 seconds 0.135173 root_labels 1 5 7 25 31 41 63
root 1691 h 7 pool 364 nodes 5864 size_prunes 0 color_prunes 5864 maxdepth 11 seconds 0.121947 root_labels 1 5 7 25 31 41 65
root 1692 h 7 pool 363 nodes 5071 size_prunes 0 color_prunes 5071 maxdepth 11 seconds 0.10679 root_labels 1 5 7 25 31 41 69
root 1693 h 7 pool 366 nodes 5466 size_prunes 0 color_prunes 5466 maxdepth 11 seconds 0.112182 root_labels 1 5 7 25 31 41 80
root 1694 h 7 pool 369 nodes 6720 size_prunes 0 color_prunes 6720 maxdepth 11 seconds 0.135514 root_labels 1 5 7 25 31 41 85
root 1695 h 7 pool 372 nodes 10352 size_prunes 0 color_prunes 10352 maxdepth 11 seconds 0.18947 root_labels 1 5 7 25 31 42 66
root 1696 h 7 pool 372 nodes 8522 size_prunes 0 color_prunes 8522 maxdepth 11 seconds 0.162888 root_labels 1 5 7 25 31 42 85
root 1697 h 7 pool 375 nodes 11968 size_prunes 0 color_prunes 11968 maxdepth 11 seconds 0.212895 root_labels 1 5 7 25 31 42 89
root 1698 h 7 pool 373 nodes 9809 size_prunes 0 color_prunes 9809 maxdepth 11 seconds 0.181391 root_labels 1 5 7 25 31 42 97
root 1699 h 7 pool 378 nodes 17329 size_prunes 0 color_prunes 17329 maxdepth 11 seconds 0.277552 root_labels 1 5 7 25 31 44 63
root 1700 h 7 pool 373 nodes 10662 size_prunes 0 color_prunes 10662 maxdepth 11 seconds 0.193338 root_labels 1 5 7 25 31 44 65
root 1701 h 7 pool 377 nodes 13902 size_prunes 0 color_prunes 13902 maxdepth 12 seconds 0.242917 root_labels 1 5 7 25 31 44 76
root 1702 h 7 pool 375 nodes 11177 size_prunes 0 color_prunes 11177 maxdepth 12 seconds 0.208608 root_labels 1 5 7 25 31 44 82
root 1703 h 7 pool 371 nodes 8345 size_prunes 0 color_prunes 8345 maxdepth 11 seconds 0.160273 root_labels 1 5 7 25 31 44 89
root 1704 h 7 pool 373 nodes 12873 size_prunes 0 color_prunes 12873 maxdepth 11 seconds 0.224902 root_labels 1 5 7 25 31 46 58
root 1705 h 7 pool 374 nodes 11362 size_prunes 0 color_prunes 11362 maxdepth 11 seconds 0.210257 root_labels 1 5 7 25 31 46 82
root 1706 h 7 pool 378 nodes 17308 size_prunes 0 color_prunes 17308 maxdepth 11 seconds 0.289499 root_labels 1 5 7 25 31 46 113
root 1707 h 7 pool 376 nodes 14261 size_prunes 0 color_prunes 14261 maxdepth 11 seconds 0.242442 root_labels 1 5 7 25 31 47 59
root 1708 h 7 pool 371 nodes 8345 size_prunes 0 color_prunes 8345 maxdepth 11 seconds 0.160964 root_labels 1 5 7 25 31 47 67
root 1709 h 7 pool 375 nodes 13730 size_prunes 0 color_prunes 13730 maxdepth 11 seconds 0.233845 root_labels 1 5 7 25 31 59 67
root 1710 h 7 pool 375 nodes 11948 size_prunes 0 color_prunes 11948 maxdepth 11 seconds 0.214848 root_labels 1 5 7 25 31 63 113
root 1711 h 7 pool 363 nodes 5452 size_prunes 0 color_prunes 5452 maxdepth 11 seconds 0.116013 root_labels 1 5 7 25 31 65 81
root 1712 h 7 pool 381 nodes 22585 size_prunes 0 color_prunes 22585 maxdepth 12 seconds 0.360024 root_labels 1 5 7 25 31 65 97
root 1713 h 7 pool 365 nodes 5954 size_prunes 0 color_prunes 5954 maxdepth 11 seconds 0.125578 root_labels 1 5 7 25 31 66 80
root 1714 h 7 pool 382 nodes 23369 size_prunes 0 color_prunes 23369 maxdepth 11 seconds 0.378042 root_labels 1 5 7 25 31 66 96
root 1715 h 7 pool 373 nodes 10291 size_prunes 0 color_prunes 10291 maxdepth 11 seconds 0.19405 root_labels 1 5 7 25 31 66 113
root 1716 h 7 pool 378 nodes 15545 size_prunes 0 color_prunes 15545 maxdepth 11 seconds 0.2619 root_labels 1 5 7 25 31 67 96
root 1717 h 7 pool 375 nodes 11976 size_prunes 0 color_prunes 11976 maxdepth 11 seconds 0.21381 root_labels 1 5 7 25 31 69 82
root 1718 h 7 pool 376 nodes 14273 size_prunes 0 color_prunes 14273 maxdepth 11 seconds 0.242223 root_labels 1 5 7 25 31 69 97
root 1719 h 7 pool 373 nodes 9766 size_prunes 0 color_prunes 9766 maxdepth 11 seconds 0.188024 root_labels 1 5 7 25 31 69 113
root 1720 h 7 pool 373 nodes 11106 size_prunes 0 color_prunes 11106 maxdepth 11 seconds 0.204095 root_labels 1 5 7 25 31 80 96
root 1721 h 7 pool 365 nodes 5812 size_prunes 0 color_prunes 5812 maxdepth 11 seconds 0.119792 root_labels 1 5 7 25 31 81 85
root 1722 h 7 pool 366 nodes 5811 size_prunes 0 color_prunes 5811 maxdepth 11 seconds 0.119707 root_labels 1 5 7 25 31 81 89
root 1723 h 7 pool 373 nodes 10410 size_prunes 0 color_prunes 10410 maxdepth 11 seconds 0.191065 root_labels 1 5 7 25 31 81 96
root 1724 h 7 pool 373 nodes 10557 size_prunes 0 color_prunes 10557 maxdepth 11 seconds 0.193054 root_labels 1 5 7 25 31 81 97
root 1725 h 7 pool 378 nodes 14668 size_prunes 0 color_prunes 14668 maxdepth 11 seconds 0.252906 root_labels 1 5 7 25 31 82 97
root 1726 h 7 pool 380 nodes 22356 size_prunes 0 color_prunes 22356 maxdepth 11 seconds 0.347051 root_labels 1 5 7 25 31 85 97
root 1727 h 7 pool 371 nodes 8491 size_prunes 0 color_prunes 8491 maxdepth 11 seconds 0.163967 root_labels 1 5 7 25 31 85 113
root 1728 h 7 pool 373 nodes 10344 size_prunes 0 color_prunes 10344 maxdepth 11 seconds 0.192522 root_labels 1 5 7 25 31 89 113
root 1729 h 7 pool 373 nodes 10044 size_prunes 0 color_prunes 10044 maxdepth 11 seconds 0.185424 root_labels 1 5 7 25 31 97 113
root 1730 h 7 pool 373 nodes 10857 size_prunes 0 color_prunes 10857 maxdepth 11 seconds 0.192553 root_labels 1 5 7 25 33 37 40
root 1731 h 7 pool 374 nodes 11569 size_prunes 0 color_prunes 11569 maxdepth 11 seconds 0.200926 root_labels 1 5 7 25 33 37 46
root 1732 h 7 pool 371 nodes 10130 size_prunes 0 color_prunes 10130 maxdepth 11 seconds 0.189856 root_labels 1 5 7 25 33 37 66
root 1733 h 7 pool 373 nodes 8875 size_prunes 0 color_prunes 8875 maxdepth 11 seconds 0.172075 root_labels 1 5 7 25 33 37 99
root 1734 h 7 pool 363 nodes 5238 size_prunes 0 color_prunes 5238 maxdepth 11 seconds 0.108176 root_labels 1 5 7 25 33 40 62
root 1735 h 7 pool 367 nodes 5521 size_prunes 0 color_prunes 5521 maxdepth 11 seconds 0.1172 root_labels 1 5 7 25 33 40 88
root 1736 h 7 pool 361 nodes 4626 size_prunes 0 color_prunes 4626 maxdepth 11 seconds 0.0976926 root_labels 1 5 7 25 33 41 62
root 1737 h 7 pool 361 nodes 4826 size_prunes 0 color_prunes 4826 maxdepth 11 seconds 0.101451 root_labels 1 5 7 25 33 41 68
root 1738 h 7 pool 367 nodes 5887 size_prunes 0 color_prunes 5887 maxdepth 11 seconds 0.118151 root_labels 1 5 7 25 33 41 86
root 1739 h 7 pool 365 nodes 5605 size_prunes 0 color_prunes 5605 maxdepth 11 seconds 0.11303 root_labels 1 5 7 25 33 42 62
root 1740 h 7 pool 366 nodes 5824 size_prunes 0 color_prunes 5824 maxdepth 11 seconds 0.119122 root_labels 1 5 7 25 33 42 65
root 1741 h 7 pool 364 nodes 5574 size_prunes 0 color_prunes 5574 maxdepth 11 seconds 0.119066 root_labels 1 5 7 25 33 42 66
root 1742 h 7 pool 364 nodes 5272 size_prunes 0 color_prunes 5272 maxdepth 11 seconds 0.109061 root_labels 1 5 7 25 33 42 74
root 1743 h 7 pool 366 nodes 6452 size_prunes 0 color_prunes 6452 maxdepth 11 seconds 0.129007 root_labels 1 5 7 25 33 43 67
root 1744 h 7 pool 368 nodes 6645 size_prunes 0 color_prunes 6645 maxdepth 11 seconds 0.135064 root_labels 1 5 7 25 33 43 88
root 1745 h 7 pool 376 nodes 11984 size_prunes 0 color_prunes 11984 maxdepth 11 seconds 0.216213 root_labels 1 5 7 25 33 43 108
root 1746 h 7 pool 377 nodes 12751 size_prunes 0 color_prunes 12751 maxdepth 12 seconds 0.235106 root_labels 1 5 7 25 33 46 53
root 1747 h 7 pool 373 nodes 8758 size_prunes 0 color_prunes 8758 maxdepth 11 seconds 0.171029 root_labels 1 5 7 25 33 46 82
root 1748 h 7 pool 363 nodes 5789 size_prunes 0 color_prunes 5789 maxdepth 11 seconds 0.121957 root_labels 1 5 7 25 33 53 88
root 1749 h 7 pool 372 nodes 8332 size_prunes 0 color_prunes 8332 maxdepth 11 seconds 0.166835 root_labels 1 5 7 25 33 55 81
root 1750 h 7 pool 366 nodes 5862 size_prunes 0 color_prunes 5862 maxdepth 11 seconds 0.116934 root_labels 1 5 7 25 33 62 74
root 1751 h 7 pool 364 nodes 4945 size_prunes 0 color_prunes 4945 maxdepth 11 seconds 0.105489 root_labels 1 5 7 25 33 62 82
root 1752 h 7 pool 373 nodes 9063 size_prunes 0 color_prunes 9063 maxdepth 11 seconds 0.1776 root_labels 1 5 7 25 33 67 99
root 1753 h 7 pool 363 nodes 4826 size_prunes 0 color_prunes 4826 maxdepth 11 seconds 0.106088 root_labels 1 5 7 25 33 68 83
root 1754 h 7 pool 372 nodes 9161 size_prunes 0 color_prunes 9161 maxdepth 11 seconds 0.174727 root_labels 1 5 7 25 33 74 108
root 1755 h 7 pool 370 nodes 7732 size_prunes 0 color_prunes 7732 maxdepth 11 seconds 0.15469 root_labels 1 5 7 25 33 83 99
root 1756 h 7 pool 367 nodes 6782 size_prunes 0 color_prunes 6782 maxdepth 11 seconds 0.138662 root_labels 1 5 7 25 33 86 109
root 1757 h 7 pool 371 nodes 8226 size_prunes 0 color_prunes 8226 maxdepth 11 seconds 0.166607 root_labels 1 5 7 25 33 88 99
root 1758 h 7 pool 374 nodes 10443 size_prunes 0 color_prunes 10443 maxdepth 11 seconds 0.196177 root_labels 1 5 7 25 33 99 108
root 1759 h 7 pool 363 nodes 5269 size_prunes 0 color_prunes 5269 maxdepth 11 seconds 0.108806 root_labels 1 5 7 25 34 40 61
root 1760 h 7 pool 358 nodes 4681 size_prunes 0 color_prunes 4681 maxdepth 11 seconds 0.0993927 root_labels 1 5 7 25 34 40 68
root 1761 h 7 pool 367 nodes 6581 size_prunes 0 color_prunes 6581 maxdepth 11 seconds 0.133208 root_labels 1 5 7 25 34 41 74
root 1762 h 7 pool 368 nodes 5854 size_prunes 0 color_prunes 5854 maxdepth 11 seconds 0.120778 root_labels 1 5 7 25 34 41 86
root 1763 h 7 pool 365 nodes 5659 size_prunes 0 color_prunes 5659 maxdepth 11 seconds 0.117944 root_labels 1 5 7 25 34 44 65
root 1764 h 7 pool 364 nodes 5343 size_prunes 0 color_prunes 5343 maxdepth 11 seconds 0.111848 root_labels 1 5 7 25 34 44 66
root 1765 h 7 pool 373 nodes 8693 size_prunes 0 color_prunes 8693 maxdepth 11 seconds 0.172074 root_labels 1 5 7 25 34 57 81
root 1766 h 7 pool 369 nodes 7282 size_prunes 0 color_prunes 7282 maxdepth 11 seconds 0.142421 root_labels 1 5 7 25 34 61 74
root 1767 h 7 pool 367 nodes 5750 size_prunes 0 color_prunes 5750 maxdepth 11 seconds 0.115597 root_labels 1 5 7 25 34 66 80
root 1768 h 7 pool 372 nodes 8636 size_prunes 0 color_prunes 8636 maxdepth 11 seconds 0.170691 root_labels 1 5 7 25 34 69 99
root 1769 h 7 pool 373 nodes 9184 size_prunes 0 color_prunes 9184 maxdepth 11 seconds 0.175429 root_labels 1 5 7 25 34 80 99
root 1770 h 7 pool 371 nodes 7701 size_prunes 0 color_prunes 7701 maxdepth 11 seconds 0.157091 root_labels 1 5 7 25 34 84 99
root 1771 h 7 pool 373 nodes 9140 size_prunes 0 color_prunes 9140 maxdepth 11 seconds 0.176621 root_labels 1 5 7 25 34 86 99
root 1772 h 7 pool 362 nodes 4875 size_prunes 0 color_prunes 4875 maxdepth 11 seconds 0.105593 root_labels 1 5 7 25 35 51 93
root 1773 h 7 pool 367 nodes 6439 size_prunes 0 color_prunes 6439 maxdepth 11 seconds 0.132134 root_labels 1 5 7 25 35 57 69
root 1774 h 7 pool 362 nodes 4674 size_prunes 0 color_prunes 4674 maxdepth 11 seconds 0.0975872 root_labels 1 5 7 25 35 57 71
root 1775 h 7 pool 364 nodes 5197 size_prunes 0 color_prunes 5197 maxdepth 11 seconds 0.107877 root_labels 1 5 7 25 35 57 81
root 1776 h 7 pool 362 nodes 4704 size_prunes 0 color_prunes 4704 maxdepth 11 seconds 0.0996224 root_labels 1 5 7 25 35 63 71
root 1777 h 7 pool 366 nodes 5506 size_prunes 0 color_prunes 5506 maxdepth 11 seconds 0.113141 root_labels 1 5 7 25 35 63 81
root 1778 h 7 pool 364 nodes 4959 size_prunes 0 color_prunes 4959 maxdepth 11 seconds 0.106489 root_labels 1 5 7 25 35 81 92
root 1779 h 7 pool 365 nodes 5452 size_prunes 0 color_prunes 5452 maxdepth 11 seconds 0.112884 root_labels 1 5 7 25 35 81 97
root 1780 h 7 pool 373 nodes 9599 size_prunes 0 color_prunes 9599 maxdepth 11 seconds 0.182377 root_labels 1 5 7 25 35 86 99
root 1781 h 7 pool 366 nodes 5422 size_prunes 0 color_prunes 5422 maxdepth 11 seconds 0.110931 root_labels 1 5 7 25 35 93 109
root 1782 h 7 pool 373 nodes 8830 size_prunes 0 color_prunes 8830 maxdepth 11 seconds 0.177047 root_labels 1 5 7 25 36 62 96
root 1783 h 7 pool 376 nodes 11899 size_prunes 0 color_prunes 11899 maxdepth 11 seconds 0.21539 root_labels 1 5 7 25 38 65 94
root 1784 h 7 pool 375 nodes 10698 size_prunes 0 color_prunes 10698 maxdepth 11 seconds 0.200623 root_labels 1 5 7 25 38 74 94
root 1785 h 7 pool 374 nodes 8868 size_prunes 0 color_prunes 8868 maxdepth 11 seconds 0.207735 root_labels 1 5 7 25 39 65 93
NORMAL_EXIT denominator 1786 closed 1786 total_nodes 34000509 seconds 534.174
