root 2 h 7 pool 394 nodes 54985 color_prunes 54985 size_prunes 0 maxdepth 12 fallbacks 0 expected 16314246560895731420237524 closed 16314246560895731420237524 seconds 3.42677 labels 1 5 6 25 26 30 33
root 1 h 7 pool 395 nodes 67517 color_prunes 67517 size_prunes 0 maxdepth 12 fallbacks 0 expected 16314246560895731420237524 closed 16314246560895731420237524 seconds 3.89994 labels 1 5 6 25 26 30 32
root 3 h 7 pool 396 nodes 65655 color_prunes 65655 size_prunes 0 maxdepth 12 fallbacks 0 expected 16314246560895731420237524 closed 16314246560895731420237524 seconds 4.27367 labels 1 5 6 25 26 30 34
root 5 h 7 pool 388 nodes 33286 color_prunes 33286 size_prunes 0 maxdepth 12 fallbacks 0 expected 16314246560895731420237524 closed 16314246560895731420237524 seconds 1.90553 labels 1 5 6 25 26 30 38
root 4 h 7 pool 393 nodes 48798 color_prunes 48798 size_prunes 0 maxdepth 12 fallbacks 0 expected 16314246560895731420237524 closed 16314246560895731420237524 seconds 2.92031 labels 1 5 6 25 26 30 37
root 6 h 7 pool 392 nodes 42670 color_prunes 42670 size_prunes 0 maxdepth 12 fallbacks 0 expected 16314246560895731420237524 closed 16314246560895731420237524 seconds 2.60502 labels 1 5 6 25 26 30 44
root 0 h 7 pool 401 nodes 157134 color_prunes 157134 size_prunes 0 maxdepth 12 fallbacks 0 expected 16314246560895731420237524 closed 16314246560895731420237524 seconds 7.95199 labels 1 5 6 25 26 30 31
root 9 h 7 pool 394 nodes 54338 color_prunes 54338 size_prunes 0 maxdepth 12 fallbacks 0 expected 16314246560895731420237524 closed 16314246560895731420237524 seconds 3.25139 labels 1 5 6 25 26 31 33
root 7 h 7 pool 397 nodes 71167 color_prunes 71167 size_prunes 0 maxdepth 12 fallbacks 0 expected 16314246560895731420237524 closed 16314246560895731420237524 seconds 4.43197 labels 1 5 6 25 26 30 49
root 10 h 7 pool 394 nodes 55329 color_prunes 55329 size_prunes 0 maxdepth 12 fallbacks 0 expected 16314246560895731420237524 closed 16314246560895731420237524 seconds 3.52964 labels 1 5 6 25 26 31 34
root 11 h 7 pool 393 nodes 52912 color_prunes 52912 size_prunes 0 maxdepth 12 fallbacks 0 expected 16314246560895731420237524 closed 16314246560895731420237524 seconds 3.45586 labels 1 5 6 25 26 31 35
root 12 h 7 pool 395 nodes 58674 color_prunes 58674 size_prunes 0 maxdepth 12 fallbacks 0 expected 16314246560895731420237524 closed 16314246560895731420237524 seconds 3.48898 labels 1 5 6 25 26 31 38
root 13 h 7 pool 391 nodes 42649 color_prunes 42649 size_prunes 0 maxdepth 12 fallbacks 0 expected 16314246560895731420237524 closed 16314246560895731420237524 seconds 2.73931 labels 1 5 6 25 26 31 39
root 8 h 7 pool 402 nodes 172515 color_prunes 172515 size_prunes 0 maxdepth 12 fallbacks 0 expected 16314246560895731420237524 closed 16314246560895731420237524 seconds 8.39282 labels 1 5 6 25 26 31 32
root 15 h 7 pool 394 nodes 48805 color_prunes 48805 size_prunes 0 maxdepth 12 fallbacks 0 expected 16314246560895731420237524 closed 16314246560895731420237524 seconds 3.09377 labels 1 5 6 25 26 31 42
root 14 h 7 pool 393 nodes 52900 color_prunes 52900 size_prunes 0 maxdepth 12 fallbacks 0 expected 16314246560895731420237524 closed 16314246560895731420237524 seconds 3.3516 labels 1 5 6 25 26 31 40
root 17 h 7 pool 395 nodes 51426 color_prunes 51426 size_prunes 0 maxdepth 12 fallbacks 0 expected 16314246560895731420237524 closed 16314246560895731420237524 seconds 3.33013 labels 1 5 6 25 26 31 47
root 16 h 7 pool 397 nodes 66245 color_prunes 66245 size_prunes 0 maxdepth 12 fallbacks 0 expected 16314246560895731420237524 closed 16314246560895731420237524 seconds 4.01247 labels 1 5 6 25 26 31 44
root 18 h 7 pool 393 nodes 46606 color_prunes 46606 size_prunes 0 maxdepth 12 fallbacks 0 expected 16314246560895731420237524 closed 16314246560895731420237524 seconds 2.88147 labels 1 5 6 25 26 31 48
root 20 h 7 pool 390 nodes 37994 color_prunes 37994 size_prunes 0 maxdepth 12 fallbacks 0 expected 16314246560895731420237524 closed 16314246560895731420237524 seconds 2.46843 labels 1 5 6 25 26 31 65
root 19 h 7 pool 396 nodes 59876 color_prunes 59876 size_prunes 0 maxdepth 12 fallbacks 0 expected 16314246560895731420237524 closed 16314246560895731420237524 seconds 3.84152 labels 1 5 6 25 26 31 63
root 21 h 7 pool 394 nodes 48611 color_prunes 48611 size_prunes 0 maxdepth 12 fallbacks 0 expected 16314246560895731420237524 closed 16314246560895731420237524 seconds 3.23117 labels 1 5 6 25 26 31 69
root 22 h 7 pool 395 nodes 49815 color_prunes 49815 size_prunes 0 maxdepth 12 fallbacks 0 expected 16314246560895731420237524 closed 16314246560895731420237524 seconds 3.23152 labels 1 5 6 25 26 31 96
root 25 h 7 pool 387 nodes 32567 color_prunes 32567 size_prunes 0 maxdepth 11 fallbacks 0 expected 16314246560895731420237524 closed 16314246560895731420237524 seconds 2.0385 labels 1 5 6 25 26 32 35
root 24 h 7 pool 394 nodes 55763 color_prunes 55763 size_prunes 0 maxdepth 12 fallbacks 0 expected 16314246560895731420237524 closed 16314246560895731420237524 seconds 3.31061 labels 1 5 6 25 26 32 34
root 23 h 7 pool 396 nodes 65564 color_prunes 65564 size_prunes 0 maxdepth 12 fallbacks 0 expected 16314246560895731420237524 closed 16314246560895731420237524 seconds 3.96685 labels 1 5 6 25 26 32 33
root 26 h 7 pool 392 nodes 47413 color_prunes 47413 size_prunes 0 maxdepth 12 fallbacks 0 expected 16314246560895731420237524 closed 16314246560895731420237524 seconds 2.96652 labels 1 5 6 25 26 32 36
root 29 h 7 pool 388 nodes 32762 color_prunes 32762 size_prunes 0 maxdepth 12 fallbacks 0 expected 16314246560895731420237524 closed 16314246560895731420237524 seconds 2.00615 labels 1 5 6 25 26 32 42
root 28 h 7 pool 390 nodes 39416 color_prunes 39416 size_prunes 0 maxdepth 12 fallbacks 0 expected 16314246560895731420237524 closed 16314246560895731420237524 seconds 2.51161 labels 1 5 6 25 26 32 40
root 27 h 7 pool 397 nodes 76991 color_prunes 76991 size_prunes 0 maxdepth 12 fallbacks 0 expected 16314246560895731420237524 closed 16314246560895731420237524 seconds 4.54045 labels 1 5 6 25 26 32 37
root 32 h 7 pool 392 nodes 41781 color_prunes 41781 size_prunes 0 maxdepth 12 fallbacks 0 expected 16314246560895731420237524 closed 16314246560895731420237524 seconds 2.54301 labels 1 5 6 25 26 32 47
root 30 h 7 pool 396 nodes 63365 color_prunes 63365 size_prunes 0 maxdepth 12 fallbacks 0 expected 16314246560895731420237524 closed 16314246560895731420237524 seconds 3.91888 labels 1 5 6 25 26 32 43
root 31 h 7 pool 396 nodes 67176 color_prunes 67176 size_prunes 0 maxdepth 12 fallbacks 0 expected 16314246560895731420237524 closed 16314246560895731420237524 seconds 4.17383 labels 1 5 6 25 26 32 46
root 34 h 7 pool 389 nodes 36739 color_prunes 36739 size_prunes 0 maxdepth 12 fallbacks 0 expected 16314246560895731420237524 closed 16314246560895731420237524 seconds 2.17655 labels 1 5 6 25 26 32 68
root 35 h 7 pool 391 nodes 38336 color_prunes 38336 size_prunes 0 maxdepth 12 fallbacks 0 expected 16314246560895731420237524 closed 16314246560895731420237524 seconds 2.38736 labels 1 5 6 25 26 32 69
root 33 h 7 pool 398 nodes 77171 color_prunes 77171 size_prunes 0 maxdepth 12 fallbacks 0 expected 16314246560895731420237524 closed 16314246560895731420237524 seconds 4.5518 labels 1 5 6 25 26 32 49
root 37 h 7 pool 387 nodes 32575 color_prunes 32575 size_prunes 0 maxdepth 12 fallbacks 0 expected 16314246560895731420237524 closed 16314246560895731420237524 seconds 2.0437 labels 1 5 6 25 26 33 37
root 38 h 7 pool 389 nodes 34467 color_prunes 34467 size_prunes 0 maxdepth 12 fallbacks 0 expected 16314246560895731420237524 closed 16314246560895731420237524 seconds 2.2078 labels 1 5 6 25 26 33 38
root 39 h 7 pool 388 nodes 33145 color_prunes 33145 size_prunes 0 maxdepth 12 fallbacks 0 expected 16314246560895731420237524 closed 16314246560895731420237524 seconds 2.09066 labels 1 5 6 25 26 33 39
root 36 h 7 pool 396 nodes 67633 color_prunes 67633 size_prunes 0 maxdepth 12 fallbacks 0 expected 16314246560895731420237524 closed 16314246560895731420237524 seconds 4.11916 labels 1 5 6 25 26 33 34
root 40 h 7 pool 387 nodes 28710 color_prunes 28710 size_prunes 0 maxdepth 12 fallbacks 0 expected 16314246560895731420237524 closed 16314246560895731420237524 seconds 1.7901 labels 1 5 6 25 26 33 40
root 41 h 7 pool 382 nodes 20161 color_prunes 20161 size_prunes 0 maxdepth 11 fallbacks 0 expected 16314246560895731420237524 closed 16314246560895731420237524 seconds 1.26746 labels 1 5 6 25 26 33 41
root 42 h 7 pool 386 nodes 25656 color_prunes 25656 size_prunes 0 maxdepth 11 fallbacks 0 expected 16314246560895731420237524 closed 16314246560895731420237524 seconds 1.64016 labels 1 5 6 25 26 33 43
root 45 h 7 pool 377 nodes 13394 color_prunes 13394 size_prunes 0 maxdepth 11 fallbacks 0 expected 16314246560895731420237524 closed 16314246560895731420237524 seconds 0.809068 labels 1 5 6 25 26 33 67
root 44 h 7 pool 390 nodes 36725 color_prunes 36725 size_prunes 0 maxdepth 12 fallbacks 0 expected 16314246560895731420237524 closed 16314246560895731420237524 seconds 2.1963 labels 1 5 6 25 26 33 48
root 43 h 7 pool 390 nodes 40232 color_prunes 40232 size_prunes 0 maxdepth 12 fallbacks 0 expected 16314246560895731420237524 closed 16314246560895731420237524 seconds 2.5736 labels 1 5 6 25 26 33 46
root 47 h 7 pool 387 nodes 32556 color_prunes 32556 size_prunes 0 maxdepth 12 fallbacks 0 expected 16314246560895731420237524 closed 16314246560895731420237524 seconds 2.01042 labels 1 5 6 25 26 34 36
root 46 h 7 pool 390 nodes 35273 color_prunes 35273 size_prunes 0 maxdepth 12 fallbacks 0 expected 16314246560895731420237524 closed 16314246560895731420237524 seconds 2.24755 labels 1 5 6 25 26 34 35
root 49 h 7 pool 386 nodes 25952 color_prunes 25952 size_prunes 0 maxdepth 11 fallbacks 0 expected 16314246560895731420237524 closed 16314246560895731420237524 seconds 1.6094 labels 1 5 6 25 26 34 41
root 48 h 7 pool 388 nodes 33336 color_prunes 33336 size_prunes 0 maxdepth 11 fallbacks 0 expected 16314246560895731420237524 closed 16314246560895731420237524 seconds 2.04832 labels 1 5 6 25 26 34 39
root 50 h 7 pool 383 nodes 20745 color_prunes 20745 size_prunes 0 maxdepth 12 fallbacks 0 expected 16314246560895731420237524 closed 16314246560895731420237524 seconds 1.25151 labels 1 5 6 25 26 34 43
root 51 h 7 pool 388 nodes 30083 color_prunes 30083 size_prunes 0 maxdepth 11 fallbacks 0 expected 16314246560895731420237524 closed 16314246560895731420237524 seconds 1.84946 labels 1 5 6 25 26 34 44
root 52 h 7 pool 390 nodes 36749 color_prunes 36749 size_prunes 0 maxdepth 12 fallbacks 0 expected 16314246560895731420237524 closed 16314246560895731420237524 seconds 2.10968 labels 1 5 6 25 26 34 47
root 54 h 7 pool 383 nodes 22159 color_prunes 22159 size_prunes 0 maxdepth 12 fallbacks 0 expected 16314246560895731420237524 closed 16314246560895731420237524 seconds 1.35394 labels 1 5 6 25 26 34 61
root 53 h 7 pool 392 nodes 42274 color_prunes 42274 size_prunes 0 maxdepth 12 fallbacks 0 expected 16314246560895731420237524 closed 16314246560895731420237524 seconds 2.5773 labels 1 5 6 25 26 34 49
root 57 h 7 pool 383 nodes 19862 color_prunes 19862 size_prunes 0 maxdepth 11 fallbacks 0 expected 16314246560895731420237524 closed 16314246560895731420237524 seconds 1.23786 labels 1 5 6 25 26 35 38
root 56 h 7 pool 385 nodes 26800 color_prunes 26800 size_prunes 0 maxdepth 12 fallbacks 0 expected 16314246560895731420237524 closed 16314246560895731420237524 seconds 1.7293 labels 1 5 6 25 26 35 37
root 55 h 7 pool 391 nodes 45260 color_prunes 45260 size_prunes 0 maxdepth 12 fallbacks 0 expected 16314246560895731420237524 closed 16314246560895731420237524 seconds 3.0503 labels 1 5 6 25 26 35 36
root 60 h 7 pool 381 nodes 17604 color_prunes 17604 size_prunes 0 maxdepth 11 fallbacks 0 expected 16314246560895731420237524 closed 16314246560895731420237524 seconds 1.0698 labels 1 5 6 25 26 35 43
root 58 h 7 pool 388 nodes 30166 color_prunes 30166 size_prunes 0 maxdepth 12 fallbacks 0 expected 16314246560895731420237524 closed 16314246560895731420237524 seconds 2.03587 labels 1 5 6 25 26 35 39
root 59 h 7 pool 391 nodes 45314 color_prunes 45314 size_prunes 0 maxdepth 12 fallbacks 0 expected 16314246560895731420237524 closed 16314246560895731420237524 seconds 2.65008 labels 1 5 6 25 26 35 41
root 61 h 7 pool 388 nodes 30753 color_prunes 30753 size_prunes 0 maxdepth 12 fallbacks 0 expected 16314246560895731420237524 closed 16314246560895731420237524 seconds 1.98336 labels 1 5 6 25 26 35 44
root 63 h 7 pool 385 nodes 25869 color_prunes 25869 size_prunes 0 maxdepth 12 fallbacks 0 expected 16314246560895731420237524 closed 16314246560895731420237524 seconds 1.54882 labels 1 5 6 25 26 35 47
root 64 h 7 pool 382 nodes 19958 color_prunes 19958 size_prunes 0 maxdepth 11 fallbacks 0 expected 16314246560895731420237524 closed 16314246560895731420237524 seconds 1.20039 labels 1 5 6 25 26 35 48
root 66 h 7 pool 384 nodes 22947 color_prunes 22947 size_prunes 0 maxdepth 11 fallbacks 0 expected 16314246560895731420237524 closed 16314246560895731420237524 seconds 1.38058 labels 1 5 6 25 26 35 61
root 65 h 7 pool 383 nodes 24921 color_prunes 24921 size_prunes 0 maxdepth 11 fallbacks 0 expected 16314246560895731420237524 closed 16314246560895731420237524 seconds 1.49811 labels 1 5 6 25 26 35 56
root 62 h 7 pool 393 nodes 54071 color_prunes 54071 size_prunes 0 maxdepth 12 fallbacks 0 expected 16314246560895731420237524 closed 16314246560895731420237524 seconds 3.4245 labels 1 5 6 25 26 35 46
root 67 h 7 pool 382 nodes 21205 color_prunes 21205 size_prunes 0 maxdepth 11 fallbacks 0 expected 16314246560895731420237524 closed 16314246560895731420237524 seconds 1.20843 labels 1 5 6 25 26 35 66
root 69 h 7 pool 376 nodes 11367 color_prunes 11367 size_prunes 0 maxdepth 11 fallbacks 0 expected 16314246560895731420237524 closed 16314246560895731420237524 seconds 0.783527 labels 1 5 6 25 26 35 73
root 68 h 7 pool 380 nodes 17827 color_prunes 17827 size_prunes 0 maxdepth 11 fallbacks 0 expected 16314246560895731420237524 closed 16314246560895731420237524 seconds 1.10696 labels 1 5 6 25 26 35 67
root 70 h 7 pool 378 nodes 14623 color_prunes 14623 size_prunes 0 maxdepth 11 fallbacks 0 expected 16314246560895731420237524 closed 16314246560895731420237524 seconds 0.998181 labels 1 5 6 25 26 35 81
root 71 h 7 pool 383 nodes 23197 color_prunes 23197 size_prunes 0 maxdepth 11 fallbacks 0 expected 16314246560895731420237524 closed 16314246560895731420237524 seconds 1.20235 labels 1 5 6 25 26 35 86
root 72 h 7 pool 380 nodes 16513 color_prunes 16513 size_prunes 0 maxdepth 11 fallbacks 0 expected 16314246560895731420237524 closed 16314246560895731420237524 seconds 1.05083 labels 1 5 6 25 26 35 96
root 74 h 7 pool 383 nodes 20577 color_prunes 20577 size_prunes 0 maxdepth 12 fallbacks 0 expected 16314246560895731420237524 closed 16314246560895731420237524 seconds 1.23932 labels 1 5 6 25 26 35 107
root 73 h 7 pool 387 nodes 30936 color_prunes 30936 size_prunes 0 maxdepth 12 fallbacks 0 expected 16314246560895731420237524 closed 16314246560895731420237524 seconds 1.92361 labels 1 5 6 25 26 35 106
root 75 h 7 pool 386 nodes 28918 color_prunes 28918 size_prunes 0 maxdepth 12 fallbacks 0 expected 16314246560895731420237524 closed 16314246560895731420237524 seconds 1.7987 labels 1 5 6 25 26 35 116
root 76 h 7 pool 389 nodes 35063 color_prunes 35063 size_prunes 0 maxdepth 12 fallbacks 0 expected 16314246560895731420237524 closed 16314246560895731420237524 seconds 2.18155 labels 1 5 6 25 26 35 121
root 78 h 7 pool 384 nodes 25969 color_prunes 25969 size_prunes 0 maxdepth 12 fallbacks 0 expected 16314246560895731420237524 closed 16314246560895731420237524 seconds 1.58955 labels 1 5 6 25 26 36 38
root 79 h 7 pool 387 nodes 27348 color_prunes 27348 size_prunes 0 maxdepth 12 fallbacks 0 expected 16314246560895731420237524 closed 16314246560895731420237524 seconds 1.71625 labels 1 5 6 25 26 36 39
root 77 h 7 pool 392 nodes 42397 color_prunes 42397 size_prunes 0 maxdepth 12 fallbacks 0 expected 16314246560895731420237524 closed 16314246560895731420237524 seconds 2.63054 labels 1 5 6 25 26 36 37
root 83 h 7 pool 386 nodes 27806 color_prunes 27806 size_prunes 0 maxdepth 11 fallbacks 0 expected 16314246560895731420237524 closed 16314246560895731420237524 seconds 1.6448 labels 1 5 6 25 26 36 48
root 80 h 7 pool 391 nodes 46062 color_prunes 46062 size_prunes 0 maxdepth 12 fallbacks 0 expected 16314246560895731420237524 closed 16314246560895731420237524 seconds 2.91403 labels 1 5 6 25 26 36 40
root 81 h 7 pool 390 nodes 35923 color_prunes 35923 size_prunes 0 maxdepth 12 fallbacks 0 expected 16314246560895731420237524 closed 16314246560895731420237524 seconds 2.34403 labels 1 5 6 25 26 36 42
root 82 h 7 pool 387 nodes 29205 color_prunes 29205 size_prunes 0 maxdepth 11 fallbacks 0 expected 16314246560895731420237524 closed 16314246560895731420237524 seconds 1.89996 labels 1 5 6 25 26 36 43
root 85 h 7 pool 383 nodes 23200 color_prunes 23200 size_prunes 0 maxdepth 11 fallbacks 0 expected 16314246560895731420237524 closed 16314246560895731420237524 seconds 1.31681 labels 1 5 6 25 26 36 65
root 86 h 7 pool 383 nodes 21672 color_prunes 21672 size_prunes 0 maxdepth 11 fallbacks 0 expected 16314246560895731420237524 closed 16314246560895731420237524 seconds 1.39568 labels 1 5 6 25 26 36 73
root 87 h 7 pool 383 nodes 24661 color_prunes 24661 size_prunes 0 maxdepth 11 fallbacks 0 expected 16314246560895731420237524 closed 16314246560895731420237524 seconds 1.54554 labels 1 5 6 25 26 36 80
root 84 h 7 pool 391 nodes 41167 color_prunes 41167 size_prunes 0 maxdepth 12 fallbacks 0 expected 16314246560895731420237524 closed 16314246560895731420237524 seconds 2.44066 labels 1 5 6 25 26 36 49
root 89 h 7 pool 382 nodes 22983 color_prunes 22983 size_prunes 0 maxdepth 11 fallbacks 0 expected 16314246560895731420237524 closed 16314246560895731420237524 seconds 1.3936 labels 1 5 6 25 26 36 85
root 88 h 7 pool 386 nodes 28348 color_prunes 28348 size_prunes 0 maxdepth 12 fallbacks 0 expected 16314246560895731420237524 closed 16314246560895731420237524 seconds 1.68268 labels 1 5 6 25 26 36 84
root 90 h 7 pool 392 nodes 42734 color_prunes 42734 size_prunes 0 maxdepth 12 fallbacks 0 expected 16314246560895731420237524 closed 16314246560895731420237524 seconds 2.73232 labels 1 5 6 25 26 36 106
root 93 h 7 pool 384 nodes 25881 color_prunes 25881 size_prunes 0 maxdepth 11 fallbacks 0 expected 16314246560895731420237524 closed 16314246560895731420237524 seconds 1.48674 labels 1 5 6 25 26 37 39
root 91 h 7 pool 389 nodes 35198 color_prunes 35198 size_prunes 0 maxdepth 12 fallbacks 0 expected 16314246560895731420237524 closed 16314246560895731420237524 seconds 2.1817 labels 1 5 6 25 26 36 121
root 92 h 7 pool 394 nodes 51984 color_prunes 51984 size_prunes 0 maxdepth 12 fallbacks 0 expected 16314246560895731420237524 closed 16314246560895731420237524 seconds 3.31573 labels 1 5 6 25 26 37 38
root 94 h 7 pool 388 nodes 31035 color_prunes 31035 size_prunes 0 maxdepth 11 fallbacks 0 expected 16314246560895731420237524 closed 16314246560895731420237524 seconds 1.92765 labels 1 5 6 25 26 37 41
root 95 h 7 pool 389 nodes 34097 color_prunes 34097 size_prunes 0 maxdepth 12 fallbacks 0 expected 16314246560895731420237524 closed 16314246560895731420237524 seconds 2.28436 labels 1 5 6 25 26 37 42
root 96 h 7 pool 394 nodes 52057 color_prunes 52057 size_prunes 0 maxdepth 12 fallbacks 0 expected 16314246560895731420237524 closed 16314246560895731420237524 seconds 3.2421 labels 1 5 6 25 26 37 44
root 97 h 7 pool 388 nodes 30038 color_prunes 30038 size_prunes 0 maxdepth 12 fallbacks 0 expected 16314246560895731420237524 closed 16314246560895731420237524 seconds 1.89794 labels 1 5 6 25 26 37 47
root 99 h 7 pool 384 nodes 25941 color_prunes 25941 size_prunes 0 maxdepth 11 fallbacks 0 expected 16314246560895731420237524 closed 16314246560895731420237524 seconds 1.5723 labels 1 5 6 25 26 37 58
root 98 h 7 pool 389 nodes 37509 color_prunes 37509 size_prunes 0 maxdepth 12 fallbacks 0 expected 16314246560895731420237524 closed 16314246560895731420237524 seconds 2.2996 labels 1 5 6 25 26 37 57
root 101 h 7 pool 383 nodes 23551 color_prunes 23551 size_prunes 0 maxdepth 12 fallbacks 0 expected 16314246560895731420237524 closed 16314246560895731420237524 seconds 1.35124 labels 1 5 6 25 26 37 65
root 102 h 7 pool 386 nodes 25701 color_prunes 25701 size_prunes 0 maxdepth 11 fallbacks 0 expected 16314246560895731420237524 closed 16314246560895731420237524 seconds 1.54698 labels 1 5 6 25 26 37 83
root 103 h 7 pool 386 nodes 25227 color_prunes 25227 size_prunes 0 maxdepth 12 fallbacks 0 expected 16314246560895731420237524 closed 16314246560895731420237524 seconds 1.63719 labels 1 5 6 25 26 37 89
root 100 h 7 pool 391 nodes 42031 color_prunes 42031 size_prunes 0 maxdepth 12 fallbacks 0 expected 16314246560895731420237524 closed 16314246560895731420237524 seconds 2.60792 labels 1 5 6 25 26 37 63
root 104 h 7 pool 388 nodes 31239 color_prunes 31239 size_prunes 0 maxdepth 11 fallbacks 0 expected 16314246560895731420237524 closed 16314246560895731420237524 seconds 1.94702 labels 1 5 6 25 26 37 94
root 106 h 7 pool 387 nodes 29282 color_prunes 29282 size_prunes 0 maxdepth 12 fallbacks 0 expected 16314246560895731420237524 closed 16314246560895731420237524 seconds 1.82722 labels 1 5 6 25 26 38 39
root 107 h 7 pool 388 nodes 31614 color_prunes 31614 size_prunes 0 maxdepth 11 fallbacks 0 expected 16314246560895731420237524 closed 16314246560895731420237524 seconds 1.96047 labels 1 5 6 25 26 38 40
root 108 h 7 pool 381 nodes 17158 color_prunes 17158 size_prunes 0 maxdepth 11 fallbacks 0 expected 16314246560895731420237524 closed 16314246560895731420237524 seconds 1.06982 labels 1 5 6 25 26 38 41
root 105 h 7 pool 393 nodes 45730 color_prunes 45730 size_prunes 0 maxdepth 12 fallbacks 0 expected 16314246560895731420237524 closed 16314246560895731420237524 seconds 2.72054 labels 1 5 6 25 26 37 109
root 110 h 7 pool 383 nodes 20626 color_prunes 20626 size_prunes 0 maxdepth 12 fallbacks 0 expected 16314246560895731420237524 closed 16314246560895731420237524 seconds 1.21968 labels 1 5 6 25 26 38 47
root 111 h 7 pool 384 nodes 24489 color_prunes 24489 size_prunes 0 maxdepth 11 fallbacks 0 expected 16314246560895731420237524 closed 16314246560895731420237524 seconds 1.43839 labels 1 5 6 25 26 38 48
root 114 h 7 pool 381 nodes 17699 color_prunes 17699 size_prunes 0 maxdepth 11 fallbacks 0 expected 16314246560895731420237524 closed 16314246560895731420237524 seconds 1.07943 labels 1 5 6 25 26 38 68
root 113 h 7 pool 384 nodes 24233 color_prunes 24233 size_prunes 0 maxdepth 12 fallbacks 0 expected 16314246560895731420237524 closed 16314246560895731420237524 seconds 1.53272 labels 1 5 6 25 26 38 63
root 109 h 7 pool 395 nodes 54457 color_prunes 54457 size_prunes 0 maxdepth 12 fallbacks 0 expected 16314246560895731420237524 closed 16314246560895731420237524 seconds 3.36276 labels 1 5 6 25 26 38 43
root 116 h 7 pool 378 nodes 16215 color_prunes 16215 size_prunes 0 maxdepth 11 fallbacks 0 expected 16314246560895731420237524 closed 16314246560895731420237524 seconds 0.940591 labels 1 5 6 25 26 38 88
root 115 h 7 pool 386 nodes 25383 color_prunes 25383 size_prunes 0 maxdepth 12 fallbacks 0 expected 16314246560895731420237524 closed 16314246560895731420237524 seconds 1.54608 labels 1 5 6 25 26 38 69
root 112 h 7 pool 396 nodes 63780 color_prunes 63780 size_prunes 0 maxdepth 12 fallbacks 0 expected 16314246560895731420237524 closed 16314246560895731420237524 seconds 3.9911 labels 1 5 6 25 26 38 49
root 117 h 7 pool 383 nodes 19245 color_prunes 19245 size_prunes 0 maxdepth 11 fallbacks 0 expected 16314246560895731420237524 closed 16314246560895731420237524 seconds 1.19339 labels 1 5 6 25 26 38 94
root 118 h 7 pool 381 nodes 18152 color_prunes 18152 size_prunes 0 maxdepth 11 fallbacks 0 expected 16314246560895731420237524 closed 16314246560895731420237524 seconds 1.11378 labels 1 5 6 25 26 38 96
root 119 h 7 pool 382 nodes 21351 color_prunes 21351 size_prunes 0 maxdepth 12 fallbacks 0 expected 16314246560895731420237524 closed 16314246560895731420237524 seconds 1.22559 labels 1 5 6 25 26 38 108
root 121 h 7 pool 385 nodes 23960 color_prunes 23960 size_prunes 0 maxdepth 12 fallbacks 0 expected 16314246560895731420237524 closed 16314246560895731420237524 seconds 1.42737 labels 1 5 6 25 26 38 113
root 123 h 7 pool 378 nodes 14364 color_prunes 14364 size_prunes 0 maxdepth 11 fallbacks 0 expected 16314246560895731420237524 closed 16314246560895731420237524 seconds 0.854725 labels 1 5 6 25 26 39 42
root 120 h 7 pool 388 nodes 31928 color_prunes 31928 size_prunes 0 maxdepth 12 fallbacks 0 expected 16314246560895731420237524 closed 16314246560895731420237524 seconds 1.93943 labels 1 5 6 25 26 38 109
root 122 h 7 pool 390 nodes 35660 color_prunes 35660 size_prunes 0 maxdepth 12 fallbacks 0 expected 16314246560895731420237524 closed 16314246560895731420237524 seconds 2.29945 labels 1 5 6 25 26 39 40
root 126 h 7 pool 380 nodes 15570 color_prunes 15570 size_prunes 0 maxdepth 11 fallbacks 0 expected 16314246560895731420237524 closed 16314246560895731420237524 seconds 0.978188 labels 1 5 6 25 26 39 61
root 127 h 7 pool 370 nodes 7572 color_prunes 7572 size_prunes 0 maxdepth 11 fallbacks 0 expected 16314246560895731420237524 closed 16314246560895731420237524 seconds 0.532418 labels 1 5 6 25 26 39 87
root 124 h 7 pool 388 nodes 33726 color_prunes 33726 size_prunes 0 maxdepth 12 fallbacks 0 expected 16314246560895731420237524 closed 16314246560895731420237524 seconds 2.0717 labels 1 5 6 25 26 39 46
root 125 h 7 pool 386 nodes 31682 color_prunes 31682 size_prunes 0 maxdepth 11 fallbacks 0 expected 16314246560895731420237524 closed 16314246560895731420237524 seconds 1.91859 labels 1 5 6 25 26 39 49
root 128 h 7 pool 380 nodes 15674 color_prunes 15674 size_prunes 0 maxdepth 11 fallbacks 0 expected 16314246560895731420237524 closed 16314246560895731420237524 seconds 0.972195 labels 1 5 6 25 26 39 96
root 129 h 7 pool 381 nodes 17428 color_prunes 17428 size_prunes 0 maxdepth 11 fallbacks 0 expected 16314246560895731420237524 closed 16314246560895731420237524 seconds 1.07425 labels 1 5 6 25 26 39 107
root 130 h 7 pool 382 nodes 18792 color_prunes 18792 size_prunes 0 maxdepth 12 fallbacks 0 expected 16314246560895731420237524 closed 16314246560895731420237524 seconds 1.10759 labels 1 5 6 25 26 39 108
root 131 h 7 pool 381 nodes 16509 color_prunes 16509 size_prunes 0 maxdepth 11 fallbacks 0 expected 16314246560895731420237524 closed 16314246560895731420237524 seconds 1.03253 labels 1 5 6 25 26 39 113
root 132 h 7 pool 388 nodes 34538 color_prunes 34538 size_prunes 0 maxdepth 12 fallbacks 0 expected 16314246560895731420237524 closed 16314246560895731420237524 seconds 1.90652 labels 1 5 6 25 26 39 121
root 133 h 7 pool 385 nodes 26235 color_prunes 26235 size_prunes 0 maxdepth 11 fallbacks 0 expected 16314246560895731420237524 closed 16314246560895731420237524 seconds 1.715 labels 1 5 6 25 26 40 42
root 134 h 7 pool 386 nodes 27543 color_prunes 27543 size_prunes 0 maxdepth 11 fallbacks 0 expected 16314246560895731420237524 closed 16314246560895731420237524 seconds 1.79128 labels 1 5 6 25 26 40 43
root 138 h 7 pool 384 nodes 26170 color_prunes 26170 size_prunes 0 maxdepth 11 fallbacks 0 expected 16314246560895731420237524 closed 16314246560895731420237524 seconds 1.41134 labels 1 5 6 25 26 40 61
root 136 h 7 pool 389 nodes 34644 color_prunes 34644 size_prunes 0 maxdepth 12 fallbacks 0 expected 16314246560895731420237524 closed 16314246560895731420237524 seconds 2.39213 labels 1 5 6 25 26 40 47
root 135 h 7 pool 395 nodes 69865 color_prunes 69865 size_prunes 0 maxdepth 12 fallbacks 0 expected 16314246560895731420237524 closed 16314246560895731420237524 seconds 3.95148 labels 1 5 6 25 26 40 46
root 137 h 7 pool 392 nodes 47321 color_prunes 47321 size_prunes 0 maxdepth 12 fallbacks 0 expected 16314246560895731420237524 closed 16314246560895731420237524 seconds 2.86985 labels 1 5 6 25 26 40 49
root 140 h 7 pool 381 nodes 19039 color_prunes 19039 size_prunes 0 maxdepth 11 fallbacks 0 expected 16314246560895731420237524 closed 16314246560895731420237524 seconds 1.15699 labels 1 5 6 25 26 40 68
root 142 h 7 pool 381 nodes 16942 color_prunes 16942 size_prunes 0 maxdepth 11 fallbacks 0 expected 16314246560895731420237524 closed 16314246560895731420237524 seconds 1.02973 labels 1 5 6 25 26 40 73
root 139 h 7 pool 388 nodes 38032 color_prunes 38032 size_prunes 0 maxdepth 12 fallbacks 0 expected 16314246560895731420237524 closed 16314246560895731420237524 seconds 2.27677 labels 1 5 6 25 26 40 66
root 143 h 7 pool 382 nodes 19982 color_prunes 19982 size_prunes 0 maxdepth 11 fallbacks 0 expected 16314246560895731420237524 closed 16314246560895731420237524 seconds 1.22319 labels 1 5 6 25 26 40 81
root 141 h 7 pool 387 nodes 30235 color_prunes 30235 size_prunes 0 maxdepth 12 fallbacks 0 expected 16314246560895731420237524 closed 16314246560895731420237524 seconds 1.82036 labels 1 5 6 25 26 40 69
root 145 h 7 pool 381 nodes 18362 color_prunes 18362 size_prunes 0 maxdepth 11 fallbacks 0 expected 16314246560895731420237524 closed 16314246560895731420237524 seconds 1.10254 labels 1 5 6 25 26 40 87
root 146 h 7 pool 382 nodes 20793 color_prunes 20793 size_prunes 0 maxdepth 11 fallbacks 0 expected 16314246560895731420237524 closed 16314246560895731420237524 seconds 1.29379 labels 1 5 6 25 26 40 96
root 144 h 7 pool 387 nodes 30197 color_prunes 30197 size_prunes 0 maxdepth 11 fallbacks 0 expected 16314246560895731420237524 closed 16314246560895731420237524 seconds 1.80755 labels 1 5 6 25 26 40 86
root 150 h 7 pool 383 nodes 19833 color_prunes 19833 size_prunes 0 maxdepth 11 fallbacks 0 expected 16314246560895731420237524 closed 16314246560895731420237524 seconds 1.24246 labels 1 5 6 25 26 41 43
root 148 h 7 pool 389 nodes 34932 color_prunes 34932 size_prunes 0 maxdepth 12 fallbacks 0 expected 16314246560895731420237524 closed 16314246560895731420237524 seconds 2.22186 labels 1 5 6 25 26 40 116
root 147 h 7 pool 391 nodes 47095 color_prunes 47095 size_prunes 0 maxdepth 12 fallbacks 0 expected 16314246560895731420237524 closed 16314246560895731420237524 seconds 2.89948 labels 1 5 6 25 26 40 106
root 149 h 7 pool 390 nodes 38010 color_prunes 38010 size_prunes 0 maxdepth 12 fallbacks 0 expected 16314246560895731420237524 closed 16314246560895731420237524 seconds 2.34826 labels 1 5 6 25 26 40 121
root 151 h 7 pool 386 nodes 26784 color_prunes 26784 size_prunes 0 maxdepth 11 fallbacks 0 expected 16314246560895731420237524 closed 16314246560895731420237524 seconds 1.57786 labels 1 5 6 25 26 41 44
root 154 h 7 pool 384 nodes 23565 color_prunes 23565 size_prunes 0 maxdepth 12 fallbacks 0 expected 16314246560895731420237524 closed 16314246560895731420237524 seconds 1.23624 labels 1 5 6 25 26 41 61
root 152 h 7 pool 390 nodes 35892 color_prunes 35892 size_prunes 0 maxdepth 12 fallbacks 0 expected 16314246560895731420237524 closed 16314246560895731420237524 seconds 2.3495 labels 1 5 6 25 26 41 47
root 153 h 7 pool 390 nodes 35631 color_prunes 35631 size_prunes 0 maxdepth 12 fallbacks 0 expected 16314246560895731420237524 closed 16314246560895731420237524 seconds 2.30163 labels 1 5 6 25 26 41 49
root 155 h 7 pool 381 nodes 21020 color_prunes 21020 size_prunes 0 maxdepth 11 fallbacks 0 expected 16314246560895731420237524 closed 16314246560895731420237524 seconds 1.31418 labels 1 5 6 25 26 41 65
root 157 h 7 pool 384 nodes 22301 color_prunes 22301 size_prunes 0 maxdepth 11 fallbacks 0 expected 16314246560895731420237524 closed 16314246560895731420237524 seconds 1.22685 labels 1 5 6 25 26 41 68
root 156 h 7 pool 386 nodes 25037 color_prunes 25037 size_prunes 0 maxdepth 12 fallbacks 0 expected 16314246560895731420237524 closed 16314246560895731420237524 seconds 1.60401 labels 1 5 6 25 26 41 66
root 158 h 7 pool 383 nodes 22223 color_prunes 22223 size_prunes 0 maxdepth 11 fallbacks 0 expected 16314246560895731420237524 closed 16314246560895731420237524 seconds 1.40622 labels 1 5 6 25 26 41 85
root 159 h 7 pool 388 nodes 26527 color_prunes 26527 size_prunes 0 maxdepth 12 fallbacks 0 expected 16314246560895731420237524 closed 16314246560895731420237524 seconds 1.76802 labels 1 5 6 25 26 41 94
root 161 h 7 pool 384 nodes 23213 color_prunes 23213 size_prunes 0 maxdepth 12 fallbacks 0 expected 16314246560895731420237524 closed 16314246560895731420237524 seconds 1.37684 labels 1 5 6 25 26 41 116
root 162 h 7 pool 385 nodes 26115 color_prunes 26115 size_prunes 0 maxdepth 12 fallbacks 0 expected 16314246560895731420237524 closed 16314246560895731420237524 seconds 1.43011 labels 1 5 6 25 26 42 44
root 165 h 7 pool 375 nodes 11385 color_prunes 11385 size_prunes 0 maxdepth 12 fallbacks 0 expected 16314246560895731420237524 closed 16314246560895731420237524 seconds 0.697479 labels 1 5 6 25 26 42 65
root 160 h 7 pool 391 nodes 37133 color_prunes 37133 size_prunes 0 maxdepth 12 fallbacks 0 expected 16314246560895731420237524 closed 16314246560895731420237524 seconds 2.4283 labels 1 5 6 25 26 41 106
root 163 h 7 pool 390 nodes 35922 color_prunes 35922 size_prunes 0 maxdepth 12 fallbacks 0 expected 16314246560895731420237524 closed 16314246560895731420237524 seconds 2.08981 labels 1 5 6 25 26 42 47
root 167 h 7 pool 380 nodes 15659 color_prunes 15659 size_prunes 0 maxdepth 11 fallbacks 0 expected 16314246560895731420237524 closed 16314246560895731420237524 seconds 1.02658 labels 1 5 6 25 26 42 73
root 164 h 7 pool 388 nodes 33085 color_prunes 33085 size_prunes 0 maxdepth 11 fallbacks 0 expected 16314246560895731420237524 closed 16314246560895731420237524 seconds 2.11859 labels 1 5 6 25 26 42 48
root 166 h 7 pool 385 nodes 24598 color_prunes 24598 size_prunes 0 maxdepth 12 fallbacks 0 expected 16314246560895731420237524 closed 16314246560895731420237524 seconds 1.50449 labels 1 5 6 25 26 42 68
root 168 h 7 pool 380 nodes 17091 color_prunes 17091 size_prunes 0 maxdepth 11 fallbacks 0 expected 16314246560895731420237524 closed 16314246560895731420237524 seconds 1.04074 labels 1 5 6 25 26 42 84
root 169 h 7 pool 376 nodes 11752 color_prunes 11752 size_prunes 0 maxdepth 12 fallbacks 0 expected 16314246560895731420237524 closed 16314246560895731420237524 seconds 0.772003 labels 1 5 6 25 26 42 85
root 170 h 7 pool 383 nodes 19757 color_prunes 19757 size_prunes 0 maxdepth 11 fallbacks 0 expected 16314246560895731420237524 closed 16314246560895731420237524 seconds 1.24177 labels 1 5 6 25 26 42 94
root 172 h 7 pool 381 nodes 18384 color_prunes 18384 size_prunes 0 maxdepth 12 fallbacks 0 expected 16314246560895731420237524 closed 16314246560895731420237524 seconds 0.950173 labels 1 5 6 25 26 42 121
root 171 h 7 pool 381 nodes 16504 color_prunes 16504 size_prunes 0 maxdepth 11 fallbacks 0 expected 16314246560895731420237524 closed 16314246560895731420237524 seconds 1.01722 labels 1 5 6 25 26 42 116
root 173 h 7 pool 385 nodes 23719 color_prunes 23719 size_prunes 0 maxdepth 12 fallbacks 0 expected 16314246560895731420237524 closed 16314246560895731420237524 seconds 1.50341 labels 1 5 6 25 26 43 63
root 175 h 7 pool 383 nodes 21472 color_prunes 21472 size_prunes 0 maxdepth 11 fallbacks 0 expected 16314246560895731420237524 closed 16314246560895731420237524 seconds 1.30679 labels 1 5 6 25 26 43 67
root 174 h 7 pool 386 nodes 25588 color_prunes 25588 size_prunes 0 maxdepth 11 fallbacks 0 expected 16314246560895731420237524 closed 16314246560895731420237524 seconds 1.52418 labels 1 5 6 25 26 43 65
root 176 h 7 pool 386 nodes 25402 color_prunes 25402 size_prunes 0 maxdepth 11 fallbacks 0 expected 16314246560895731420237524 closed 16314246560895731420237524 seconds 1.60875 labels 1 5 6 25 26 43 69
root 177 h 7 pool 385 nodes 21128 color_prunes 21128 size_prunes 0 maxdepth 12 fallbacks 0 expected 16314246560895731420237524 closed 16314246560895731420237524 seconds 1.26275 labels 1 5 6 25 26 43 83
root 179 h 7 pool 379 nodes 13091 color_prunes 13091 size_prunes 0 maxdepth 12 fallbacks 0 expected 16314246560895731420237524 closed 16314246560895731420237524 seconds 0.820651 labels 1 5 6 25 26 43 96
root 178 h 7 pool 385 nodes 23752 color_prunes 23752 size_prunes 0 maxdepth 12 fallbacks 0 expected 16314246560895731420237524 closed 16314246560895731420237524 seconds 1.38061 labels 1 5 6 25 26 43 88
root 182 h 7 pool 387 nodes 25221 color_prunes 25221 size_prunes 0 maxdepth 12 fallbacks 0 expected 16314246560895731420237524 closed 16314246560895731420237524 seconds 1.55761 labels 1 5 6 25 26 43 116
root 180 h 7 pool 391 nodes 37010 color_prunes 37010 size_prunes 0 maxdepth 12 fallbacks 0 expected 16314246560895731420237524 closed 16314246560895731420237524 seconds 2.22622 labels 1 5 6 25 26 43 109
root 183 h 7 pool 385 nodes 23047 color_prunes 23047 size_prunes 0 maxdepth 12 fallbacks 0 expected 16314246560895731420237524 closed 16314246560895731420237524 seconds 1.37646 labels 1 5 6 25 26 43 121
root 181 h 7 pool 392 nodes 36821 color_prunes 36821 size_prunes 0 maxdepth 12 fallbacks 0 expected 16314246560895731420237524 closed 16314246560895731420237524 seconds 2.34816 labels 1 5 6 25 26 43 113
root 186 h 7 pool 387 nodes 29174 color_prunes 29174 size_prunes 0 maxdepth 11 fallbacks 0 expected 16314246560895731420237524 closed 16314246560895731420237524 seconds 1.77731 labels 1 5 6 25 26 44 63
root 185 h 7 pool 389 nodes 34880 color_prunes 34880 size_prunes 0 maxdepth 12 fallbacks 0 expected 16314246560895731420237524 closed 16314246560895731420237524 seconds 2.20228 labels 1 5 6 25 26 44 48
root 187 h 7 pool 387 nodes 30338 color_prunes 30338 size_prunes 0 maxdepth 12 fallbacks 0 expected 16314246560895731420237524 closed 16314246560895731420237524 seconds 1.71582 labels 1 5 6 25 26 44 66
root 184 h 7 pool 392 nodes 47795 color_prunes 47795 size_prunes 0 maxdepth 12 fallbacks 0 expected 16314246560895731420237524 closed 16314246560895731420237524 seconds 2.91844 labels 1 5 6 25 26 44 46
root 188 h 7 pool 382 nodes 19102 color_prunes 19102 size_prunes 0 maxdepth 11 fallbacks 0 expected 16314246560895731420237524 closed 16314246560895731420237524 seconds 1.18875 labels 1 5 6 25 26 44 67
root 190 h 7 pool 380 nodes 17236 color_prunes 17236 size_prunes 0 maxdepth 11 fallbacks 0 expected 16314246560895731420237524 closed 16314246560895731420237524 seconds 0.998644 labels 1 5 6 25 26 44 73
root 191 h 7 pool 384 nodes 20597 color_prunes 20597 size_prunes 0 maxdepth 12 fallbacks 0 expected 16314246560895731420237524 closed 16314246560895731420237524 seconds 1.23509 labels 1 5 6 25 26 44 88
root 189 h 7 pool 392 nodes 43442 color_prunes 43442 size_prunes 0 maxdepth 12 fallbacks 0 expected 16314246560895731420237524 closed 16314246560895731420237524 seconds 2.62869 labels 1 5 6 25 26 44 69
root 192 h 7 pool 388 nodes 27929 color_prunes 27929 size_prunes 0 maxdepth 12 fallbacks 0 expected 16314246560895731420237524 closed 16314246560895731420237524 seconds 1.72975 labels 1 5 6 25 26 44 94
root 193 h 7 pool 392 nodes 39613 color_prunes 39613 size_prunes 0 maxdepth 12 fallbacks 0 expected 16314246560895731420237524 closed 16314246560895731420237524 seconds 2.46234 labels 1 5 6 25 26 44 107
root 194 h 7 pool 391 nodes 38310 color_prunes 38310 size_prunes 0 maxdepth 12 fallbacks 0 expected 16314246560895731420237524 closed 16314246560895731420237524 seconds 2.57732 labels 1 5 6 25 26 44 116
root 195 h 7 pool 388 nodes 38999 color_prunes 38999 size_prunes 0 maxdepth 12 fallbacks 0 expected 16314246560895731420237524 closed 16314246560895731420237524 seconds 2.05954 labels 1 5 6 25 26 46 65
root 196 h 7 pool 388 nodes 38591 color_prunes 38591 size_prunes 0 maxdepth 12 fallbacks 0 expected 16314246560895731420237524 closed 16314246560895731420237524 seconds 2.5539 labels 1 5 6 25 26 46 85
root 199 h 7 pool 380 nodes 18437 color_prunes 18437 size_prunes 0 maxdepth 11 fallbacks 0 expected 16314246560895731420237524 closed 16314246560895731420237524 seconds 1.13548 labels 1 5 6 25 26 47 65
root 197 h 7 pool 392 nodes 43131 color_prunes 43131 size_prunes 0 maxdepth 12 fallbacks 0 expected 16314246560895731420237524 closed 16314246560895731420237524 seconds 2.61856 labels 1 5 6 25 26 46 113
root 200 h 7 pool 385 nodes 25274 color_prunes 25274 size_prunes 0 maxdepth 12 fallbacks 0 expected 16314246560895731420237524 closed 16314246560895731420237524 seconds 1.60742 labels 1 5 6 25 26 47 67
root 202 h 7 pool 385 nodes 25548 color_prunes 25548 size_prunes 0 maxdepth 11 fallbacks 0 expected 16314246560895731420237524 closed 16314246560895731420237524 seconds 1.56256 labels 1 5 6 25 26 47 87
root 198 h 7 pool 393 nodes 52868 color_prunes 52868 size_prunes 0 maxdepth 12 fallbacks 0 expected 16314246560895731420237524 closed 16314246560895731420237524 seconds 3.38393 labels 1 5 6 25 26 47 49
root 201 h 7 pool 389 nodes 34860 color_prunes 34860 size_prunes 0 maxdepth 12 fallbacks 0 expected 16314246560895731420237524 closed 16314246560895731420237524 seconds 2.08369 labels 1 5 6 25 26 47 73
root 203 h 7 pool 386 nodes 26108 color_prunes 26108 size_prunes 0 maxdepth 11 fallbacks 0 expected 16314246560895731420237524 closed 16314246560895731420237524 seconds 1.66956 labels 1 5 6 25 26 47 88
root 204 h 7 pool 385 nodes 23178 color_prunes 23178 size_prunes 0 maxdepth 11 fallbacks 0 expected 16314246560895731420237524 closed 16314246560895731420237524 seconds 1.41666 labels 1 5 6 25 26 47 94
root 206 h 7 pool 383 nodes 24131 color_prunes 24131 size_prunes 0 maxdepth 11 fallbacks 0 expected 16314246560895731420237524 closed 16314246560895731420237524 seconds 1.43745 labels 1 5 6 25 26 48 67
root 207 h 7 pool 381 nodes 20773 color_prunes 20773 size_prunes 0 maxdepth 11 fallbacks 0 expected 16314246560895731420237524 closed 16314246560895731420237524 seconds 1.25078 labels 1 5 6 25 26 48 69
root 205 h 7 pool 390 nodes 36657 color_prunes 36657 size_prunes 0 maxdepth 12 fallbacks 0 expected 16314246560895731420237524 closed 16314246560895731420237524 seconds 2.2076 labels 1 5 6 25 26 47 113
root 209 h 7 pool 380 nodes 18116 color_prunes 18116 size_prunes 0 maxdepth 11 fallbacks 0 expected 16314246560895731420237524 closed 16314246560895731420237524 seconds 1.10871 labels 1 5 6 25 26 48 85
root 210 h 7 pool 382 nodes 20275 color_prunes 20275 size_prunes 0 maxdepth 11 fallbacks 0 expected 16314246560895731420237524 closed 16314246560895731420237524 seconds 1.31389 labels 1 5 6 25 26 48 86
root 208 h 7 pool 389 nodes 33999 color_prunes 33999 size_prunes 0 maxdepth 12 fallbacks 0 expected 16314246560895731420237524 closed 16314246560895731420237524 seconds 1.8978 labels 1 5 6 25 26 48 73
root 211 h 7 pool 384 nodes 23245 color_prunes 23245 size_prunes 0 maxdepth 11 fallbacks 0 expected 16314246560895731420237524 closed 16314246560895731420237524 seconds 1.45203 labels 1 5 6 25 26 48 94
root 214 h 7 pool 387 nodes 35081 color_prunes 35081 size_prunes 0 maxdepth 12 fallbacks 0 expected 16314246560895731420237524 closed 16314246560895731420237524 seconds 1.99985 labels 1 5 6 25 26 49 66
root 213 h 7 pool 389 nodes 34957 color_prunes 34957 size_prunes 0 maxdepth 12 fallbacks 0 expected 16314246560895731420237524 closed 16314246560895731420237524 seconds 2.11471 labels 1 5 6 25 26 48 113
root 215 h 7 pool 391 nodes 46619 color_prunes 46619 size_prunes 0 maxdepth 12 fallbacks 0 expected 16314246560895731420237524 closed 16314246560895731420237524 seconds 2.86431 labels 1 5 6 25 26 49 69
root 212 h 7 pool 397 nodes 73896 color_prunes 73896 size_prunes 0 maxdepth 12 fallbacks 0 expected 16314246560895731420237524 closed 16314246560895731420237524 seconds 4.47679 labels 1 5 6 25 26 48 108
root 216 h 7 pool 387 nodes 30579 color_prunes 30579 size_prunes 0 maxdepth 11 fallbacks 0 expected 16314246560895731420237524 closed 16314246560895731420237524 seconds 1.92028 labels 1 5 6 25 26 49 88
root 217 h 7 pool 387 nodes 34871 color_prunes 34871 size_prunes 0 maxdepth 12 fallbacks 0 expected 16314246560895731420237524 closed 16314246560895731420237524 seconds 2.02 labels 1 5 6 25 26 49 89
root 218 h 7 pool 391 nodes 37792 color_prunes 37792 size_prunes 0 maxdepth 12 fallbacks 0 expected 16314246560895731420237524 closed 16314246560895731420237524 seconds 2.27959 labels 1 5 6 25 26 49 94
root 219 h 7 pool 390 nodes 35185 color_prunes 35185 size_prunes 0 maxdepth 12 fallbacks 0 expected 16314246560895731420237524 closed 16314246560895731420237524 seconds 2.20641 labels 1 5 6 25 26 49 96
root 221 h 7 pool 388 nodes 31955 color_prunes 31955 size_prunes 0 maxdepth 12 fallbacks 0 expected 16314246560895731420237524 closed 16314246560895731420237524 seconds 1.95273 labels 1 5 6 25 26 61 65
root 220 h 7 pool 393 nodes 45437 color_prunes 45437 size_prunes 0 maxdepth 12 fallbacks 0 expected 16314246560895731420237524 closed 16314246560895731420237524 seconds 2.80187 labels 1 5 6 25 26 49 113
root 223 h 7 pool 382 nodes 19313 color_prunes 19313 size_prunes 0 maxdepth 11 fallbacks 0 expected 16314246560895731420237524 closed 16314246560895731420237524 seconds 1.20201 labels 1 5 6 25 26 61 73
root 222 h 7 pool 390 nodes 33818 color_prunes 33818 size_prunes 0 maxdepth 12 fallbacks 0 expected 16314246560895731420237524 closed 16314246560895731420237524 seconds 2.20078 labels 1 5 6 25 26 61 66
root 225 h 7 pool 382 nodes 18957 color_prunes 18957 size_prunes 0 maxdepth 11 fallbacks 0 expected 16314246560895731420237524 closed 16314246560895731420237524 seconds 1.17134 labels 1 5 6 25 26 63 73
root 224 h 7 pool 391 nodes 34175 color_prunes 34175 size_prunes 0 maxdepth 12 fallbacks 0 expected 16314246560895731420237524 closed 16314246560895731420237524 seconds 2.27939 labels 1 5 6 25 26 63 69
root 226 h 7 pool 381 nodes 19089 color_prunes 19089 size_prunes 0 maxdepth 11 fallbacks 0 expected 16314246560895731420237524 closed 16314246560895731420237524 seconds 1.16319 labels 1 5 6 25 26 65 67
root 228 h 7 pool 379 nodes 13058 color_prunes 13058 size_prunes 0 maxdepth 11 fallbacks 0 expected 16314246560895731420237524 closed 16314246560895731420237524 seconds 0.817213 labels 1 5 6 25 26 65 73
root 227 h 7 pool 381 nodes 18866 color_prunes 18866 size_prunes 0 maxdepth 11 fallbacks 0 expected 16314246560895731420237524 closed 16314246560895731420237524 seconds 1.16472 labels 1 5 6 25 26 65 68
root 232 h 7 pool 378 nodes 12794 color_prunes 12794 size_prunes 0 maxdepth 11 fallbacks 0 expected 16314246560895731420237524 closed 16314246560895731420237524 seconds 0.739214 labels 1 5 6 25 26 65 113
root 231 h 7 pool 387 nodes 30139 color_prunes 30139 size_prunes 0 maxdepth 12 fallbacks 0 expected 16314246560895731420237524 closed 16314246560895731420237524 seconds 1.87985 labels 1 5 6 25 26 65 96
root 230 h 7 pool 390 nodes 34410 color_prunes 34410 size_prunes 0 maxdepth 12 fallbacks 0 expected 16314246560895731420237524 closed 16314246560895731420237524 seconds 2.27623 labels 1 5 6 25 26 65 94
root 229 h 7 pool 391 nodes 44973 color_prunes 44973 size_prunes 0 maxdepth 12 fallbacks 0 expected 16314246560895731420237524 closed 16314246560895731420237524 seconds 2.91162 labels 1 5 6 25 26 65 86
root 233 h 7 pool 387 nodes 30368 color_prunes 30368 size_prunes 0 maxdepth 12 fallbacks 0 expected 16314246560895731420237524 closed 16314246560895731420237524 seconds 1.9673 labels 1 5 6 25 26 65 116
root 235 h 7 pool 383 nodes 22587 color_prunes 22587 size_prunes 0 maxdepth 11 fallbacks 0 expected 16314246560895731420237524 closed 16314246560895731420237524 seconds 1.37806 labels 1 5 6 25 26 66 68
root 234 h 7 pool 386 nodes 27027 color_prunes 27027 size_prunes 0 maxdepth 11 fallbacks 0 expected 16314246560895731420237524 closed 16314246560895731420237524 seconds 1.6994 labels 1 5 6 25 26 65 121
root 237 h 7 pool 379 nodes 15423 color_prunes 15423 size_prunes 0 maxdepth 11 fallbacks 0 expected 16314246560895731420237524 closed 16314246560895731420237524 seconds 0.945259 labels 1 5 6 25 26 66 73
root 236 h 7 pool 387 nodes 31199 color_prunes 31199 size_prunes 0 maxdepth 11 fallbacks 0 expected 16314246560895731420237524 closed 16314246560895731420237524 seconds 1.92278 labels 1 5 6 25 26 66 69
root 239 h 7 pool 381 nodes 16679 color_prunes 16679 size_prunes 0 maxdepth 11 fallbacks 0 expected 16314246560895731420237524 closed 16314246560895731420237524 seconds 1.04004 labels 1 5 6 25 26 66 113
root 240 h 7 pool 381 nodes 18384 color_prunes 18384 size_prunes 0 maxdepth 11 fallbacks 0 expected 16314246560895731420237524 closed 16314246560895731420237524 seconds 1.11578 labels 1 5 6 25 26 66 116
root 238 h 7 pool 390 nodes 34005 color_prunes 34005 size_prunes 0 maxdepth 12 fallbacks 0 expected 16314246560895731420237524 closed 16314246560895731420237524 seconds 2.13745 labels 1 5 6 25 26 66 94
root 241 h 7 pool 382 nodes 21466 color_prunes 21466 size_prunes 0 maxdepth 11 fallbacks 0 expected 16314246560895731420237524 closed 16314246560895731420237524 seconds 1.26218 labels 1 5 6 25 26 67 69
root 245 h 7 pool 374 nodes 9968 color_prunes 9968 size_prunes 0 maxdepth 11 fallbacks 0 expected 16314246560895731420237524 closed 16314246560895731420237524 seconds 0.531613 labels 1 5 6 25 26 67 96
root 242 h 7 pool 386 nodes 26101 color_prunes 26101 size_prunes 0 maxdepth 12 fallbacks 0 expected 16314246560895731420237524 closed 16314246560895731420237524 seconds 1.68265 labels 1 5 6 25 26 67 73
root 243 h 7 pool 387 nodes 28649 color_prunes 28649 size_prunes 0 maxdepth 12 fallbacks 0 expected 16314246560895731420237524 closed 16314246560895731420237524 seconds 1.94146 labels 1 5 6 25 26 67 89
root 246 h 7 pool 386 nodes 25409 color_prunes 25409 size_prunes 0 maxdepth 11 fallbacks 0 expected 16314246560895731420237524 closed 16314246560895731420237524 seconds 1.67024 labels 1 5 6 25 26 67 113
root 244 h 7 pool 392 nodes 44192 color_prunes 44192 size_prunes 0 maxdepth 12 fallbacks 0 expected 16314246560895731420237524 closed 16314246560895731420237524 seconds 2.49902 labels 1 5 6 25 26 67 94
root 249 h 7 pool 374 nodes 9451 color_prunes 9451 size_prunes 0 maxdepth 11 fallbacks 0 expected 16314246560895731420237524 closed 16314246560895731420237524 seconds 0.552066 labels 1 5 6 25 26 68 96
root 247 h 7 pool 391 nodes 39260 color_prunes 39260 size_prunes 0 maxdepth 12 fallbacks 0 expected 16314246560895731420237524 closed 16314246560895731420237524 seconds 2.70228 labels 1 5 6 25 26 68 88
root 251 h 7 pool 377 nodes 13476 color_prunes 13476 size_prunes 0 maxdepth 11 fallbacks 0 expected 16314246560895731420237524 closed 16314246560895731420237524 seconds 0.794754 labels 1 5 6 25 26 68 121
root 248 h 7 pool 392 nodes 43248 color_prunes 43248 size_prunes 0 maxdepth 12 fallbacks 0 expected 16314246560895731420237524 closed 16314246560895731420237524 seconds 2.53694 labels 1 5 6 25 26 68 94
root 250 h 7 pool 387 nodes 26752 color_prunes 26752 size_prunes 0 maxdepth 12 fallbacks 0 expected 16314246560895731420237524 closed 16314246560895731420237524 seconds 1.65679 labels 1 5 6 25 26 68 113
root 252 h 7 pool 380 nodes 16064 color_prunes 16064 size_prunes 0 maxdepth 11 fallbacks 0 expected 16314246560895731420237524 closed 16314246560895731420237524 seconds 1.07948 labels 1 5 6 25 26 69 73
root 253 h 7 pool 381 nodes 16580 color_prunes 16580 size_prunes 0 maxdepth 11 fallbacks 0 expected 16314246560895731420237524 closed 16314246560895731420237524 seconds 1.06098 labels 1 5 6 25 26 69 113
root 254 h 7 pool 382 nodes 19080 color_prunes 19080 size_prunes 0 maxdepth 11 fallbacks 0 expected 16314246560895731420237524 closed 16314246560895731420237524 seconds 0.935058 labels 1 5 6 25 26 69 116
root 255 h 7 pool 385 nodes 22660 color_prunes 22660 size_prunes 0 maxdepth 11 fallbacks 0 expected 16314246560895731420237524 closed 16314246560895731420237524 seconds 1.50233 labels 1 5 6 25 26 69 121
root 256 h 7 pool 381 nodes 16189 color_prunes 16189 size_prunes 0 maxdepth 11 fallbacks 0 expected 16314246560895731420237524 closed 16314246560895731420237524 seconds 1.05974 labels 1 5 6 25 26 73 113
root 257 h 7 pool 380 nodes 17273 color_prunes 17273 size_prunes 0 maxdepth 11 fallbacks 0 expected 16314246560895731420237524 closed 16314246560895731420237524 seconds 0.901256 labels 1 5 6 25 26 73 121
root 258 h 7 pool 381 nodes 15942 color_prunes 15942 size_prunes 0 maxdepth 11 fallbacks 0 expected 16314246560895731420237524 closed 16314246560895731420237524 seconds 1.05136 labels 1 5 6 25 26 96 116
root 261 h 7 pool 383 nodes 25389 color_prunes 25389 size_prunes 0 maxdepth 11 fallbacks 0 expected 16314246560895731420237524 closed 16314246560895731420237524 seconds 1.50672 labels 1 5 6 25 27 31 39
root 262 h 7 pool 384 nodes 26434 color_prunes 26434 size_prunes 0 maxdepth 11 fallbacks 0 expected 16314246560895731420237524 closed 16314246560895731420237524 seconds 1.56712 labels 1 5 6 25 27 31 40
root 260 h 7 pool 388 nodes 33747 color_prunes 33747 size_prunes 0 maxdepth 12 fallbacks 0 expected 16314246560895731420237524 closed 16314246560895731420237524 seconds 2.06313 labels 1 5 6 25 27 31 38
root 259 h 7 pool 391 nodes 45925 color_prunes 45925 size_prunes 0 maxdepth 12 fallbacks 0 expected 16314246560895731420237524 closed 16314246560895731420237524 seconds 2.89742 labels 1 5 6 25 27 31 34
root 265 h 7 pool 382 nodes 24666 color_prunes 24666 size_prunes 0 maxdepth 11 fallbacks 0 expected 16314246560895731420237524 closed 16314246560895731420237524 seconds 1.23446 labels 1 5 6 25 27 31 55
root 264 h 7 pool 387 nodes 28796 color_prunes 28796 size_prunes 0 maxdepth 11 fallbacks 0 expected 16314246560895731420237524 closed 16314246560895731420237524 seconds 1.90305 labels 1 5 6 25 27 31 42
root 263 h 7 pool 389 nodes 32629 color_prunes 32629 size_prunes 0 maxdepth 12 fallbacks 0 expected 16314246560895731420237524 closed 16314246560895731420237524 seconds 2.15077 labels 1 5 6 25 27 31 41
root 267 h 7 pool 384 nodes 26233 color_prunes 26233 size_prunes 0 maxdepth 11 fallbacks 0 expected 16314246560895731420237524 closed 16314246560895731420237524 seconds 1.39097 labels 1 5 6 25 27 31 59
root 269 h 7 pool 379 nodes 16058 color_prunes 16058 size_prunes 0 maxdepth 11 fallbacks 0 expected 16314246560895731420237524 closed 16314246560895731420237524 seconds 0.962587 labels 1 5 6 25 27 31 69
root 266 h 7 pool 387 nodes 38098 color_prunes 38098 size_prunes 0 maxdepth 12 fallbacks 0 expected 16314246560895731420237524 closed 16314246560895731420237524 seconds 2.28301 labels 1 5 6 25 27 31 58
root 268 h 7 pool 386 nodes 27040 color_prunes 27040 size_prunes 0 maxdepth 11 fallbacks 0 expected 16314246560895731420237524 closed 16314246560895731420237524 seconds 1.59582 labels 1 5 6 25 27 31 63
root 270 h 7 pool 378 nodes 18885 color_prunes 18885 size_prunes 0 maxdepth 11 fallbacks 0 expected 16314246560895731420237524 closed 16314246560895731420237524 seconds 1.0742 labels 1 5 6 25 27 31 80
root 271 h 7 pool 383 nodes 21015 color_prunes 21015 size_prunes 0 maxdepth 11 fallbacks 0 expected 16314246560895731420237524 closed 16314246560895731420237524 seconds 1.30912 labels 1 5 6 25 27 31 82
root 273 h 7 pool 384 nodes 24729 color_prunes 24729 size_prunes 0 maxdepth 11 fallbacks 0 expected 16314246560895731420237524 closed 16314246560895731420237524 seconds 1.48147 labels 1 5 6 25 27 31 89
root 272 h 7 pool 386 nodes 29064 color_prunes 29064 size_prunes 0 maxdepth 12 fallbacks 0 expected 16314246560895731420237524 closed 16314246560895731420237524 seconds 1.75049 labels 1 5 6 25 27 31 84
root 275 h 7 pool 387 nodes 32613 color_prunes 32613 size_prunes 0 maxdepth 12 fallbacks 0 expected 16314246560895731420237524 closed 16314246560895731420237524 seconds 1.92153 labels 1 5 6 25 27 31 108
root 274 h 7 pool 389 nodes 36945 color_prunes 36945 size_prunes 0 maxdepth 12 fallbacks 0 expected 16314246560895731420237524 closed 16314246560895731420237524 seconds 2.27216 labels 1 5 6 25 27 31 107
root 277 h 7 pool 383 nodes 20501 color_prunes 20501 size_prunes 0 maxdepth 11 fallbacks 0 expected 16314246560895731420237524 closed 16314246560895731420237524 seconds 1.2752 labels 1 5 6 25 27 33 41
root 276 h 7 pool 386 nodes 25650 color_prunes 25650 size_prunes 0 maxdepth 11 fallbacks 0 expected 16314246560895731420237524 closed 16314246560895731420237524 seconds 1.59123 labels 1 5 6 25 27 33 35
root 278 h 7 pool 381 nodes 17622 color_prunes 17622 size_prunes 0 maxdepth 11 fallbacks 0 expected 16314246560895731420237524 closed 16314246560895731420237524 seconds 1.07404 labels 1 5 6 25 27 33 42
root 279 h 7 pool 382 nodes 18717 color_prunes 18717 size_prunes 0 maxdepth 11 fallbacks 0 expected 16314246560895731420237524 closed 16314246560895731420237524 seconds 1.19662 labels 1 5 6 25 27 33 43
root 281 h 7 pool 381 nodes 20975 color_prunes 20975 size_prunes 0 maxdepth 11 fallbacks 0 expected 16314246560895731420237524 closed 16314246560895731420237524 seconds 1.17886 labels 1 5 6 25 27 33 57
root 280 h 7 pool 388 nodes 30627 color_prunes 30627 size_prunes 0 maxdepth 12 fallbacks 0 expected 16314246560895731420237524 closed 16314246560895731420237524 seconds 1.92865 labels 1 5 6 25 27 33 48
root 283 h 7 pool 383 nodes 23814 color_prunes 23814 size_prunes 0 maxdepth 11 fallbacks 0 expected 16314246560895731420237524 closed 16314246560895731420237524 seconds 1.37249 labels 1 5 6 25 27 33 59
root 282 h 7 pool 384 nodes 23568 color_prunes 23568 size_prunes 0 maxdepth 11 fallbacks 0 expected 16314246560895731420237524 closed 16314246560895731420237524 seconds 1.55981 labels 1 5 6 25 27 33 58
root 284 h 7 pool 381 nodes 18787 color_prunes 18787 size_prunes 0 maxdepth 11 fallbacks 0 expected 16314246560895731420237524 closed 16314246560895731420237524 seconds 1.16796 labels 1 5 6 25 27 33 66
root 288 h 7 pool 376 nodes 11697 color_prunes 11697 size_prunes 0 maxdepth 11 fallbacks 0 expected 16314246560895731420237524 closed 16314246560895731420237524 seconds 0.635198 labels 1 5 6 25 27 33 87
root 285 h 7 pool 383 nodes 23241 color_prunes 23241 size_prunes 0 maxdepth 11 fallbacks 0 expected 16314246560895731420237524 closed 16314246560895731420237524 seconds 1.38018 labels 1 5 6 25 27 33 80
root 287 h 7 pool 380 nodes 16469 color_prunes 16469 size_prunes 0 maxdepth 12 fallbacks 0 expected 16314246560895731420237524 closed 16314246560895731420237524 seconds 0.960499 labels 1 5 6 25 27 33 83
root 286 h 7 pool 378 nodes 14550 color_prunes 14550 size_prunes 0 maxdepth 11 fallbacks 0 expected 16314246560895731420237524 closed 16314246560895731420237524 seconds 0.987588 labels 1 5 6 25 27 33 81
root 291 h 7 pool 382 nodes 20664 color_prunes 20664 size_prunes 0 maxdepth 11 fallbacks 0 expected 16314246560895731420237524 closed 16314246560895731420237524 seconds 1.18677 labels 1 5 6 25 27 33 114
root 292 h 7 pool 386 nodes 28617 color_prunes 28617 size_prunes 0 maxdepth 11 fallbacks 0 expected 16314246560895731420237524 closed 16314246560895731420237524 seconds 1.72587 labels 1 5 6 25 27 34 35
root 290 h 7 pool 387 nodes 30638 color_prunes 30638 size_prunes 0 maxdepth 12 fallbacks 0 expected 16314246560895731420237524 closed 16314246560895731420237524 seconds 1.83938 labels 1 5 6 25 27 33 106
root 289 h 7 pool 389 nodes 35351 color_prunes 35351 size_prunes 0 maxdepth 12 fallbacks 0 expected 16314246560895731420237524 closed 16314246560895731420237524 seconds 2.22807 labels 1 5 6 25 27 33 105
root 293 h 7 pool 383 nodes 24200 color_prunes 24200 size_prunes 0 maxdepth 11 fallbacks 0 expected 16314246560895731420237524 closed 16314246560895731420237524 seconds 1.5093 labels 1 5 6 25 27 34 37
root 295 h 7 pool 385 nodes 24257 color_prunes 24257 size_prunes 0 maxdepth 11 fallbacks 0 expected 16314246560895731420237524 closed 16314246560895731420237524 seconds 1.3799 labels 1 5 6 25 27 34 41
root 296 h 7 pool 385 nodes 24735 color_prunes 24735 size_prunes 0 maxdepth 12 fallbacks 0 expected 16314246560895731420237524 closed 16314246560895731420237524 seconds 1.47251 labels 1 5 6 25 27 34 44
root 294 h 7 pool 388 nodes 30071 color_prunes 30071 size_prunes 0 maxdepth 12 fallbacks 0 expected 16314246560895731420237524 closed 16314246560895731420237524 seconds 1.92984 labels 1 5 6 25 27 34 40
root 297 h 7 pool 389 nodes 33297 color_prunes 33297 size_prunes 0 maxdepth 12 fallbacks 0 expected 16314246560895731420237524 closed 16314246560895731420237524 seconds 2.08795 labels 1 5 6 25 27 34 48
root 298 h 7 pool 385 nodes 27371 color_prunes 27371 size_prunes 0 maxdepth 11 fallbacks 0 expected 16314246560895731420237524 closed 16314246560895731420237524 seconds 1.64185 labels 1 5 6 25 27 34 55
root 299 h 7 pool 383 nodes 25485 color_prunes 25485 size_prunes 0 maxdepth 11 fallbacks 0 expected 16314246560895731420237524 closed 16314246560895731420237524 seconds 1.48116 labels 1 5 6 25 27 34 56
root 300 h 7 pool 384 nodes 26540 color_prunes 26540 size_prunes 0 maxdepth 11 fallbacks 0 expected 16314246560895731420237524 closed 16314246560895731420237524 seconds 1.58114 labels 1 5 6 25 27 34 59
root 301 h 7 pool 379 nodes 15673 color_prunes 15673 size_prunes 0 maxdepth 11 fallbacks 0 expected 16314246560895731420237524 closed 16314246560895731420237524 seconds 0.919168 labels 1 5 6 25 27 34 66
root 302 h 7 pool 382 nodes 19380 color_prunes 19380 size_prunes 0 maxdepth 11 fallbacks 0 expected 16314246560895731420237524 closed 16314246560895731420237524 seconds 1.17437 labels 1 5 6 25 27 34 81
root 303 h 7 pool 380 nodes 16735 color_prunes 16735 size_prunes 0 maxdepth 11 fallbacks 0 expected 16314246560895731420237524 closed 16314246560895731420237524 seconds 1.01579 labels 1 5 6 25 27 34 83
root 304 h 7 pool 380 nodes 16812 color_prunes 16812 size_prunes 0 maxdepth 11 fallbacks 0 expected 16314246560895731420237524 closed 16314246560895731420237524 seconds 1.03875 labels 1 5 6 25 27 34 84
root 308 h 7 pool 382 nodes 19061 color_prunes 19061 size_prunes 0 maxdepth 11 fallbacks 0 expected 16314246560895731420237524 closed 16314246560895731420237524 seconds 1.16381 labels 1 5 6 25 27 35 37
root 306 h 7 pool 387 nodes 31052 color_prunes 31052 size_prunes 0 maxdepth 12 fallbacks 0 expected 16314246560895731420237524 closed 16314246560895731420237524 seconds 1.89324 labels 1 5 6 25 27 34 107
root 305 h 7 pool 389 nodes 36291 color_prunes 36291 size_prunes 0 maxdepth 12 fallbacks 0 expected 16314246560895731420237524 closed 16314246560895731420237524 seconds 2.24212 labels 1 5 6 25 27 34 105
root 307 h 7 pool 390 nodes 37668 color_prunes 37668 size_prunes 0 maxdepth 12 fallbacks 0 expected 16314246560895731420237524 closed 16314246560895731420237524 seconds 2.28705 labels 1 5 6 25 27 34 109
root 310 h 7 pool 375 nodes 10189 color_prunes 10189 size_prunes 0 maxdepth 11 fallbacks 0 expected 16314246560895731420237524 closed 16314246560895731420237524 seconds 0.642883 labels 1 5 6 25 27 35 43
root 309 h 7 pool 381 nodes 17191 color_prunes 17191 size_prunes 0 maxdepth 11 fallbacks 0 expected 16314246560895731420237524 closed 16314246560895731420237524 seconds 1.05335 labels 1 5 6 25 27 35 38
root 312 h 7 pool 371 nodes 7835 color_prunes 7835 size_prunes 0 maxdepth 11 fallbacks 0 expected 16314246560895731420237524 closed 16314246560895731420237524 seconds 0.528636 labels 1 5 6 25 27 35 59
root 311 h 7 pool 380 nodes 16677 color_prunes 16677 size_prunes 0 maxdepth 11 fallbacks 0 expected 16314246560895731420237524 closed 16314246560895731420237524 seconds 1.00631 labels 1 5 6 25 27 35 49
root 314 h 7 pool 380 nodes 17680 color_prunes 17680 size_prunes 0 maxdepth 12 fallbacks 0 expected 16314246560895731420237524 closed 16314246560895731420237524 seconds 1.09965 labels 1 5 6 25 27 35 107
root 313 h 7 pool 383 nodes 19888 color_prunes 19888 size_prunes 0 maxdepth 12 fallbacks 0 expected 16314246560895731420237524 closed 16314246560895731420237524 seconds 1.20998 labels 1 5 6 25 27 35 106
root 315 h 7 pool 380 nodes 17350 color_prunes 17350 size_prunes 0 maxdepth 11 fallbacks 0 expected 16314246560895731420237524 closed 16314246560895731420237524 seconds 1.00895 labels 1 5 6 25 27 36 38
root 316 h 7 pool 380 nodes 16931 color_prunes 16931 size_prunes 0 maxdepth 11 fallbacks 0 expected 16314246560895731420237524 closed 16314246560895731420237524 seconds 0.94722 labels 1 5 6 25 27 36 39
root 320 h 7 pool 379 nodes 16019 color_prunes 16019 size_prunes 0 maxdepth 11 fallbacks 0 expected 16314246560895731420237524 closed 16314246560895731420237524 seconds 1.01707 labels 1 5 6 25 27 36 63
root 319 h 7 pool 382 nodes 19277 color_prunes 19277 size_prunes 0 maxdepth 11 fallbacks 0 expected 16314246560895731420237524 closed 16314246560895731420237524 seconds 1.15273 labels 1 5 6 25 27 36 49
root 318 h 7 pool 384 nodes 23490 color_prunes 23490 size_prunes 0 maxdepth 11 fallbacks 0 expected 16314246560895731420237524 closed 16314246560895731420237524 seconds 1.35045 labels 1 5 6 25 27 36 48
root 317 h 7 pool 386 nodes 25935 color_prunes 25935 size_prunes 0 maxdepth 11 fallbacks 0 expected 16314246560895731420237524 closed 16314246560895731420237524 seconds 1.64312 labels 1 5 6 25 27 36 42
root 322 h 7 pool 375 nodes 12086 color_prunes 12086 size_prunes 0 maxdepth 11 fallbacks 0 expected 16314246560895731420237524 closed 16314246560895731420237524 seconds 0.720715 labels 1 5 6 25 27 36 84
root 321 h 7 pool 377 nodes 13738 color_prunes 13738 size_prunes 0 maxdepth 11 fallbacks 0 expected 16314246560895731420237524 closed 16314246560895731420237524 seconds 0.830355 labels 1 5 6 25 27 36 68
root 324 h 7 pool 382 nodes 21227 color_prunes 21227 size_prunes 0 maxdepth 12 fallbacks 0 expected 16314246560895731420237524 closed 16314246560895731420237524 seconds 1.14758 labels 1 5 6 25 27 36 106
root 323 h 7 pool 387 nodes 27966 color_prunes 27966 size_prunes 0 maxdepth 12 fallbacks 0 expected 16314246560895731420237524 closed 16314246560895731420237524 seconds 1.74412 labels 1 5 6 25 27 36 105
root 325 h 7 pool 381 nodes 17595 color_prunes 17595 size_prunes 0 maxdepth 11 fallbacks 0 expected 16314246560895731420237524 closed 16314246560895731420237524 seconds 1.08102 labels 1 5 6 25 27 36 111
root 326 h 7 pool 380 nodes 18069 color_prunes 18069 size_prunes 0 maxdepth 12 fallbacks 0 expected 16314246560895731420237524 closed 16314246560895731420237524 seconds 1.0982 labels 1 5 6 25 27 37 39
root 330 h 7 pool 376 nodes 13524 color_prunes 13524 size_prunes 0 maxdepth 11 fallbacks 0 expected 16314246560895731420237524 closed 16314246560895731420237524 seconds 0.744074 labels 1 5 6 25 27 37 57
root 327 h 7 pool 386 nodes 25787 color_prunes 25787 size_prunes 0 maxdepth 12 fallbacks 0 expected 16314246560895731420237524 closed 16314246560895731420237524 seconds 1.44558 labels 1 5 6 25 27 37 41
root 329 h 7 pool 386 nodes 27505 color_prunes 27505 size_prunes 0 maxdepth 12 fallbacks 0 expected 16314246560895731420237524 closed 16314246560895731420237524 seconds 1.50809 labels 1 5 6 25 27 37 46
root 328 h 7 pool 384 nodes 24298 color_prunes 24298 size_prunes 0 maxdepth 11 fallbacks 0 expected 16314246560895731420237524 closed 16314246560895731420237524 seconds 1.7397 labels 1 5 6 25 27 37 44
root 331 h 7 pool 377 nodes 14195 color_prunes 14195 size_prunes 0 maxdepth 11 fallbacks 0 expected 16314246560895731420237524 closed 16314246560895731420237524 seconds 1.01918 labels 1 5 6 25 27 37 58
root 332 h 7 pool 378 nodes 14455 color_prunes 14455 size_prunes 0 maxdepth 11 fallbacks 0 expected 16314246560895731420237524 closed 16314246560895731420237524 seconds 1.02992 labels 1 5 6 25 27 37 63
root 333 h 7 pool 377 nodes 13774 color_prunes 13774 size_prunes 0 maxdepth 11 fallbacks 0 expected 16314246560895731420237524 closed 16314246560895731420237524 seconds 0.576451 labels 1 5 6 25 27 37 67
root 334 h 7 pool 377 nodes 13869 color_prunes 13869 size_prunes 0 maxdepth 11 fallbacks 0 expected 16314246560895731420237524 closed 16314246560895731420237524 seconds 0.830491 labels 1 5 6 25 27 37 72
root 335 h 7 pool 378 nodes 14370 color_prunes 14370 size_prunes 0 maxdepth 11 fallbacks 0 expected 16314246560895731420237524 closed 16314246560895731420237524 seconds 0.859636 labels 1 5 6 25 27 37 83
root 336 h 7 pool 386 nodes 28440 color_prunes 28440 size_prunes 0 maxdepth 12 fallbacks 0 expected 16314246560895731420237524 closed 16314246560895731420237524 seconds 1.62778 labels 1 5 6 25 27 37 105
root 337 h 7 pool 388 nodes 29703 color_prunes 29703 size_prunes 0 maxdepth 12 fallbacks 0 expected 16314246560895731420237524 closed 16314246560895731420237524 seconds 1.86164 labels 1 5 6 25 27 37 109
root 338 h 7 pool 387 nodes 26842 color_prunes 26842 size_prunes 0 maxdepth 11 fallbacks 0 expected 16314246560895731420237524 closed 16314246560895731420237524 seconds 1.66458 labels 1 5 6 25 27 37 114
root 341 h 7 pool 370 nodes 8346 color_prunes 8346 size_prunes 0 maxdepth 11 fallbacks 0 expected 16314246560895731420237524 closed 16314246560895731420237524 seconds 0.585847 labels 1 5 6 25 27 38 55
root 342 h 7 pool 376 nodes 12554 color_prunes 12554 size_prunes 0 maxdepth 11 fallbacks 0 expected 16314246560895731420237524 closed 16314246560895731420237524 seconds 0.464874 labels 1 5 6 25 27 38 72
root 339 h 7 pool 389 nodes 34937 color_prunes 34937 size_prunes 0 maxdepth 12 fallbacks 0 expected 16314246560895731420237524 closed 16314246560895731420237524 seconds 2.30721 labels 1 5 6 25 27 38 44
root 340 h 7 pool 385 nodes 24318 color_prunes 24318 size_prunes 0 maxdepth 11 fallbacks 0 expected 16314246560895731420237524 closed 16314246560895731420237524 seconds 1.51908 labels 1 5 6 25 27 38 48
root 346 h 7 pool 376 nodes 10364 color_prunes 10364 size_prunes 0 maxdepth 11 fallbacks 0 expected 16314246560895731420237524 closed 16314246560895731420237524 seconds 0.640014 labels 1 5 6 25 27 39 42
root 343 h 7 pool 384 nodes 22046 color_prunes 22046 size_prunes 0 maxdepth 11 fallbacks 0 expected 16314246560895731420237524 closed 16314246560895731420237524 seconds 1.38212 labels 1 5 6 25 27 38 108
root 345 h 7 pool 382 nodes 18517 color_prunes 18517 size_prunes 0 maxdepth 11 fallbacks 0 expected 16314246560895731420237524 closed 16314246560895731420237524 seconds 1.14376 labels 1 5 6 25 27 38 114
root 348 h 7 pool 369 nodes 7089 color_prunes 7089 size_prunes 0 maxdepth 11 fallbacks 0 expected 16314246560895731420237524 closed 16314246560895731420237524 seconds 0.349556 labels 1 5 6 25 27 39 56
root 344 h 7 pool 386 nodes 26948 color_prunes 26948 size_prunes 0 maxdepth 12 fallbacks 0 expected 16314246560895731420237524 closed 16314246560895731420237524 seconds 1.77743 labels 1 5 6 25 27 38 109
root 349 h 7 pool 371 nodes 8352 color_prunes 8352 size_prunes 0 maxdepth 11 fallbacks 0 expected 16314246560895731420237524 closed 16314246560895731420237524 seconds 0.661966 labels 1 5 6 25 27 39 59
root 350 h 7 pool 374 nodes 10488 color_prunes 10488 size_prunes 0 maxdepth 11 fallbacks 0 expected 16314246560895731420237524 closed 16314246560895731420237524 seconds 0.515665 labels 1 5 6 25 27 39 65
root 347 h 7 pool 379 nodes 16172 color_prunes 16172 size_prunes 0 maxdepth 11 fallbacks 0 expected 16314246560895731420237524 closed 16314246560895731420237524 seconds 1.03165 labels 1 5 6 25 27 39 43
root 351 h 7 pool 373 nodes 9118 color_prunes 9118 size_prunes 0 maxdepth 11 fallbacks 0 expected 16314246560895731420237524 closed 16314246560895731420237524 seconds 0.528114 labels 1 5 6 25 27 39 71
root 354 h 7 pool 377 nodes 12926 color_prunes 12926 size_prunes 0 maxdepth 11 fallbacks 0 expected 16314246560895731420237524 closed 16314246560895731420237524 seconds 0.808191 labels 1 5 6 25 27 41 58
root 353 h 7 pool 381 nodes 18570 color_prunes 18570 size_prunes 0 maxdepth 12 fallbacks 0 expected 16314246560895731420237524 closed 16314246560895731420237524 seconds 0.939117 labels 1 5 6 25 27 39 108
root 352 h 7 pool 382 nodes 18813 color_prunes 18813 size_prunes 0 maxdepth 11 fallbacks 0 expected 16314246560895731420237524 closed 16314246560895731420237524 seconds 1.15723 labels 1 5 6 25 27 39 107
root 355 h 7 pool 380 nodes 17322 color_prunes 17322 size_prunes 0 maxdepth 11 fallbacks 0 expected 16314246560895731420237524 closed 16314246560895731420237524 seconds 1.06475 labels 1 5 6 25 27 41 63
root 356 h 7 pool 374 nodes 9322 color_prunes 9322 size_prunes 0 maxdepth 11 fallbacks 0 expected 16314246560895731420237524 closed 16314246560895731420237524 seconds 0.620012 labels 1 5 6 25 27 41 65
root 357 h 7 pool 381 nodes 16751 color_prunes 16751 size_prunes 0 maxdepth 11 fallbacks 0 expected 16314246560895731420237524 closed 16314246560895731420237524 seconds 0.973779 labels 1 5 6 25 27 41 66
root 360 h 7 pool 375 nodes 9673 color_prunes 9673 size_prunes 0 maxdepth 11 fallbacks 0 expected 16314246560895731420237524 closed 16314246560895731420237524 seconds 0.640775 labels 1 5 6 25 27 41 85
root 359 h 7 pool 381 nodes 16410 color_prunes 16410 size_prunes 0 maxdepth 11 fallbacks 0 expected 16314246560895731420237524 closed 16314246560895731420237524 seconds 1.006 labels 1 5 6 25 27 41 72
root 358 h 7 pool 382 nodes 19849 color_prunes 19849 size_prunes 0 maxdepth 11 fallbacks 0 expected 16314246560895731420237524 closed 16314246560895731420237524 seconds 1.20623 labels 1 5 6 25 27 41 68
root 362 h 7 pool 375 nodes 9934 color_prunes 9934 size_prunes 0 maxdepth 11 fallbacks 0 expected 16314246560895731420237524 closed 16314246560895731420237524 seconds 0.599428 labels 1 5 6 25 27 42 57
root 364 h 7 pool 377 nodes 11691 color_prunes 11691 size_prunes 0 maxdepth 11 fallbacks 0 expected 16314246560895731420237524 closed 16314246560895731420237524 seconds 0.78123 labels 1 5 6 25 27 42 68
root 363 h 7 pool 378 nodes 14068 color_prunes 14068 size_prunes 0 maxdepth 12 fallbacks 0 expected 16314246560895731420237524 closed 16314246560895731420237524 seconds 0.86264 labels 1 5 6 25 27 42 67
root 367 h 7 pool 371 nodes 7948 color_prunes 7948 size_prunes 0 maxdepth 11 fallbacks 0 expected 16314246560895731420237524 closed 16314246560895731420237524 seconds 0.544336 labels 1 5 6 25 27 43 57
root 361 h 7 pool 391 nodes 38022 color_prunes 38022 size_prunes 0 maxdepth 12 fallbacks 0 expected 16314246560895731420237524 closed 16314246560895731420237524 seconds 2.31073 labels 1 5 6 25 27 41 105
root 368 h 7 pool 377 nodes 13146 color_prunes 13146 size_prunes 0 maxdepth 11 fallbacks 0 expected 16314246560895731420237524 closed 16314246560895731420237524 seconds 0.80253 labels 1 5 6 25 27 43 65
root 366 h 7 pool 384 nodes 25038 color_prunes 25038 size_prunes 0 maxdepth 11 fallbacks 0 expected 16314246560895731420237524 closed 16314246560895731420237524 seconds 1.47335 labels 1 5 6 25 27 43 46
root 369 h 7 pool 372 nodes 8617 color_prunes 8617 size_prunes 0 maxdepth 11 fallbacks 0 expected 16314246560895731420237524 closed 16314246560895731420237524 seconds 0.532837 labels 1 5 6 25 27 43 67
root 365 h 7 pool 390 nodes 32407 color_prunes 32407 size_prunes 0 maxdepth 12 fallbacks 0 expected 16314246560895731420237524 closed 16314246560895731420237524 seconds 2.00577 labels 1 5 6 25 27 42 105
root 370 h 7 pool 376 nodes 11329 color_prunes 11329 size_prunes 0 maxdepth 11 fallbacks 0 expected 16314246560895731420237524 closed 16314246560895731420237524 seconds 0.774228 labels 1 5 6 25 27 43 69
root 371 h 7 pool 376 nodes 11456 color_prunes 11456 size_prunes 0 maxdepth 11 fallbacks 0 expected 16314246560895731420237524 closed 16314246560895731420237524 seconds 0.750292 labels 1 5 6 25 27 43 71
root 372 h 7 pool 374 nodes 9363 color_prunes 9363 size_prunes 0 maxdepth 11 fallbacks 0 expected 16314246560895731420237524 closed 16314246560895731420237524 seconds 0.657309 labels 1 5 6 25 27 43 88
root 376 h 7 pool 369 nodes 6861 color_prunes 6861 size_prunes 0 maxdepth 11 fallbacks 0 expected 16314246560895731420237524 closed 16314246560895731420237524 seconds 0.374207 labels 1 5 6 25 27 44 56
root 373 h 7 pool 386 nodes 26292 color_prunes 26292 size_prunes 0 maxdepth 12 fallbacks 0 expected 16314246560895731420237524 closed 16314246560895731420237524 seconds 1.46726 labels 1 5 6 25 27 43 108
root 377 h 7 pool 378 nodes 15100 color_prunes 15100 size_prunes 0 maxdepth 11 fallbacks 0 expected 16314246560895731420237524 closed 16314246560895731420237524 seconds 0.914576 labels 1 5 6 25 27 44 66
root 378 h 7 pool 376 nodes 10532 color_prunes 10532 size_prunes 0 maxdepth 11 fallbacks 0 expected 16314246560895731420237524 closed 16314246560895731420237524 seconds 0.605075 labels 1 5 6 25 27 44 67
root 374 h 7 pool 388 nodes 28821 color_prunes 28821 size_prunes 0 maxdepth 12 fallbacks 0 expected 16314246560895731420237524 closed 16314246560895731420237524 seconds 1.88043 labels 1 5 6 25 27 43 109
root 375 h 7 pool 389 nodes 35276 color_prunes 35276 size_prunes 0 maxdepth 12 fallbacks 0 expected 16314246560895731420237524 closed 16314246560895731420237524 seconds 2.25798 labels 1 5 6 25 27 44 46
root 380 h 7 pool 379 nodes 14657 color_prunes 14657 size_prunes 0 maxdepth 11 fallbacks 0 expected 16314246560895731420237524 closed 16314246560895731420237524 seconds 0.845925 labels 1 5 6 25 27 44 71
root 379 h 7 pool 381 nodes 19416 color_prunes 19416 size_prunes 0 maxdepth 11 fallbacks 0 expected 16314246560895731420237524 closed 16314246560895731420237524 seconds 1.14629 labels 1 5 6 25 27 44 69
root 382 h 7 pool 382 nodes 21307 color_prunes 21307 size_prunes 0 maxdepth 11 fallbacks 0 expected 16314246560895731420237524 closed 16314246560895731420237524 seconds 1.25418 labels 1 5 6 25 27 46 65
root 381 h 7 pool 386 nodes 28992 color_prunes 28992 size_prunes 0 maxdepth 12 fallbacks 0 expected 16314246560895731420237524 closed 16314246560895731420237524 seconds 1.80916 labels 1 5 6 25 27 46 58
root 383 h 7 pool 383 nodes 25075 color_prunes 25075 size_prunes 0 maxdepth 11 fallbacks 0 expected 16314246560895731420237524 closed 16314246560895731420237524 seconds 1.48583 labels 1 5 6 25 27 46 68
root 386 h 7 pool 382 nodes 20817 color_prunes 20817 size_prunes 0 maxdepth 11 fallbacks 0 expected 16314246560895731420237524 closed 16314246560895731420237524 seconds 1.22016 labels 1 5 6 25 27 46 85
root 384 h 7 pool 391 nodes 39202 color_prunes 39202 size_prunes 0 maxdepth 12 fallbacks 0 expected 16314246560895731420237524 closed 16314246560895731420237524 seconds 2.38269 labels 1 5 6 25 27 46 72
root 385 h 7 pool 387 nodes 29387 color_prunes 29387 size_prunes 0 maxdepth 12 fallbacks 0 expected 16314246560895731420237524 closed 16314246560895731420237524 seconds 1.76216 labels 1 5 6 25 27 46 80
root 387 h 7 pool 383 nodes 24508 color_prunes 24508 size_prunes 0 maxdepth 11 fallbacks 0 expected 16314246560895731420237524 closed 16314246560895731420237524 seconds 1.51118 labels 1 5 6 25 27 46 89
root 389 h 7 pool 381 nodes 18537 color_prunes 18537 size_prunes 0 maxdepth 11 fallbacks 0 expected 16314246560895731420237524 closed 16314246560895731420237524 seconds 1.14145 labels 1 5 6 25 27 48 56
root 390 h 7 pool 381 nodes 16024 color_prunes 16024 size_prunes 0 maxdepth 12 fallbacks 0 expected 16314246560895731420237524 closed 16314246560895731420237524 seconds 1.03493 labels 1 5 6 25 27 48 63
root 391 h 7 pool 378 nodes 16361 color_prunes 16361 size_prunes 0 maxdepth 11 fallbacks 0 expected 16314246560895731420237524 closed 16314246560895731420237524 seconds 0.991254 labels 1 5 6 25 27 48 67
root 388 h 7 pool 388 nodes 35087 color_prunes 35087 size_prunes 0 maxdepth 12 fallbacks 0 expected 16314246560895731420237524 closed 16314246560895731420237524 seconds 1.73678 labels 1 5 6 25 27 46 111
root 395 h 7 pool 380 nodes 17011 color_prunes 17011 size_prunes 0 maxdepth 11 fallbacks 0 expected 16314246560895731420237524 closed 16314246560895731420237524 seconds 0.660318 labels 1 5 6 25 27 48 85
root 392 h 7 pool 380 nodes 17483 color_prunes 17483 size_prunes 0 maxdepth 11 fallbacks 0 expected 16314246560895731420237524 closed 16314246560895731420237524 seconds 1.27678 labels 1 5 6 25 27 48 69
root 393 h 7 pool 384 nodes 22232 color_prunes 22232 size_prunes 0 maxdepth 11 fallbacks 0 expected 16314246560895731420237524 closed 16314246560895731420237524 seconds 1.47395 labels 1 5 6 25 27 48 71
root 394 h 7 pool 383 nodes 21688 color_prunes 21688 size_prunes 0 maxdepth 11 fallbacks 0 expected 16314246560895731420237524 closed 16314246560895731420237524 seconds 1.47865 labels 1 5 6 25 27 48 72
root 396 h 7 pool 381 nodes 17925 color_prunes 17925 size_prunes 0 maxdepth 11 fallbacks 0 expected 16314246560895731420237524 closed 16314246560895731420237524 seconds 1.10743 labels 1 5 6 25 27 48 86
root 399 h 7 pool 379 nodes 15351 color_prunes 15351 size_prunes 0 maxdepth 11 fallbacks 0 expected 16314246560895731420237524 closed 16314246560895731420237524 seconds 0.933624 labels 1 5 6 25 27 49 55
root 397 h 7 pool 387 nodes 30018 color_prunes 30018 size_prunes 0 maxdepth 12 fallbacks 0 expected 16314246560895731420237524 closed 16314246560895731420237524 seconds 1.74914 labels 1 5 6 25 27 48 111
root 400 h 7 pool 378 nodes 15927 color_prunes 15927 size_prunes 0 maxdepth 11 fallbacks 0 expected 16314246560895731420237524 closed 16314246560895731420237524 seconds 0.871957 labels 1 5 6 25 27 49 66
root 398 h 7 pool 388 nodes 31601 color_prunes 31601 size_prunes 0 maxdepth 12 fallbacks 0 expected 16314246560895731420237524 closed 16314246560895731420237524 seconds 1.80932 labels 1 5 6 25 27 48 114
root 401 h 7 pool 381 nodes 19683 color_prunes 19683 size_prunes 0 maxdepth 11 fallbacks 0 expected 16314246560895731420237524 closed 16314246560895731420237524 seconds 1.22271 labels 1 5 6 25 27 49 69
root 402 h 7 pool 378 nodes 14424 color_prunes 14424 size_prunes 0 maxdepth 11 fallbacks 0 expected 16314246560895731420237524 closed 16314246560895731420237524 seconds 0.95811 labels 1 5 6 25 27 49 88
root 403 h 7 pool 379 nodes 16471 color_prunes 16471 size_prunes 0 maxdepth 11 fallbacks 0 expected 16314246560895731420237524 closed 16314246560895731420237524 seconds 1.0188 labels 1 5 6 25 27 49 89
root 405 h 7 pool 378 nodes 13791 color_prunes 13791 size_prunes 0 maxdepth 11 fallbacks 0 expected 16314246560895731420237524 closed 16314246560895731420237524 seconds 0.867442 labels 1 5 6 25 27 55 57
root 406 h 7 pool 377 nodes 13350 color_prunes 13350 size_prunes 0 maxdepth 11 fallbacks 0 expected 16314246560895731420237524 closed 16314246560895731420237524 seconds 0.833465 labels 1 5 6 25 27 55 58
root 404 h 7 pool 383 nodes 21718 color_prunes 21718 size_prunes 0 maxdepth 11 fallbacks 0 expected 16314246560895731420237524 closed 16314246560895731420237524 seconds 1.30583 labels 1 5 6 25 27 49 114
root 407 h 7 pool 375 nodes 11393 color_prunes 11393 size_prunes 0 maxdepth 11 fallbacks 0 expected 16314246560895731420237524 closed 16314246560895731420237524 seconds 0.708913 labels 1 5 6 25 27 55 71
root 411 h 7 pool 369 nodes 6022 color_prunes 6022 size_prunes 0 maxdepth 11 fallbacks 0 expected 16314246560895731420237524 closed 16314246560895731420237524 seconds 0.369854 labels 1 5 6 25 27 55 86
root 409 h 7 pool 376 nodes 10894 color_prunes 10894 size_prunes 0 maxdepth 11 fallbacks 0 expected 16314246560895731420237524 closed 16314246560895731420237524 seconds 0.729922 labels 1 5 6 25 27 55 83
root 410 h 7 pool 376 nodes 11205 color_prunes 11205 size_prunes 0 maxdepth 11 fallbacks 0 expected 16314246560895731420237524 closed 16314246560895731420237524 seconds 0.75696 labels 1 5 6 25 27 55 84
root 408 h 7 pool 377 nodes 12191 color_prunes 12191 size_prunes 0 maxdepth 11 fallbacks 0 expected 16314246560895731420237524 closed 16314246560895731420237524 seconds 0.822457 labels 1 5 6 25 27 55 81
root 412 h 7 pool 369 nodes 5951 color_prunes 5951 size_prunes 0 maxdepth 11 fallbacks 0 expected 16314246560895731420237524 closed 16314246560895731420237524 seconds 0.404091 labels 1 5 6 25 27 55 87
root 415 h 7 pool 369 nodes 6628 color_prunes 6628 size_prunes 0 maxdepth 11 fallbacks 0 expected 16314246560895731420237524 closed 16314246560895731420237524 seconds 0.467326 labels 1 5 6 25 27 55 111
root 413 h 7 pool 378 nodes 14406 color_prunes 14406 size_prunes 0 maxdepth 11 fallbacks 0 expected 16314246560895731420237524 closed 16314246560895731420237524 seconds 0.915521 labels 1 5 6 25 27 55 106
root 414 h 7 pool 381 nodes 18588 color_prunes 18588 size_prunes 0 maxdepth 11 fallbacks 0 expected 16314246560895731420237524 closed 16314246560895731420237524 seconds 1.05088 labels 1 5 6 25 27 55 107
root 416 h 7 pool 381 nodes 19016 color_prunes 19016 size_prunes 0 maxdepth 12 fallbacks 0 expected 16314246560895731420237524 closed 16314246560895731420237524 seconds 1.19536 labels 1 5 6 25 27 56 58
root 417 h 7 pool 380 nodes 16695 color_prunes 16695 size_prunes 0 maxdepth 11 fallbacks 0 expected 16314246560895731420237524 closed 16314246560895731420237524 seconds 1.04986 labels 1 5 6 25 27 56 59
root 418 h 7 pool 376 nodes 15024 color_prunes 15024 size_prunes 0 maxdepth 11 fallbacks 0 expected 16314246560895731420237524 closed 16314246560895731420237524 seconds 0.894473 labels 1 5 6 25 27 56 80
root 419 h 7 pool 380 nodes 17142 color_prunes 17142 size_prunes 0 maxdepth 11 fallbacks 0 expected 16314246560895731420237524 closed 16314246560895731420237524 seconds 0.963772 labels 1 5 6 25 27 56 82
root 421 h 7 pool 371 nodes 7549 color_prunes 7549 size_prunes 0 maxdepth 11 fallbacks 0 expected 16314246560895731420237524 closed 16314246560895731420237524 seconds 0.537961 labels 1 5 6 25 27 56 86
root 420 h 7 pool 383 nodes 22542 color_prunes 22542 size_prunes 0 maxdepth 11 fallbacks 0 expected 16314246560895731420237524 closed 16314246560895731420237524 seconds 1.41966 labels 1 5 6 25 27 56 83
root 422 h 7 pool 381 nodes 21786 color_prunes 21786 size_prunes 0 maxdepth 11 fallbacks 0 expected 16314246560895731420237524 closed 16314246560895731420237524 seconds 1.37494 labels 1 5 6 25 27 56 108
root 424 h 7 pool 379 nodes 18439 color_prunes 18439 size_prunes 0 maxdepth 11 fallbacks 0 expected 16314246560895731420237524 closed 16314246560895731420237524 seconds 1.19528 labels 1 5 6 25 27 57 59
root 423 h 7 pool 382 nodes 20519 color_prunes 20519 size_prunes 0 maxdepth 11 fallbacks 0 expected 16314246560895731420237524 closed 16314246560895731420237524 seconds 1.28033 labels 1 5 6 25 27 56 109
root 426 h 7 pool 376 nodes 11527 color_prunes 11527 size_prunes 0 maxdepth 11 fallbacks 0 expected 16314246560895731420237524 closed 16314246560895731420237524 seconds 0.735944 labels 1 5 6 25 27 57 81
root 425 h 7 pool 381 nodes 19607 color_prunes 19607 size_prunes 0 maxdepth 11 fallbacks 0 expected 16314246560895731420237524 closed 16314246560895731420237524 seconds 1.16553 labels 1 5 6 25 27 57 63
root 429 h 7 pool 375 nodes 12241 color_prunes 12241 size_prunes 0 maxdepth 11 fallbacks 0 expected 16314246560895731420237524 closed 16314246560895731420237524 seconds 0.725384 labels 1 5 6 25 27 57 85
root 427 h 7 pool 383 nodes 22882 color_prunes 22882 size_prunes 0 maxdepth 11 fallbacks 0 expected 16314246560895731420237524 closed 16314246560895731420237524 seconds 1.35203 labels 1 5 6 25 27 57 82
root 428 h 7 pool 387 nodes 35931 color_prunes 35931 size_prunes 0 maxdepth 11 fallbacks 0 expected 16314246560895731420237524 closed 16314246560895731420237524 seconds 2.09701 labels 1 5 6 25 27 57 84
root 431 h 7 pool 379 nodes 16337 color_prunes 16337 size_prunes 0 maxdepth 11 fallbacks 0 expected 16314246560895731420237524 closed 16314246560895731420237524 seconds 0.976148 labels 1 5 6 25 27 57 106
root 430 h 7 pool 385 nodes 28164 color_prunes 28164 size_prunes 0 maxdepth 11 fallbacks 0 expected 16314246560895731420237524 closed 16314246560895731420237524 seconds 1.72405 labels 1 5 6 25 27 57 105
root 432 h 7 pool 380 nodes 16876 color_prunes 16876 size_prunes 0 maxdepth 11 fallbacks 0 expected 16314246560895731420237524 closed 16314246560895731420237524 seconds 1.02037 labels 1 5 6 25 27 57 107
root 434 h 7 pool 375 nodes 10623 color_prunes 10623 size_prunes 0 maxdepth 11 fallbacks 0 expected 16314246560895731420237524 closed 16314246560895731420237524 seconds 0.68791 labels 1 5 6 25 27 58 81
root 436 h 7 pool 378 nodes 13003 color_prunes 13003 size_prunes 0 maxdepth 11 fallbacks 0 expected 16314246560895731420237524 closed 16314246560895731420237524 seconds 0.825058 labels 1 5 6 25 27 58 88
root 433 h 7 pool 382 nodes 21883 color_prunes 21883 size_prunes 0 maxdepth 11 fallbacks 0 expected 16314246560895731420237524 closed 16314246560895731420237524 seconds 1.40451 labels 1 5 6 25 27 58 80
root 437 h 7 pool 379 nodes 16520 color_prunes 16520 size_prunes 0 maxdepth 11 fallbacks 0 expected 16314246560895731420237524 closed 16314246560895731420237524 seconds 0.701658 labels 1 5 6 25 27 58 107
root 438 h 7 pool 378 nodes 15334 color_prunes 15334 size_prunes 0 maxdepth 11 fallbacks 0 expected 16314246560895731420237524 closed 16314246560895731420237524 seconds 1.09519 labels 1 5 6 25 27 58 108
root 440 h 7 pool 377 nodes 13002 color_prunes 13002 size_prunes 0 maxdepth 11 fallbacks 0 expected 16314246560895731420237524 closed 16314246560895731420237524 seconds 0.691276 labels 1 5 6 25 27 58 114
root 435 h 7 pool 388 nodes 36223 color_prunes 36223 size_prunes 0 maxdepth 11 fallbacks 0 expected 16314246560895731420237524 closed 16314246560895731420237524 seconds 2.2575 labels 1 5 6 25 27 58 83
root 441 h 7 pool 381 nodes 17666 color_prunes 17666 size_prunes 0 maxdepth 11 fallbacks 0 expected 16314246560895731420237524 closed 16314246560895731420237524 seconds 1.0689 labels 1 5 6 25 27 59 72
root 442 h 7 pool 379 nodes 16126 color_prunes 16126 size_prunes 0 maxdepth 11 fallbacks 0 expected 16314246560895731420237524 closed 16314246560895731420237524 seconds 1.0064 labels 1 5 6 25 27 59 80
root 443 h 7 pool 379 nodes 16222 color_prunes 16222 size_prunes 0 maxdepth 11 fallbacks 0 expected 16314246560895731420237524 closed 16314246560895731420237524 seconds 0.926233 labels 1 5 6 25 27 59 82
root 439 h 7 pool 387 nodes 30282 color_prunes 30282 size_prunes 0 maxdepth 11 fallbacks 0 expected 16314246560895731420237524 closed 16314246560895731420237524 seconds 1.95844 labels 1 5 6 25 27 58 109
root 445 h 7 pool 373 nodes 8374 color_prunes 8374 size_prunes 0 maxdepth 11 fallbacks 0 expected 16314246560895731420237524 closed 16314246560895731420237524 seconds 0.540757 labels 1 5 6 25 27 59 87
root 444 h 7 pool 383 nodes 22842 color_prunes 22842 size_prunes 0 maxdepth 11 fallbacks 0 expected 16314246560895731420237524 closed 16314246560895731420237524 seconds 1.2785 labels 1 5 6 25 27 59 84
root 446 h 7 pool 381 nodes 19802 color_prunes 19802 size_prunes 0 maxdepth 11 fallbacks 0 expected 16314246560895731420237524 closed 16314246560895731420237524 seconds 1.27448 labels 1 5 6 25 27 59 105
root 447 h 7 pool 384 nodes 23600 color_prunes 23600 size_prunes 0 maxdepth 12 fallbacks 0 expected 16314246560895731420237524 closed 16314246560895731420237524 seconds 1.43692 labels 1 5 6 25 27 59 106
root 448 h 7 pool 382 nodes 20350 color_prunes 20350 size_prunes 0 maxdepth 12 fallbacks 0 expected 16314246560895731420237524 closed 16314246560895731420237524 seconds 1.22311 labels 1 5 6 25 27 59 109
root 450 h 7 pool 371 nodes 7406 color_prunes 7406 size_prunes 0 maxdepth 11 fallbacks 0 expected 16314246560895731420237524 closed 16314246560895731420237524 seconds 0.500901 labels 1 5 6 25 27 59 114
root 449 h 7 pool 374 nodes 10970 color_prunes 10970 size_prunes 0 maxdepth 11 fallbacks 0 expected 16314246560895731420237524 closed 16314246560895731420237524 seconds 0.689515 labels 1 5 6 25 27 59 111
root 451 h 7 pool 382 nodes 18740 color_prunes 18740 size_prunes 0 maxdepth 11 fallbacks 0 expected 16314246560895731420237524 closed 16314246560895731420237524 seconds 1.15471 labels 1 5 6 25 27 63 71
root 452 h 7 pool 381 nodes 17715 color_prunes 17715 size_prunes 0 maxdepth 11 fallbacks 0 expected 16314246560895731420237524 closed 16314246560895731420237524 seconds 1.09067 labels 1 5 6 25 27 63 72
root 454 h 7 pool 380 nodes 18278 color_prunes 18278 size_prunes 0 maxdepth 11 fallbacks 0 expected 16314246560895731420237524 closed 16314246560895731420237524 seconds 0.941103 labels 1 5 6 25 27 63 84
root 453 h 7 pool 382 nodes 19063 color_prunes 19063 size_prunes 0 maxdepth 11 fallbacks 0 expected 16314246560895731420237524 closed 16314246560895731420237524 seconds 1.17912 labels 1 5 6 25 27 63 83
root 457 h 7 pool 380 nodes 15415 color_prunes 15415 size_prunes 0 maxdepth 12 fallbacks 0 expected 16314246560895731420237524 closed 16314246560895731420237524 seconds 1.00352 labels 1 5 6 25 27 63 107
root 458 h 7 pool 381 nodes 17941 color_prunes 17941 size_prunes 0 maxdepth 11 fallbacks 0 expected 16314246560895731420237524 closed 16314246560895731420237524 seconds 1.09081 labels 1 5 6 25 27 63 111
root 456 h 7 pool 386 nodes 24414 color_prunes 24414 size_prunes 0 maxdepth 12 fallbacks 0 expected 16314246560895731420237524 closed 16314246560895731420237524 seconds 1.53008 labels 1 5 6 25 27 63 89
root 455 h 7 pool 389 nodes 31452 color_prunes 31452 size_prunes 0 maxdepth 12 fallbacks 0 expected 16314246560895731420237524 closed 16314246560895731420237524 seconds 1.84821 labels 1 5 6 25 27 63 88
root 459 h 7 pool 382 nodes 18621 color_prunes 18621 size_prunes 0 maxdepth 11 fallbacks 0 expected 16314246560895731420237524 closed 16314246560895731420237524 seconds 1.11004 labels 1 5 6 25 27 63 114
root 460 h 7 pool 379 nodes 16662 color_prunes 16662 size_prunes 0 maxdepth 11 fallbacks 0 expected 16314246560895731420237524 closed 16314246560895731420237524 seconds 1.02012 labels 1 5 6 25 27 65 67
root 461 h 7 pool 377 nodes 13357 color_prunes 13357 size_prunes 0 maxdepth 11 fallbacks 0 expected 16314246560895731420237524 closed 16314246560895731420237524 seconds 0.830879 labels 1 5 6 25 27 65 68
root 465 h 7 pool 375 nodes 9160 color_prunes 9160 size_prunes 0 maxdepth 11 fallbacks 0 expected 16314246560895731420237524 closed 16314246560895731420237524 seconds 0.616835 labels 1 5 6 25 27 65 82
root 462 h 7 pool 384 nodes 22084 color_prunes 22084 size_prunes 0 maxdepth 11 fallbacks 0 expected 16314246560895731420237524 closed 16314246560895731420237524 seconds 1.27413 labels 1 5 6 25 27 65 71
root 464 h 7 pool 375 nodes 9764 color_prunes 9764 size_prunes 0 maxdepth 11 fallbacks 0 expected 16314246560895731420237524 closed 16314246560895731420237524 seconds 0.661926 labels 1 5 6 25 27 65 81
root 463 h 7 pool 380 nodes 14739 color_prunes 14739 size_prunes 0 maxdepth 11 fallbacks 0 expected 16314246560895731420237524 closed 16314246560895731420237524 seconds 0.91542 labels 1 5 6 25 27 65 72
root 468 h 7 pool 374 nodes 9560 color_prunes 9560 size_prunes 0 maxdepth 11 fallbacks 0 expected 16314246560895731420237524 closed 16314246560895731420237524 seconds 0.509781 labels 1 5 6 25 27 65 114
root 467 h 7 pool 381 nodes 17889 color_prunes 17889 size_prunes 0 maxdepth 11 fallbacks 0 expected 16314246560895731420237524 closed 16314246560895731420237524 seconds 1.12709 labels 1 5 6 25 27 65 111
root 469 h 7 pool 382 nodes 19973 color_prunes 19973 size_prunes 0 maxdepth 11 fallbacks 0 expected 16314246560895731420237524 closed 16314246560895731420237524 seconds 1.19709 labels 1 5 6 25 27 66 68
root 466 h 7 pool 383 nodes 22137 color_prunes 22137 size_prunes 0 maxdepth 11 fallbacks 0 expected 16314246560895731420237524 closed 16314246560895731420237524 seconds 1.37043 labels 1 5 6 25 27 65 106
root 470 h 7 pool 380 nodes 18967 color_prunes 18967 size_prunes 0 maxdepth 11 fallbacks 0 expected 16314246560895731420237524 closed 16314246560895731420237524 seconds 1.12281 labels 1 5 6 25 27 66 69
root 472 h 7 pool 375 nodes 8904 color_prunes 8904 size_prunes 0 maxdepth 11 fallbacks 0 expected 16314246560895731420237524 closed 16314246560895731420237524 seconds 0.633046 labels 1 5 6 25 27 66 81
root 471 h 7 pool 382 nodes 19497 color_prunes 19497 size_prunes 0 maxdepth 11 fallbacks 0 expected 16314246560895731420237524 closed 16314246560895731420237524 seconds 1.18636 labels 1 5 6 25 27 66 72
root 473 h 7 pool 379 nodes 16248 color_prunes 16248 size_prunes 0 maxdepth 11 fallbacks 0 expected 16314246560895731420237524 closed 16314246560895731420237524 seconds 1.02451 labels 1 5 6 25 27 66 108
root 474 h 7 pool 379 nodes 15608 color_prunes 15608 size_prunes 0 maxdepth 11 fallbacks 0 expected 16314246560895731420237524 closed 16314246560895731420237524 seconds 0.882636 labels 1 5 6 25 27 66 111
root 475 h 7 pool 380 nodes 16132 color_prunes 16132 size_prunes 0 maxdepth 11 fallbacks 0 expected 16314246560895731420237524 closed 16314246560895731420237524 seconds 0.986663 labels 1 5 6 25 27 66 114
root 478 h 7 pool 372 nodes 7862 color_prunes 7862 size_prunes 0 maxdepth 11 fallbacks 0 expected 16314246560895731420237524 closed 16314246560895731420237524 seconds 0.535331 labels 1 5 6 25 27 67 80
root 476 h 7 pool 378 nodes 13793 color_prunes 13793 size_prunes 0 maxdepth 11 fallbacks 0 expected 16314246560895731420237524 closed 16314246560895731420237524 seconds 0.845346 labels 1 5 6 25 27 67 69
root 477 h 7 pool 379 nodes 14291 color_prunes 14291 size_prunes 0 maxdepth 11 fallbacks 0 expected 16314246560895731420237524 closed 16314246560895731420237524 seconds 0.889788 labels 1 5 6 25 27 67 71
root 481 h 7 pool 374 nodes 9406 color_prunes 9406 size_prunes 0 maxdepth 11 fallbacks 0 expected 16314246560895731420237524 closed 16314246560895731420237524 seconds 0.540172 labels 1 5 6 25 27 67 111
root 480 h 7 pool 380 nodes 16905 color_prunes 16905 size_prunes 0 maxdepth 11 fallbacks 0 expected 16314246560895731420237524 closed 16314246560895731420237524 seconds 1.03659 labels 1 5 6 25 27 67 107
root 479 h 7 pool 382 nodes 20598 color_prunes 20598 size_prunes 0 maxdepth 11 fallbacks 0 expected 16314246560895731420237524 closed 16314246560895731420237524 seconds 1.29004 labels 1 5 6 25 27 67 105
root 483 h 7 pool 376 nodes 11188 color_prunes 11188 size_prunes 0 maxdepth 11 fallbacks 0 expected 16314246560895731420237524 closed 16314246560895731420237524 seconds 0.686479 labels 1 5 6 25 27 68 71
root 482 h 7 pool 382 nodes 19221 color_prunes 19221 size_prunes 0 maxdepth 11 fallbacks 0 expected 16314246560895731420237524 closed 16314246560895731420237524 seconds 1.18012 labels 1 5 6 25 27 67 114
root 484 h 7 pool 382 nodes 16573 color_prunes 16573 size_prunes 0 maxdepth 12 fallbacks 0 expected 16314246560895731420237524 closed 16314246560895731420237524 seconds 1.10944 labels 1 5 6 25 27 68 72
root 485 h 7 pool 383 nodes 18494 color_prunes 18494 size_prunes 0 maxdepth 12 fallbacks 0 expected 16314246560895731420237524 closed 16314246560895731420237524 seconds 1.1544 labels 1 5 6 25 27 68 83
root 486 h 7 pool 381 nodes 17578 color_prunes 17578 size_prunes 0 maxdepth 11 fallbacks 0 expected 16314246560895731420237524 closed 16314246560895731420237524 seconds 1.03399 labels 1 5 6 25 27 68 107
root 488 h 7 pool 377 nodes 12130 color_prunes 12130 size_prunes 0 maxdepth 11 fallbacks 0 expected 16314246560895731420237524 closed 16314246560895731420237524 seconds 0.818106 labels 1 5 6 25 27 68 111
root 487 h 7 pool 385 nodes 26836 color_prunes 26836 size_prunes 0 maxdepth 12 fallbacks 0 expected 16314246560895731420237524 closed 16314246560895731420237524 seconds 1.70004 labels 1 5 6 25 27 68 109
root 489 h 7 pool 383 nodes 20917 color_prunes 20917 size_prunes 0 maxdepth 11 fallbacks 0 expected 16314246560895731420237524 closed 16314246560895731420237524 seconds 1.07006 labels 1 5 6 25 27 68 114
root 490 h 7 pool 380 nodes 16055 color_prunes 16055 size_prunes 0 maxdepth 11 fallbacks 0 expected 16314246560895731420237524 closed 16314246560895731420237524 seconds 1.02631 labels 1 5 6 25 27 69 71
root 491 h 7 pool 375 nodes 10498 color_prunes 10498 size_prunes 0 maxdepth 11 fallbacks 0 expected 16314246560895731420237524 closed 16314246560895731420237524 seconds 0.674194 labels 1 5 6 25 27 69 72
root 492 h 7 pool 378 nodes 11409 color_prunes 11409 size_prunes 0 maxdepth 11 fallbacks 0 expected 16314246560895731420237524 closed 16314246560895731420237524 seconds 0.730012 labels 1 5 6 25 27 69 82
root 495 h 7 pool 378 nodes 12483 color_prunes 12483 size_prunes 0 maxdepth 11 fallbacks 0 expected 16314246560895731420237524 closed 16314246560895731420237524 seconds 0.58394 labels 1 5 6 25 27 69 114
root 494 h 7 pool 381 nodes 19643 color_prunes 19643 size_prunes 0 maxdepth 11 fallbacks 0 expected 16314246560895731420237524 closed 16314246560895731420237524 seconds 1.22149 labels 1 5 6 25 27 69 111
root 493 h 7 pool 384 nodes 23817 color_prunes 23817 size_prunes 0 maxdepth 12 fallbacks 0 expected 16314246560895731420237524 closed 16314246560895731420237524 seconds 1.53894 labels 1 5 6 25 27 69 109
root 497 h 7 pool 382 nodes 20575 color_prunes 20575 size_prunes 0 maxdepth 11 fallbacks 0 expected 16314246560895731420237524 closed 16314246560895731420237524 seconds 1.16372 labels 1 5 6 25 27 71 85
root 496 h 7 pool 385 nodes 25055 color_prunes 25055 size_prunes 0 maxdepth 11 fallbacks 0 expected 16314246560895731420237524 closed 16314246560895731420237524 seconds 1.56625 labels 1 5 6 25 27 71 80
root 498 h 7 pool 378 nodes 15704 color_prunes 15704 size_prunes 0 maxdepth 11 fallbacks 0 expected 16314246560895731420237524 closed 16314246560895731420237524 seconds 0.92722 labels 1 5 6 25 27 71 86
root 499 h 7 pool 374 nodes 10168 color_prunes 10168 size_prunes 0 maxdepth 11 fallbacks 0 expected 16314246560895731420237524 closed 16314246560895731420237524 seconds 0.661595 labels 1 5 6 25 27 71 87
root 500 h 7 pool 377 nodes 13506 color_prunes 13506 size_prunes 0 maxdepth 11 fallbacks 0 expected 16314246560895731420237524 closed 16314246560895731420237524 seconds 0.777049 labels 1 5 6 25 27 71 88
root 501 h 7 pool 380 nodes 18139 color_prunes 18139 size_prunes 0 maxdepth 11 fallbacks 0 expected 16314246560895731420237524 closed 16314246560895731420237524 seconds 1.00374 labels 1 5 6 25 27 71 89
root 502 h 7 pool 384 nodes 22686 color_prunes 22686 size_prunes 0 maxdepth 12 fallbacks 0 expected 16314246560895731420237524 closed 16314246560895731420237524 seconds 1.30043 labels 1 5 6 25 27 71 107
root 503 h 7 pool 384 nodes 23028 color_prunes 23028 size_prunes 0 maxdepth 11 fallbacks 0 expected 16314246560895731420237524 closed 16314246560895731420237524 seconds 1.47943 labels 1 5 6 25 27 71 108
root 505 h 7 pool 377 nodes 13601 color_prunes 13601 size_prunes 0 maxdepth 11 fallbacks 0 expected 16314246560895731420237524 closed 16314246560895731420237524 seconds 0.826651 labels 1 5 6 25 27 72 85
root 506 h 7 pool 376 nodes 11162 color_prunes 11162 size_prunes 0 maxdepth 11 fallbacks 0 expected 16314246560895731420237524 closed 16314246560895731420237524 seconds 0.68754 labels 1 5 6 25 27 72 86
root 507 h 7 pool 380 nodes 16111 color_prunes 16111 size_prunes 0 maxdepth 11 fallbacks 0 expected 16314246560895731420237524 closed 16314246560895731420237524 seconds 1.00735 labels 1 5 6 25 27 72 87
root 508 h 7 pool 380 nodes 18229 color_prunes 18229 size_prunes 0 maxdepth 11 fallbacks 0 expected 16314246560895731420237524 closed 16314246560895731420237524 seconds 1.0056 labels 1 5 6 25 27 72 89
root 504 h 7 pool 389 nodes 33225 color_prunes 33225 size_prunes 0 maxdepth 12 fallbacks 0 expected 16314246560895731420237524 closed 16314246560895731420237524 seconds 2.13365 labels 1 5 6 25 27 72 84
root 509 h 7 pool 386 nodes 24921 color_prunes 24921 size_prunes 0 maxdepth 12 fallbacks 0 expected 16314246560895731420237524 closed 16314246560895731420237524 seconds 1.60302 labels 1 5 6 25 27 72 106
root 512 h 7 pool 380 nodes 17541 color_prunes 17541 size_prunes 0 maxdepth 11 fallbacks 0 expected 16314246560895731420237524 closed 16314246560895731420237524 seconds 1.07616 labels 1 5 6 25 27 80 86
root 510 h 7 pool 385 nodes 23811 color_prunes 23811 size_prunes 0 maxdepth 12 fallbacks 0 expected 16314246560895731420237524 closed 16314246560895731420237524 seconds 1.47412 labels 1 5 6 25 27 72 107
root 513 h 7 pool 376 nodes 10272 color_prunes 10272 size_prunes 0 maxdepth 11 fallbacks 0 expected 16314246560895731420237524 closed 16314246560895731420237524 seconds 0.679682 labels 1 5 6 25 27 80 87
root 514 h 7 pool 371 nodes 7518 color_prunes 7518 size_prunes 0 maxdepth 11 fallbacks 0 expected 16314246560895731420237524 closed 16314246560895731420237524 seconds 0.528414 labels 1 5 6 25 27 80 88
root 511 h 7 pool 390 nodes 37783 color_prunes 37783 size_prunes 0 maxdepth 12 fallbacks 0 expected 16314246560895731420237524 closed 16314246560895731420237524 seconds 2.12417 labels 1 5 6 25 27 72 109
root 515 h 7 pool 385 nodes 25874 color_prunes 25874 size_prunes 0 maxdepth 11 fallbacks 0 expected 16314246560895731420237524 closed 16314246560895731420237524 seconds 1.55644 labels 1 5 6 25 27 80 106
root 518 h 7 pool 375 nodes 13260 color_prunes 13260 size_prunes 0 maxdepth 11 fallbacks 0 expected 16314246560895731420237524 closed 16314246560895731420237524 seconds 0.766691 labels 1 5 6 25 27 80 111
root 517 h 7 pool 383 nodes 25440 color_prunes 25440 size_prunes 0 maxdepth 11 fallbacks 0 expected 16314246560895731420237524 closed 16314246560895731420237524 seconds 1.5182 labels 1 5 6 25 27 80 109
root 516 h 7 pool 385 nodes 26566 color_prunes 26566 size_prunes 0 maxdepth 12 fallbacks 0 expected 16314246560895731420237524 closed 16314246560895731420237524 seconds 1.63672 labels 1 5 6 25 27 80 107
root 519 h 7 pool 374 nodes 9327 color_prunes 9327 size_prunes 0 maxdepth 11 fallbacks 0 expected 16314246560895731420237524 closed 16314246560895731420237524 seconds 0.631142 labels 1 5 6 25 27 81 85
root 520 h 7 pool 373 nodes 9008 color_prunes 9008 size_prunes 0 maxdepth 11 fallbacks 0 expected 16314246560895731420237524 closed 16314246560895731420237524 seconds 0.614969 labels 1 5 6 25 27 81 88
root 521 h 7 pool 371 nodes 7461 color_prunes 7461 size_prunes 0 maxdepth 11 fallbacks 0 expected 16314246560895731420237524 closed 16314246560895731420237524 seconds 0.528952 labels 1 5 6 25 27 81 89
root 524 h 7 pool 373 nodes 9420 color_prunes 9420 size_prunes 0 maxdepth 11 fallbacks 0 expected 16314246560895731420237524 closed 16314246560895731420237524 seconds 0.586728 labels 1 5 6 25 27 81 114
root 523 h 7 pool 375 nodes 10301 color_prunes 10301 size_prunes 0 maxdepth 11 fallbacks 0 expected 16314246560895731420237524 closed 16314246560895731420237524 seconds 0.622454 labels 1 5 6 25 27 81 111
root 525 h 7 pool 374 nodes 8833 color_prunes 8833 size_prunes 0 maxdepth 11 fallbacks 0 expected 16314246560895731420237524 closed 16314246560895731420237524 seconds 0.607087 labels 1 5 6 25 27 82 85
root 526 h 7 pool 375 nodes 9971 color_prunes 9971 size_prunes 0 maxdepth 11 fallbacks 0 expected 16314246560895731420237524 closed 16314246560895731420237524 seconds 0.667648 labels 1 5 6 25 27 82 86
root 522 h 7 pool 386 nodes 27463 color_prunes 27463 size_prunes 0 maxdepth 12 fallbacks 0 expected 16314246560895731420237524 closed 16314246560895731420237524 seconds 1.76614 labels 1 5 6 25 27 81 107
root 529 h 7 pool 378 nodes 14572 color_prunes 14572 size_prunes 0 maxdepth 11 fallbacks 0 expected 16314246560895731420237524 closed 16314246560895731420237524 seconds 0.912362 labels 1 5 6 25 27 82 114
root 527 h 7 pool 385 nodes 26867 color_prunes 26867 size_prunes 0 maxdepth 12 fallbacks 0 expected 16314246560895731420237524 closed 16314246560895731420237524 seconds 1.60875 labels 1 5 6 25 27 82 105
root 528 h 7 pool 386 nodes 27290 color_prunes 27290 size_prunes 0 maxdepth 11 fallbacks 0 expected 16314246560895731420237524 closed 16314246560895731420237524 seconds 1.51953 labels 1 5 6 25 27 82 107
root 530 h 7 pool 378 nodes 15084 color_prunes 15084 size_prunes 0 maxdepth 11 fallbacks 0 expected 16314246560895731420237524 closed 16314246560895731420237524 seconds 0.951699 labels 1 5 6 25 27 83 87
root 531 h 7 pool 383 nodes 20005 color_prunes 20005 size_prunes 0 maxdepth 11 fallbacks 0 expected 16314246560895731420237524 closed 16314246560895731420237524 seconds 1.21802 labels 1 5 6 25 27 83 89
root 533 h 7 pool 383 nodes 21725 color_prunes 21725 size_prunes 0 maxdepth 11 fallbacks 0 expected 16314246560895731420237524 closed 16314246560895731420237524 seconds 1.3577 labels 1 5 6 25 27 83 106
root 534 h 7 pool 383 nodes 22650 color_prunes 22650 size_prunes 0 maxdepth 11 fallbacks 0 expected 16314246560895731420237524 closed 16314246560895731420237524 seconds 1.41788 labels 1 5 6 25 27 83 108
root 535 h 7 pool 378 nodes 12079 color_prunes 12079 size_prunes 0 maxdepth 11 fallbacks 0 expected 16314246560895731420237524 closed 16314246560895731420237524 seconds 0.763607 labels 1 5 6 25 27 83 111
root 532 h 7 pool 390 nodes 40937 color_prunes 40937 size_prunes 0 maxdepth 12 fallbacks 0 expected 16314246560895731420237524 closed 16314246560895731420237524 seconds 2.38309 labels 1 5 6 25 27 83 105
root 537 h 7 pool 378 nodes 15017 color_prunes 15017 size_prunes 0 maxdepth 11 fallbacks 0 expected 16314246560895731420237524 closed 16314246560895731420237524 seconds 0.894113 labels 1 5 6 25 27 84 86
root 536 h 7 pool 382 nodes 20736 color_prunes 20736 size_prunes 0 maxdepth 12 fallbacks 0 expected 16314246560895731420237524 closed 16314246560895731420237524 seconds 1.34898 labels 1 5 6 25 27 84 85
root 538 h 7 pool 384 nodes 22736 color_prunes 22736 size_prunes 0 maxdepth 11 fallbacks 0 expected 16314246560895731420237524 closed 16314246560895731420237524 seconds 1.27392 labels 1 5 6 25 27 84 106
root 541 h 7 pool 379 nodes 13121 color_prunes 13121 size_prunes 0 maxdepth 11 fallbacks 0 expected 16314246560895731420237524 closed 16314246560895731420237524 seconds 0.869848 labels 1 5 6 25 27 84 114
root 539 h 7 pool 384 nodes 22323 color_prunes 22323 size_prunes 0 maxdepth 11 fallbacks 0 expected 16314246560895731420237524 closed 16314246560895731420237524 seconds 1.54953 labels 1 5 6 25 27 84 108
root 542 h 7 pool 380 nodes 20340 color_prunes 20340 size_prunes 0 maxdepth 11 fallbacks 0 expected 16314246560895731420237524 closed 16314246560895731420237524 seconds 1.18048 labels 1 5 6 25 27 85 106
root 543 h 7 pool 379 nodes 16594 color_prunes 16594 size_prunes 0 maxdepth 11 fallbacks 0 expected 16314246560895731420237524 closed 16314246560895731420237524 seconds 1.00211 labels 1 5 6 25 27 85 107
root 545 h 7 pool 374 nodes 9160 color_prunes 9160 size_prunes 0 maxdepth 11 fallbacks 0 expected 16314246560895731420237524 closed 16314246560895731420237524 seconds 0.620304 labels 1 5 6 25 27 85 114
root 540 h 7 pool 390 nodes 40805 color_prunes 40805 size_prunes 0 maxdepth 12 fallbacks 0 expected 16314246560895731420237524 closed 16314246560895731420237524 seconds 2.51014 labels 1 5 6 25 27 84 109
root 544 h 7 pool 382 nodes 18751 color_prunes 18751 size_prunes 0 maxdepth 11 fallbacks 0 expected 16314246560895731420237524 closed 16314246560895731420237524 seconds 1.13368 labels 1 5 6 25 27 85 111
root 549 h 7 pool 380 nodes 17357 color_prunes 17357 size_prunes 0 maxdepth 11 fallbacks 0 expected 16314246560895731420237524 closed 16314246560895731420237524 seconds 0.727077 labels 1 5 6 25 27 87 107
root 548 h 7 pool 378 nodes 12345 color_prunes 12345 size_prunes 0 maxdepth 11 fallbacks 0 expected 16314246560895731420237524 closed 16314246560895731420237524 seconds 0.885389 labels 1 5 6 25 27 86 114
root 546 h 7 pool 381 nodes 22232 color_prunes 22232 size_prunes 0 maxdepth 11 fallbacks 0 expected 16314246560895731420237524 closed 16314246560895731420237524 seconds 1.42566 labels 1 5 6 25 27 86 109
root 547 h 7 pool 381 nodes 19406 color_prunes 19406 size_prunes 0 maxdepth 11 fallbacks 0 expected 16314246560895731420237524 closed 16314246560895731420237524 seconds 1.25213 labels 1 5 6 25 27 86 111
root 550 h 7 pool 378 nodes 12687 color_prunes 12687 size_prunes 0 maxdepth 11 fallbacks 0 expected 16314246560895731420237524 closed 16314246560895731420237524 seconds 0.763133 labels 1 5 6 25 27 87 111
root 552 h 7 pool 375 nodes 9989 color_prunes 9989 size_prunes 0 maxdepth 11 fallbacks 0 expected 16314246560895731420237524 closed 16314246560895731420237524 seconds 0.654729 labels 1 5 6 25 27 88 111
root 551 h 7 pool 383 nodes 21570 color_prunes 21570 size_prunes 0 maxdepth 11 fallbacks 0 expected 16314246560895731420237524 closed 16314246560895731420237524 seconds 1.32187 labels 1 5 6 25 27 88 105
root 553 h 7 pool 382 nodes 19286 color_prunes 19286 size_prunes 0 maxdepth 11 fallbacks 0 expected 16314246560895731420237524 closed 16314246560895731420237524 seconds 1.17094 labels 1 5 6 25 27 88 114
root 554 h 7 pool 379 nodes 16621 color_prunes 16621 size_prunes 0 maxdepth 11 fallbacks 0 expected 16314246560895731420237524 closed 16314246560895731420237524 seconds 0.986822 labels 1 5 6 25 27 89 108
root 555 h 7 pool 379 nodes 15803 color_prunes 15803 size_prunes 0 maxdepth 11 fallbacks 0 expected 16314246560895731420237524 closed 16314246560895731420237524 seconds 0.95328 labels 1 5 6 25 27 89 111
root 556 h 7 pool 383 nodes 17730 color_prunes 17730 size_prunes 0 maxdepth 11 fallbacks 0 expected 16314246560895731420237524 closed 16314246560895731420237524 seconds 1.13073 labels 1 5 6 25 27 89 114
root 559 h 7 pool 390 nodes 35791 color_prunes 35791 size_prunes 0 maxdepth 12 fallbacks 0 expected 16314246560895731420237524 closed 16314246560895731420237524 seconds 2.19464 labels 1 5 6 25 27 105 114
root 557 h 7 pool 390 nodes 45250 color_prunes 45250 size_prunes 0 maxdepth 12 fallbacks 0 expected 16314246560895731420237524 closed 16314246560895731420237524 seconds 2.70616 labels 1 5 6 25 27 105 107
root 558 h 7 pool 390 nodes 44476 color_prunes 44476 size_prunes 0 maxdepth 12 fallbacks 0 expected 16314246560895731420237524 closed 16314246560895731420237524 seconds 2.76487 labels 1 5 6 25 27 105 108
root 560 h 7 pool 390 nodes 44618 color_prunes 44618 size_prunes 0 maxdepth 12 fallbacks 0 expected 16314246560895731420237524 closed 16314246560895731420237524 seconds 2.77692 labels 1 5 6 25 27 106 108
root 563 h 7 pool 385 nodes 27678 color_prunes 27678 size_prunes 0 maxdepth 12 fallbacks 0 expected 16314246560895731420237524 closed 16314246560895731420237524 seconds 1.58914 labels 1 5 6 25 27 107 111
root 561 h 7 pool 390 nodes 43895 color_prunes 43895 size_prunes 0 maxdepth 12 fallbacks 0 expected 16314246560895731420237524 closed 16314246560895731420237524 seconds 2.81355 labels 1 5 6 25 27 106 109
root 562 h 7 pool 390 nodes 45113 color_prunes 45113 size_prunes 0 maxdepth 12 fallbacks 0 expected 16314246560895731420237524 closed 16314246560895731420237524 seconds 2.79087 labels 1 5 6 25 27 107 109
root 564 h 7 pool 389 nodes 34664 color_prunes 34664 size_prunes 0 maxdepth 12 fallbacks 0 expected 16314246560895731420237524 closed 16314246560895731420237524 seconds 1.83265 labels 1 5 6 25 27 109 111
root 565 h 7 pool 382 nodes 18636 color_prunes 18636 size_prunes 0 maxdepth 11 fallbacks 0 expected 16314246560895731420237524 closed 16314246560895731420237524 seconds 1.14321 labels 1 5 6 25 27 111 114
root 567 h 7 pool 379 nodes 15194 color_prunes 15194 size_prunes 0 maxdepth 11 fallbacks 0 expected 16314246560895731420237524 closed 16314246560895731420237524 seconds 0.80011 labels 1 5 6 25 31 38 77
root 568 h 7 pool 384 nodes 22347 color_prunes 22347 size_prunes 0 maxdepth 12 fallbacks 0 expected 16314246560895731420237524 closed 16314246560895731420237524 seconds 1.37177 labels 1 5 6 25 31 38 89
root 569 h 7 pool 386 nodes 24648 color_prunes 24648 size_prunes 0 maxdepth 11 fallbacks 0 expected 16314246560895731420237524 closed 16314246560895731420237524 seconds 1.51832 labels 1 5 6 25 31 38 96
root 570 h 7 pool 377 nodes 13926 color_prunes 13926 size_prunes 0 maxdepth 11 fallbacks 0 expected 16314246560895731420237524 closed 16314246560895731420237524 seconds 0.840518 labels 1 5 6 25 31 39 47
root 566 h 7 pool 390 nodes 37036 color_prunes 37036 size_prunes 0 maxdepth 12 fallbacks 0 expected 16314246560895731420237524 closed 16314246560895731420237524 seconds 2.23378 labels 1 5 6 25 31 38 69
root 573 h 7 pool 379 nodes 15210 color_prunes 15210 size_prunes 0 maxdepth 11 fallbacks 0 expected 16314246560895731420237524 closed 16314246560895731420237524 seconds 0.842218 labels 1 5 6 25 31 39 69
root 571 h 7 pool 379 nodes 16980 color_prunes 16980 size_prunes 0 maxdepth 11 fallbacks 0 expected 16314246560895731420237524 closed 16314246560895731420237524 seconds 1.11062 labels 1 5 6 25 31 39 63
root 574 h 7 pool 377 nodes 13940 color_prunes 13940 size_prunes 0 maxdepth 11 fallbacks 0 expected 16314246560895731420237524 closed 16314246560895731420237524 seconds 0.828918 labels 1 5 6 25 31 39 71
root 572 h 7 pool 384 nodes 24077 color_prunes 24077 size_prunes 0 maxdepth 11 fallbacks 0 expected 16314246560895731420237524 closed 16314246560895731420237524 seconds 1.56921 labels 1 5 6 25 31 39 65
root 576 h 7 pool 380 nodes 17729 color_prunes 17729 size_prunes 0 maxdepth 12 fallbacks 0 expected 16314246560895731420237524 closed 16314246560895731420237524 seconds 1.03297 labels 1 5 6 25 31 39 107
root 575 h 7 pool 382 nodes 19442 color_prunes 19442 size_prunes 0 maxdepth 11 fallbacks 0 expected 16314246560895731420237524 closed 16314246560895731420237524 seconds 1.18339 labels 1 5 6 25 31 39 96
root 577 h 7 pool 379 nodes 14826 color_prunes 14826 size_prunes 0 maxdepth 11 fallbacks 0 expected 16314246560895731420237524 closed 16314246560895731420237524 seconds 0.895934 labels 1 5 6 25 31 39 108
root 581 h 7 pool 378 nodes 13773 color_prunes 13773 size_prunes 0 maxdepth 12 fallbacks 0 expected 16314246560895731420237524 closed 16314246560895731420237524 seconds 0.835935 labels 1 5 6 25 31 44 77
root 579 h 7 pool 383 nodes 20520 color_prunes 20520 size_prunes 0 maxdepth 12 fallbacks 0 expected 16314246560895731420237524 closed 16314246560895731420237524 seconds 1.20135 labels 1 5 6 25 31 44 67
root 578 h 7 pool 387 nodes 30647 color_prunes 30647 size_prunes 0 maxdepth 12 fallbacks 0 expected 16314246560895731420237524 closed 16314246560895731420237524 seconds 1.8306 labels 1 5 6 25 31 44 63
root 580 h 7 pool 385 nodes 23868 color_prunes 23868 size_prunes 0 maxdepth 11 fallbacks 0 expected 16314246560895731420237524 closed 16314246560895731420237524 seconds 1.43191 labels 1 5 6 25 31 44 71
root 582 h 7 pool 382 nodes 18933 color_prunes 18933 size_prunes 0 maxdepth 12 fallbacks 0 expected 16314246560895731420237524 closed 16314246560895731420237524 seconds 1.04715 labels 1 5 6 25 31 44 82
root 583 h 7 pool 383 nodes 22577 color_prunes 22577 size_prunes 0 maxdepth 11 fallbacks 0 expected 16314246560895731420237524 closed 16314246560895731420237524 seconds 1.39655 labels 1 5 6 25 31 44 89
root 585 h 7 pool 385 nodes 22750 color_prunes 22750 size_prunes 0 maxdepth 11 fallbacks 0 expected 16314246560895731420237524 closed 16314246560895731420237524 seconds 1.38765 labels 1 5 6 25 31 53 67
root 586 h 7 pool 380 nodes 16997 color_prunes 16997 size_prunes 0 maxdepth 11 fallbacks 0 expected 16314246560895731420237524 closed 16314246560895731420237524 seconds 1.01172 labels 1 5 6 25 31 53 85
root 587 h 7 pool 372 nodes 8372 color_prunes 8372 size_prunes 0 maxdepth 11 fallbacks 0 expected 16314246560895731420237524 closed 16314246560895731420237524 seconds 0.560056 labels 1 5 6 25 31 53 86
root 589 h 7 pool 372 nodes 8437 color_prunes 8437 size_prunes 0 maxdepth 11 fallbacks 0 expected 16314246560895731420237524 closed 16314246560895731420237524 seconds 0.579222 labels 1 5 6 25 31 53 116
root 584 h 7 pool 391 nodes 39176 color_prunes 39176 size_prunes 0 maxdepth 12 fallbacks 0 expected 16314246560895731420237524 closed 16314246560895731420237524 seconds 2.48931 labels 1 5 6 25 31 44 107
root 590 h 7 pool 379 nodes 15553 color_prunes 15553 size_prunes 0 maxdepth 11 fallbacks 0 expected 16314246560895731420237524 closed 16314246560895731420237524 seconds 1.01519 labels 1 5 6 25 31 58 69
root 588 h 7 pool 385 nodes 25820 color_prunes 25820 size_prunes 0 maxdepth 12 fallbacks 0 expected 16314246560895731420237524 closed 16314246560895731420237524 seconds 1.44016 labels 1 5 6 25 31 53 107
root 592 h 7 pool 378 nodes 14617 color_prunes 14617 size_prunes 0 maxdepth 11 fallbacks 0 expected 16314246560895731420237524 closed 16314246560895731420237524 seconds 0.92277 labels 1 5 6 25 31 58 116
root 593 h 7 pool 381 nodes 18548 color_prunes 18548 size_prunes 0 maxdepth 11 fallbacks 0 expected 16314246560895731420237524 closed 16314246560895731420237524 seconds 1.1356 labels 1 5 6 25 31 59 67
root 594 h 7 pool 383 nodes 17492 color_prunes 17492 size_prunes 0 maxdepth 11 fallbacks 0 expected 16314246560895731420237524 closed 16314246560895731420237524 seconds 1.13038 labels 1 5 6 25 31 59 73
root 591 h 7 pool 389 nodes 32856 color_prunes 32856 size_prunes 0 maxdepth 12 fallbacks 0 expected 16314246560895731420237524 closed 16314246560895731420237524 seconds 2.04178 labels 1 5 6 25 31 58 89
root 595 h 7 pool 382 nodes 21718 color_prunes 21718 size_prunes 0 maxdepth 11 fallbacks 0 expected 16314246560895731420237524 closed 16314246560895731420237524 seconds 1.29574 labels 1 5 6 25 31 59 111
root 596 h 7 pool 380 nodes 17954 color_prunes 17954 size_prunes 0 maxdepth 11 fallbacks 0 expected 16314246560895731420237524 closed 16314246560895731420237524 seconds 1.09703 labels 1 5 6 25 31 59 116
root 597 h 7 pool 386 nodes 21698 color_prunes 21698 size_prunes 0 maxdepth 12 fallbacks 0 expected 16314246560895731420237524 closed 16314246560895731420237524 seconds 1.31966 labels 1 5 6 25 31 63 84
root 598 h 7 pool 386 nodes 23739 color_prunes 23739 size_prunes 0 maxdepth 12 fallbacks 0 expected 16314246560895731420237524 closed 16314246560895731420237524 seconds 1.4931 labels 1 5 6 25 31 63 89
root 599 h 7 pool 383 nodes 22200 color_prunes 22200 size_prunes 0 maxdepth 12 fallbacks 0 expected 16314246560895731420237524 closed 16314246560895731420237524 seconds 1.26796 labels 1 5 6 25 31 63 107
root 601 h 7 pool 382 nodes 17952 color_prunes 17952 size_prunes 0 maxdepth 11 fallbacks 0 expected 16314246560895731420237524 closed 16314246560895731420237524 seconds 1.02793 labels 1 5 6 25 31 69 82
root 600 h 7 pool 387 nodes 30192 color_prunes 30192 size_prunes 0 maxdepth 11 fallbacks 0 expected 16314246560895731420237524 closed 16314246560895731420237524 seconds 1.78571 labels 1 5 6 25 31 63 111
root 602 h 7 pool 380 nodes 15470 color_prunes 15470 size_prunes 0 maxdepth 11 fallbacks 0 expected 16314246560895731420237524 closed 16314246560895731420237524 seconds 0.971957 labels 1 5 6 25 31 69 97
root 604 h 7 pool 381 nodes 16028 color_prunes 16028 size_prunes 0 maxdepth 11 fallbacks 0 expected 16314246560895731420237524 closed 16314246560895731420237524 seconds 1.01909 labels 1 5 6 25 31 69 116
root 605 h 7 pool 380 nodes 17913 color_prunes 17913 size_prunes 0 maxdepth 12 fallbacks 0 expected 16314246560895731420237524 closed 16314246560895731420237524 seconds 1.02744 labels 1 5 6 25 31 77 85
root 603 h 7 pool 389 nodes 34604 color_prunes 34604 size_prunes 0 maxdepth 12 fallbacks 0 expected 16314246560895731420237524 closed 16314246560895731420237524 seconds 2.12953 labels 1 5 6 25 31 69 111
root 607 h 7 pool 379 nodes 14508 color_prunes 14508 size_prunes 0 maxdepth 12 fallbacks 0 expected 16314246560895731420237524 closed 16314246560895731420237524 seconds 0.871995 labels 1 5 6 25 31 77 111
root 606 h 7 pool 385 nodes 25965 color_prunes 25965 size_prunes 0 maxdepth 12 fallbacks 0 expected 16314246560895731420237524 closed 16314246560895731420237524 seconds 1.60758 labels 1 5 6 25 31 77 107
root 608 h 7 pool 380 nodes 15757 color_prunes 15757 size_prunes 0 maxdepth 11 fallbacks 0 expected 16314246560895731420237524 closed 16314246560895731420237524 seconds 0.937338 labels 1 5 6 25 31 82 86
root 609 h 7 pool 380 nodes 15387 color_prunes 15387 size_prunes 0 maxdepth 11 fallbacks 0 expected 16314246560895731420237524 closed 16314246560895731420237524 seconds 0.987342 labels 1 5 6 25 31 82 108
root 612 h 7 pool 378 nodes 15233 color_prunes 15233 size_prunes 0 maxdepth 11 fallbacks 0 expected 16314246560895731420237524 closed 16314246560895731420237524 seconds 0.928752 labels 1 5 6 25 31 89 108
root 611 h 7 pool 388 nodes 32309 color_prunes 32309 size_prunes 0 maxdepth 12 fallbacks 0 expected 16314246560895731420237524 closed 16314246560895731420237524 seconds 2.01084 labels 1 5 6 25 31 89 97
root 613 h 7 pool 385 nodes 23178 color_prunes 23178 size_prunes 0 maxdepth 12 fallbacks 0 expected 16314246560895731420237524 closed 16314246560895731420237524 seconds 1.40666 labels 1 5 6 25 31 89 111
root 610 h 7 pool 393 nodes 38596 color_prunes 38596 size_prunes 0 maxdepth 12 fallbacks 0 expected 16314246560895731420237524 closed 16314246560895731420237524 seconds 2.51563 labels 1 5 6 25 31 84 96
root 615 h 7 pool 378 nodes 15324 color_prunes 15324 size_prunes 0 maxdepth 11 fallbacks 0 expected 16314246560895731420237524 closed 16314246560895731420237524 seconds 0.875867 labels 1 5 6 25 32 36 53
root 614 h 7 pool 387 nodes 30616 color_prunes 30616 size_prunes 0 maxdepth 11 fallbacks 0 expected 16314246560895731420237524 closed 16314246560895731420237524 seconds 1.94047 labels 1 5 6 25 32 36 43
root 618 h 7 pool 381 nodes 18356 color_prunes 18356 size_prunes 0 maxdepth 11 fallbacks 0 expected 16314246560895731420237524 closed 16314246560895731420237524 seconds 1.15043 labels 1 5 6 25 32 43 65
root 617 h 7 pool 387 nodes 30503 color_prunes 30503 size_prunes 0 maxdepth 12 fallbacks 0 expected 16314246560895731420237524 closed 16314246560895731420237524 seconds 1.74425 labels 1 5 6 25 32 43 57
root 616 h 7 pool 388 nodes 36424 color_prunes 36424 size_prunes 0 maxdepth 11 fallbacks 0 expected 16314246560895731420237524 closed 16314246560895731420237524 seconds 2.08366 labels 1 5 6 25 32 36 68
root 619 h 7 pool 384 nodes 22804 color_prunes 22804 size_prunes 0 maxdepth 11 fallbacks 0 expected 16314246560895731420237524 closed 16314246560895731420237524 seconds 1.46152 labels 1 5 6 25 32 43 69
root 620 h 7 pool 380 nodes 15940 color_prunes 15940 size_prunes 0 maxdepth 11 fallbacks 0 expected 16314246560895731420237524 closed 16314246560895731420237524 seconds 0.950754 labels 1 5 6 25 32 43 72
root 621 h 7 pool 382 nodes 16955 color_prunes 16955 size_prunes 0 maxdepth 12 fallbacks 0 expected 16314246560895731420237524 closed 16314246560895731420237524 seconds 1.05213 labels 1 5 6 25 32 43 77
root 622 h 7 pool 382 nodes 17456 color_prunes 17456 size_prunes 0 maxdepth 11 fallbacks 0 expected 16314246560895731420237524 closed 16314246560895731420237524 seconds 1.17052 labels 1 5 6 25 32 43 83
root 623 h 7 pool 381 nodes 18467 color_prunes 18467 size_prunes 0 maxdepth 11 fallbacks 0 expected 16314246560895731420237524 closed 16314246560895731420237524 seconds 1.14212 labels 1 5 6 25 32 43 88
root 624 h 7 pool 379 nodes 14115 color_prunes 14115 size_prunes 0 maxdepth 12 fallbacks 0 expected 16314246560895731420237524 closed 16314246560895731420237524 seconds 0.859597 labels 1 5 6 25 32 43 96
root 627 h 7 pool 377 nodes 14717 color_prunes 14717 size_prunes 0 maxdepth 11 fallbacks 0 expected 16314246560895731420237524 closed 16314246560895731420237524 seconds 0.811262 labels 1 5 6 25 32 46 55
root 625 h 7 pool 388 nodes 30531 color_prunes 30531 size_prunes 0 maxdepth 12 fallbacks 0 expected 16314246560895731420237524 closed 16314246560895731420237524 seconds 1.76635 labels 1 5 6 25 32 43 109
root 628 h 7 pool 381 nodes 20176 color_prunes 20176 size_prunes 0 maxdepth 11 fallbacks 0 expected 16314246560895731420237524 closed 16314246560895731420237524 seconds 1.21235 labels 1 5 6 25 32 46 80
root 626 h 7 pool 387 nodes 35264 color_prunes 35264 size_prunes 0 maxdepth 12 fallbacks 0 expected 16314246560895731420237524 closed 16314246560895731420237524 seconds 2.13327 labels 1 5 6 25 32 46 53
root 629 h 7 pool 383 nodes 22769 color_prunes 22769 size_prunes 0 maxdepth 11 fallbacks 0 expected 16314246560895731420237524 closed 16314246560895731420237524 seconds 1.26021 labels 1 5 6 25 32 51 55
root 630 h 7 pool 382 nodes 17292 color_prunes 17292 size_prunes 0 maxdepth 12 fallbacks 0 expected 16314246560895731420237524 closed 16314246560895731420237524 seconds 1.10429 labels 1 5 6 25 32 51 69
root 634 h 7 pool 380 nodes 16546 color_prunes 16546 size_prunes 0 maxdepth 11 fallbacks 0 expected 16314246560895731420237524 closed 16314246560895731420237524 seconds 0.679021 labels 1 5 6 25 32 51 88
root 632 h 7 pool 382 nodes 21107 color_prunes 21107 size_prunes 0 maxdepth 11 fallbacks 0 expected 16314246560895731420237524 closed 16314246560895731420237524 seconds 1.43702 labels 1 5 6 25 32 51 82
root 631 h 7 pool 386 nodes 30044 color_prunes 30044 size_prunes 0 maxdepth 12 fallbacks 0 expected 16314246560895731420237524 closed 16314246560895731420237524 seconds 2.0294 labels 1 5 6 25 32 51 80
root 636 h 7 pool 383 nodes 20929 color_prunes 20929 size_prunes 0 maxdepth 11 fallbacks 0 expected 16314246560895731420237524 closed 16314246560895731420237524 seconds 1.06058 labels 1 5 6 25 32 51 107
root 635 h 7 pool 383 nodes 20182 color_prunes 20182 size_prunes 0 maxdepth 11 fallbacks 0 expected 16314246560895731420237524 closed 16314246560895731420237524 seconds 1.26436 labels 1 5 6 25 32 51 96
root 633 h 7 pool 388 nodes 37444 color_prunes 37444 size_prunes 0 maxdepth 12 fallbacks 0 expected 16314246560895731420237524 closed 16314246560895731420237524 seconds 2.31302 labels 1 5 6 25 32 51 83
root 638 h 7 pool 377 nodes 13261 color_prunes 13261 size_prunes 0 maxdepth 11 fallbacks 0 expected 16314246560895731420237524 closed 16314246560895731420237524 seconds 0.874648 labels 1 5 6 25 32 53 55
root 637 h 7 pool 386 nodes 28794 color_prunes 28794 size_prunes 0 maxdepth 11 fallbacks 0 expected 16314246560895731420237524 closed 16314246560895731420237524 seconds 1.86955 labels 1 5 6 25 32 51 109
root 640 h 7 pool 377 nodes 12583 color_prunes 12583 size_prunes 0 maxdepth 11 fallbacks 0 expected 16314246560895731420237524 closed 16314246560895731420237524 seconds 0.797791 labels 1 5 6 25 32 53 67
root 639 h 7 pool 382 nodes 20468 color_prunes 20468 size_prunes 0 maxdepth 11 fallbacks 0 expected 16314246560895731420237524 closed 16314246560895731420237524 seconds 1.28424 labels 1 5 6 25 32 53 56
root 641 h 7 pool 377 nodes 13053 color_prunes 13053 size_prunes 0 maxdepth 11 fallbacks 0 expected 16314246560895731420237524 closed 16314246560895731420237524 seconds 0.787347 labels 1 5 6 25 32 53 88
root 643 h 7 pool 380 nodes 16662 color_prunes 16662 size_prunes 0 maxdepth 11 fallbacks 0 expected 16314246560895731420237524 closed 16314246560895731420237524 seconds 1.02341 labels 1 5 6 25 32 53 107
root 644 h 7 pool 378 nodes 11612 color_prunes 11612 size_prunes 0 maxdepth 11 fallbacks 0 expected 16314246560895731420237524 closed 16314246560895731420237524 seconds 0.74696 labels 1 5 6 25 32 55 72
root 645 h 7 pool 378 nodes 13682 color_prunes 13682 size_prunes 0 maxdepth 11 fallbacks 0 expected 16314246560895731420237524 closed 16314246560895731420237524 seconds 0.851987 labels 1 5 6 25 32 55 77
root 642 h 7 pool 386 nodes 27023 color_prunes 27023 size_prunes 0 maxdepth 11 fallbacks 0 expected 16314246560895731420237524 closed 16314246560895731420237524 seconds 1.70791 labels 1 5 6 25 32 53 106
root 647 h 7 pool 374 nodes 11138 color_prunes 11138 size_prunes 0 maxdepth 11 fallbacks 0 expected 16314246560895731420237524 closed 16314246560895731420237524 seconds 0.678038 labels 1 5 6 25 32 56 65
root 646 h 7 pool 381 nodes 17005 color_prunes 17005 size_prunes 0 maxdepth 11 fallbacks 0 expected 16314246560895731420237524 closed 16314246560895731420237524 seconds 1.04031 labels 1 5 6 25 32 55 107
root 648 h 7 pool 379 nodes 15690 color_prunes 15690 size_prunes 0 maxdepth 11 fallbacks 0 expected 16314246560895731420237524 closed 16314246560895731420237524 seconds 0.950074 labels 1 5 6 25 32 56 72
root 650 h 7 pool 379 nodes 19148 color_prunes 19148 size_prunes 0 maxdepth 11 fallbacks 0 expected 16314246560895731420237524 closed 16314246560895731420237524 seconds 1.11804 labels 1 5 6 25 32 56 77
root 649 h 7 pool 385 nodes 25807 color_prunes 25807 size_prunes 0 maxdepth 11 fallbacks 0 expected 16314246560895731420237524 closed 16314246560895731420237524 seconds 1.59543 labels 1 5 6 25 32 56 76
root 652 h 7 pool 378 nodes 15237 color_prunes 15237 size_prunes 0 maxdepth 11 fallbacks 0 expected 16314246560895731420237524 closed 16314246560895731420237524 seconds 0.913605 labels 1 5 6 25 32 56 83
root 651 h 7 pool 385 nodes 25265 color_prunes 25265 size_prunes 0 maxdepth 11 fallbacks 0 expected 16314246560895731420237524 closed 16314246560895731420237524 seconds 1.49667 labels 1 5 6 25 32 56 82
root 654 h 7 pool 369 nodes 5937 color_prunes 5937 size_prunes 0 maxdepth 11 fallbacks 0 expected 16314246560895731420237524 closed 16314246560895731420237524 seconds 0.44429 labels 1 5 6 25 32 65 76
root 656 h 7 pool 368 nodes 5366 color_prunes 5366 size_prunes 0 maxdepth 11 fallbacks 0 expected 16314246560895731420237524 closed 16314246560895731420237524 seconds 0.420064 labels 1 5 6 25 32 65 82
root 655 h 7 pool 379 nodes 13997 color_prunes 13997 size_prunes 0 maxdepth 11 fallbacks 0 expected 16314246560895731420237524 closed 16314246560895731420237524 seconds 0.850189 labels 1 5 6 25 32 65 77
root 657 h 7 pool 384 nodes 20853 color_prunes 20853 size_prunes 0 maxdepth 12 fallbacks 0 expected 16314246560895731420237524 closed 16314246560895731420237524 seconds 1.20766 labels 1 5 6 25 32 65 96
root 659 h 7 pool 375 nodes 10825 color_prunes 10825 size_prunes 0 maxdepth 11 fallbacks 0 expected 16314246560895731420237524 closed 16314246560895731420237524 seconds 0.689221 labels 1 5 6 25 32 67 80
root 658 h 7 pool 380 nodes 18434 color_prunes 18434 size_prunes 0 maxdepth 11 fallbacks 0 expected 16314246560895731420237524 closed 16314246560895731420237524 seconds 1.08501 labels 1 5 6 25 32 65 106
root 653 h 7 pool 389 nodes 38765 color_prunes 38765 size_prunes 0 maxdepth 12 fallbacks 0 expected 16314246560895731420237524 closed 16314246560895731420237524 seconds 2.33546 labels 1 5 6 25 32 57 77
root 660 h 7 pool 375 nodes 10526 color_prunes 10526 size_prunes 0 maxdepth 11 fallbacks 0 expected 16314246560895731420237524 closed 16314246560895731420237524 seconds 0.653501 labels 1 5 6 25 32 67 96
root 661 h 7 pool 377 nodes 13407 color_prunes 13407 size_prunes 0 maxdepth 11 fallbacks 0 expected 16314246560895731420237524 closed 16314246560895731420237524 seconds 0.81516 labels 1 5 6 25 32 67 107
root 662 h 7 pool 379 nodes 13711 color_prunes 13711 size_prunes 0 maxdepth 11 fallbacks 0 expected 16314246560895731420237524 closed 16314246560895731420237524 seconds 0.886511 labels 1 5 6 25 32 68 72
root 663 h 7 pool 379 nodes 13857 color_prunes 13857 size_prunes 0 maxdepth 11 fallbacks 0 expected 16314246560895731420237524 closed 16314246560895731420237524 seconds 0.897035 labels 1 5 6 25 32 68 83
root 664 h 7 pool 376 nodes 11298 color_prunes 11298 size_prunes 0 maxdepth 11 fallbacks 0 expected 16314246560895731420237524 closed 16314246560895731420237524 seconds 0.557693 labels 1 5 6 25 32 68 96
root 666 h 7 pool 377 nodes 14806 color_prunes 14806 size_prunes 0 maxdepth 11 fallbacks 0 expected 16314246560895731420237524 closed 16314246560895731420237524 seconds 0.856966 labels 1 5 6 25 32 68 109
root 665 h 7 pool 381 nodes 18244 color_prunes 18244 size_prunes 0 maxdepth 12 fallbacks 0 expected 16314246560895731420237524 closed 16314246560895731420237524 seconds 1.1136 labels 1 5 6 25 32 68 107
root 667 h 7 pool 379 nodes 12988 color_prunes 12988 size_prunes 0 maxdepth 11 fallbacks 0 expected 16314246560895731420237524 closed 16314246560895731420237524 seconds 0.847867 labels 1 5 6 25 32 69 77
root 668 h 7 pool 380 nodes 14347 color_prunes 14347 size_prunes 0 maxdepth 11 fallbacks 0 expected 16314246560895731420237524 closed 16314246560895731420237524 seconds 0.914819 labels 1 5 6 25 32 69 82
root 670 h 7 pool 380 nodes 15783 color_prunes 15783 size_prunes 0 maxdepth 11 fallbacks 0 expected 16314246560895731420237524 closed 16314246560895731420237524 seconds 0.734326 labels 1 5 6 25 32 72 89
root 669 h 7 pool 378 nodes 15315 color_prunes 15315 size_prunes 0 maxdepth 11 fallbacks 0 expected 16314246560895731420237524 closed 16314246560895731420237524 seconds 0.904692 labels 1 5 6 25 32 69 109
root 672 h 7 pool 378 nodes 14246 color_prunes 14246 size_prunes 0 maxdepth 11 fallbacks 0 expected 16314246560895731420237524 closed 16314246560895731420237524 seconds 0.988449 labels 1 5 6 25 32 72 107
root 671 h 7 pool 384 nodes 22879 color_prunes 22879 size_prunes 0 maxdepth 12 fallbacks 0 expected 16314246560895731420237524 closed 16314246560895731420237524 seconds 1.36989 labels 1 5 6 25 32 72 106
root 675 h 7 pool 373 nodes 8932 color_prunes 8932 size_prunes 0 maxdepth 11 fallbacks 0 expected 16314246560895731420237524 closed 16314246560895731420237524 seconds 0.604821 labels 1 5 6 25 32 76 88
root 676 h 7 pool 367 nodes 5161 color_prunes 5161 size_prunes 0 maxdepth 11 fallbacks 0 expected 16314246560895731420237524 closed 16314246560895731420237524 seconds 0.411579 labels 1 5 6 25 32 76 89
root 674 h 7 pool 381 nodes 19570 color_prunes 19570 size_prunes 0 maxdepth 11 fallbacks 0 expected 16314246560895731420237524 closed 16314246560895731420237524 seconds 1.12861 labels 1 5 6 25 32 76 80
root 673 h 7 pool 387 nodes 30637 color_prunes 30637 size_prunes 0 maxdepth 12 fallbacks 0 expected 16314246560895731420237524 closed 16314246560895731420237524 seconds 1.88308 labels 1 5 6 25 32 72 109
root 678 h 7 pool 380 nodes 16798 color_prunes 16798 size_prunes 0 maxdepth 12 fallbacks 0 expected 16314246560895731420237524 closed 16314246560895731420237524 seconds 1.01561 labels 1 5 6 25 32 76 109
root 679 h 7 pool 380 nodes 15438 color_prunes 15438 size_prunes 0 maxdepth 11 fallbacks 0 expected 16314246560895731420237524 closed 16314246560895731420237524 seconds 0.930803 labels 1 5 6 25 32 77 89
root 677 h 7 pool 382 nodes 20378 color_prunes 20378 size_prunes 0 maxdepth 11 fallbacks 0 expected 16314246560895731420237524 closed 16314246560895731420237524 seconds 1.2601 labels 1 5 6 25 32 76 107
root 680 h 7 pool 380 nodes 16615 color_prunes 16615 size_prunes 0 maxdepth 11 fallbacks 0 expected 16314246560895731420237524 closed 16314246560895731420237524 seconds 0.947889 labels 1 5 6 25 32 77 107
root 681 h 7 pool 376 nodes 13072 color_prunes 13072 size_prunes 0 maxdepth 11 fallbacks 0 expected 16314246560895731420237524 closed 16314246560895731420237524 seconds 0.775362 labels 1 5 6 25 32 80 89
root 682 h 7 pool 376 nodes 12203 color_prunes 12203 size_prunes 0 maxdepth 11 fallbacks 0 expected 16314246560895731420237524 closed 16314246560895731420237524 seconds 0.781087 labels 1 5 6 25 32 80 96
root 683 h 7 pool 380 nodes 16665 color_prunes 16665 size_prunes 0 maxdepth 11 fallbacks 0 expected 16314246560895731420237524 closed 16314246560895731420237524 seconds 1.00304 labels 1 5 6 25 32 80 107
root 685 h 7 pool 377 nodes 13078 color_prunes 13078 size_prunes 0 maxdepth 11 fallbacks 0 expected 16314246560895731420237524 closed 16314246560895731420237524 seconds 0.792748 labels 1 5 6 25 32 89 96
root 684 h 7 pool 380 nodes 15490 color_prunes 15490 size_prunes 0 maxdepth 11 fallbacks 0 expected 16314246560895731420237524 closed 16314246560895731420237524 seconds 0.968236 labels 1 5 6 25 32 83 96
root 687 h 7 pool 381 nodes 16980 color_prunes 16980 size_prunes 0 maxdepth 11 fallbacks 0 expected 16314246560895731420237524 closed 16314246560895731420237524 seconds 0.906729 labels 1 5 6 25 33 37 46
root 686 h 7 pool 385 nodes 22889 color_prunes 22889 size_prunes 0 maxdepth 11 fallbacks 0 expected 16314246560895731420237524 closed 16314246560895731420237524 seconds 1.40272 labels 1 5 6 25 32 89 109
root 688 h 7 pool 372 nodes 9515 color_prunes 9515 size_prunes 0 maxdepth 11 fallbacks 0 expected 16314246560895731420237524 closed 16314246560895731420237524 seconds 0.664819 labels 1 5 6 25 33 37 51
root 689 h 7 pool 378 nodes 17918 color_prunes 17918 size_prunes 0 maxdepth 11 fallbacks 0 expected 16314246560895731420237524 closed 16314246560895731420237524 seconds 0.834741 labels 1 5 6 25 33 37 65
root 692 h 7 pool 371 nodes 8265 color_prunes 8265 size_prunes 0 maxdepth 11 fallbacks 0 expected 16314246560895731420237524 closed 16314246560895731420237524 seconds 0.608471 labels 1 5 6 25 33 37 77
root 691 h 7 pool 373 nodes 11007 color_prunes 11007 size_prunes 0 maxdepth 11 fallbacks 0 expected 16314246560895731420237524 closed 16314246560895731420237524 seconds 0.731941 labels 1 5 6 25 33 37 67
root 690 h 7 pool 378 nodes 16207 color_prunes 16207 size_prunes 0 maxdepth 11 fallbacks 0 expected 16314246560895731420237524 closed 16314246560895731420237524 seconds 1.02301 labels 1 5 6 25 33 37 66
root 693 h 7 pool 374 nodes 10415 color_prunes 10415 size_prunes 0 maxdepth 11 fallbacks 0 expected 16314246560895731420237524 closed 16314246560895731420237524 seconds 0.647069 labels 1 5 6 25 33 37 98
root 695 h 7 pool 367 nodes 5230 color_prunes 5230 size_prunes 0 maxdepth 11 fallbacks 0 expected 16314246560895731420237524 closed 16314246560895731420237524 seconds 0.420094 labels 1 5 6 25 33 41 58
root 696 h 7 pool 362 nodes 4181 color_prunes 4181 size_prunes 0 maxdepth 11 fallbacks 0 expected 16314246560895731420237524 closed 16314246560895731420237524 seconds 0.402483 labels 1 5 6 25 33 41 68
root 697 h 7 pool 366 nodes 4844 color_prunes 4844 size_prunes 0 maxdepth 11 fallbacks 0 expected 16314246560895731420237524 closed 16314246560895731420237524 seconds 0.427782 labels 1 5 6 25 33 41 87
root 694 h 7 pool 381 nodes 18023 color_prunes 18023 size_prunes 0 maxdepth 11 fallbacks 0 expected 16314246560895731420237524 closed 16314246560895731420237524 seconds 1.02115 labels 1 5 6 25 33 37 114
root 699 h 7 pool 367 nodes 4927 color_prunes 4927 size_prunes 0 maxdepth 11 fallbacks 0 expected 16314246560895731420237524 closed 16314246560895731420237524 seconds 0.404019 labels 1 5 6 25 33 42 51
root 700 h 7 pool 365 nodes 4766 color_prunes 4766 size_prunes 0 maxdepth 11 fallbacks 0 expected 16314246560895731420237524 closed 16314246560895731420237524 seconds 0.380664 labels 1 5 6 25 33 42 57
root 701 h 7 pool 365 nodes 4709 color_prunes 4709 size_prunes 0 maxdepth 11 fallbacks 0 expected 16314246560895731420237524 closed 16314246560895731420237524 seconds 0.403166 labels 1 5 6 25 33 42 67
root 698 h 7 pool 380 nodes 16517 color_prunes 16517 size_prunes 0 maxdepth 11 fallbacks 0 expected 16314246560895731420237524 closed 16314246560895731420237524 seconds 0.981789 labels 1 5 6 25 33 41 106
root 702 h 7 pool 378 nodes 14643 color_prunes 14643 size_prunes 0 maxdepth 11 fallbacks 0 expected 16314246560895731420237524 closed 16314246560895731420237524 seconds 0.837501 labels 1 5 6 25 33 46 53
root 703 h 7 pool 377 nodes 13810 color_prunes 13810 size_prunes 0 maxdepth 11 fallbacks 0 expected 16314246560895731420237524 closed 16314246560895731420237524 seconds 0.828088 labels 1 5 6 25 33 46 57
root 705 h 7 pool 374 nodes 9589 color_prunes 9589 size_prunes 0 maxdepth 11 fallbacks 0 expected 16314246560895731420237524 closed 16314246560895731420237524 seconds 0.630188 labels 1 5 6 25 33 46 64
root 706 h 7 pool 368 nodes 6475 color_prunes 6475 size_prunes 0 maxdepth 11 fallbacks 0 expected 16314246560895731420237524 closed 16314246560895731420237524 seconds 0.463249 labels 1 5 6 25 33 46 68
root 704 h 7 pool 380 nodes 16196 color_prunes 16196 size_prunes 0 maxdepth 11 fallbacks 0 expected 16314246560895731420237524 closed 16314246560895731420237524 seconds 1.00907 labels 1 5 6 25 33 46 58
root 708 h 7 pool 378 nodes 13360 color_prunes 13360 size_prunes 0 maxdepth 11 fallbacks 0 expected 16314246560895731420237524 closed 16314246560895731420237524 seconds 0.794369 labels 1 5 6 25 33 46 81
root 707 h 7 pool 381 nodes 18057 color_prunes 18057 size_prunes 0 maxdepth 11 fallbacks 0 expected 16314246560895731420237524 closed 16314246560895731420237524 seconds 1.04388 labels 1 5 6 25 33 46 80
root 710 h 7 pool 379 nodes 16019 color_prunes 16019 size_prunes 0 maxdepth 11 fallbacks 0 expected 16314246560895731420237524 closed 16314246560895731420237524 seconds 0.987112 labels 1 5 6 25 33 51 59
root 709 h 7 pool 383 nodes 19821 color_prunes 19821 size_prunes 0 maxdepth 11 fallbacks 0 expected 16314246560895731420237524 closed 16314246560895731420237524 seconds 1.1493 labels 1 5 6 25 33 46 113
root 711 h 7 pool 377 nodes 13467 color_prunes 13467 size_prunes 0 maxdepth 11 fallbacks 0 expected 16314246560895731420237524 closed 16314246560895731420237524 seconds 0.813073 labels 1 5 6 25 33 51 81
root 713 h 7 pool 365 nodes 4778 color_prunes 4778 size_prunes 0 maxdepth 11 fallbacks 0 expected 16314246560895731420237524 closed 16314246560895731420237524 seconds 0.421121 labels 1 5 6 25 33 51 87
root 715 h 7 pool 364 nodes 4402 color_prunes 4402 size_prunes 0 maxdepth 11 fallbacks 0 expected 16314246560895731420237524 closed 16314246560895731420237524 seconds 0.333057 labels 1 5 6 25 33 51 113
root 712 h 7 pool 381 nodes 20341 color_prunes 20341 size_prunes 0 maxdepth 11 fallbacks 0 expected 16314246560895731420237524 closed 16314246560895731420237524 seconds 1.23013 labels 1 5 6 25 33 51 83
root 714 h 7 pool 377 nodes 12692 color_prunes 12692 size_prunes 0 maxdepth 11 fallbacks 0 expected 16314246560895731420237524 closed 16314246560895731420237524 seconds 0.822538 labels 1 5 6 25 33 51 108
root 719 h 7 pool 374 nodes 9201 color_prunes 9201 size_prunes 0 maxdepth 11 fallbacks 0 expected 16314246560895731420237524 closed 16314246560895731420237524 seconds 0.622441 labels 1 5 6 25 33 53 108
root 717 h 7 pool 379 nodes 16039 color_prunes 16039 size_prunes 0 maxdepth 11 fallbacks 0 expected 16314246560895731420237524 closed 16314246560895731420237524 seconds 1.00387 labels 1 5 6 25 33 53 80
root 716 h 7 pool 381 nodes 21946 color_prunes 21946 size_prunes 0 maxdepth 11 fallbacks 0 expected 16314246560895731420237524 closed 16314246560895731420237524 seconds 1.28712 labels 1 5 6 25 33 53 57
root 720 h 7 pool 363 nodes 4163 color_prunes 4163 size_prunes 0 maxdepth 11 fallbacks 0 expected 16314246560895731420237524 closed 16314246560895731420237524 seconds 0.375702 labels 1 5 6 25 33 53 114
root 721 h 7 pool 379 nodes 15885 color_prunes 15885 size_prunes 0 maxdepth 11 fallbacks 0 expected 16314246560895731420237524 closed 16314246560895731420237524 seconds 1.01985 labels 1 5 6 25 33 57 76
root 723 h 7 pool 379 nodes 15075 color_prunes 15075 size_prunes 0 maxdepth 11 fallbacks 0 expected 16314246560895731420237524 closed 16314246560895731420237524 seconds 0.846056 labels 1 5 6 25 33 57 106
root 718 h 7 pool 388 nodes 31277 color_prunes 31277 size_prunes 0 maxdepth 11 fallbacks 0 expected 16314246560895731420237524 closed 16314246560895731420237524 seconds 2.00935 labels 1 5 6 25 33 53 106
root 722 h 7 pool 382 nodes 21277 color_prunes 21277 size_prunes 0 maxdepth 11 fallbacks 0 expected 16314246560895731420237524 closed 16314246560895731420237524 seconds 1.34268 labels 1 5 6 25 33 57 77
root 724 h 7 pool 370 nodes 5900 color_prunes 5900 size_prunes 0 maxdepth 11 fallbacks 0 expected 16314246560895731420237524 closed 16314246560895731420237524 seconds 0.440034 labels 1 5 6 25 33 58 114
root 726 h 7 pool 368 nodes 5147 color_prunes 5147 size_prunes 0 maxdepth 11 fallbacks 0 expected 16314246560895731420237524 closed 16314246560895731420237524 seconds 0.393829 labels 1 5 6 25 33 59 114
root 725 h 7 pool 381 nodes 16496 color_prunes 16496 size_prunes 0 maxdepth 11 fallbacks 0 expected 16314246560895731420237524 closed 16314246560895731420237524 seconds 1.02102 labels 1 5 6 25 33 59 87
root 729 h 7 pool 376 nodes 11794 color_prunes 11794 size_prunes 0 maxdepth 11 fallbacks 0 expected 16314246560895731420237524 closed 16314246560895731420237524 seconds 0.76331 labels 1 5 6 25 33 64 77
root 727 h 7 pool 380 nodes 17179 color_prunes 17179 size_prunes 0 maxdepth 11 fallbacks 0 expected 16314246560895731420237524 closed 16314246560895731420237524 seconds 1.03421 labels 1 5 6 25 33 64 67
root 728 h 7 pool 383 nodes 19771 color_prunes 19771 size_prunes 0 maxdepth 11 fallbacks 0 expected 16314246560895731420237524 closed 16314246560895731420237524 seconds 1.23925 labels 1 5 6 25 33 64 68
root 730 h 7 pool 376 nodes 11623 color_prunes 11623 size_prunes 0 maxdepth 11 fallbacks 0 expected 16314246560895731420237524 closed 16314246560895731420237524 seconds 0.722121 labels 1 5 6 25 33 64 83
root 732 h 7 pool 370 nodes 5724 color_prunes 5724 size_prunes 0 maxdepth 11 fallbacks 0 expected 16314246560895731420237524 closed 16314246560895731420237524 seconds 0.421188 labels 1 5 6 25 33 64 113
root 733 h 7 pool 368 nodes 5153 color_prunes 5153 size_prunes 0 maxdepth 11 fallbacks 0 expected 16314246560895731420237524 closed 16314246560895731420237524 seconds 0.404331 labels 1 5 6 25 33 64 114
root 734 h 7 pool 368 nodes 5305 color_prunes 5305 size_prunes 0 maxdepth 11 fallbacks 0 expected 16314246560895731420237524 closed 16314246560895731420237524 seconds 0.407758 labels 1 5 6 25 33 65 76
root 735 h 7 pool 369 nodes 5622 color_prunes 5622 size_prunes 0 maxdepth 11 fallbacks 0 expected 16314246560895731420237524 closed 16314246560895731420237524 seconds 0.427252 labels 1 5 6 25 33 65 81
root 731 h 7 pool 383 nodes 20048 color_prunes 20048 size_prunes 0 maxdepth 11 fallbacks 0 expected 16314246560895731420237524 closed 16314246560895731420237524 seconds 1.22715 labels 1 5 6 25 33 64 87
root 738 h 7 pool 366 nodes 4699 color_prunes 4699 size_prunes 0 maxdepth 11 fallbacks 0 expected 16314246560895731420237524 closed 16314246560895731420237524 seconds 0.385327 labels 1 5 6 25 33 65 113
root 737 h 7 pool 368 nodes 5958 color_prunes 5958 size_prunes 0 maxdepth 11 fallbacks 0 expected 16314246560895731420237524 closed 16314246560895731420237524 seconds 0.444439 labels 1 5 6 25 33 65 108
root 736 h 7 pool 376 nodes 11859 color_prunes 11859 size_prunes 0 maxdepth 11 fallbacks 0 expected 16314246560895731420237524 closed 16314246560895731420237524 seconds 0.717804 labels 1 5 6 25 33 65 106
root 739 h 7 pool 367 nodes 5153 color_prunes 5153 size_prunes 0 maxdepth 11 fallbacks 0 expected 16314246560895731420237524 closed 16314246560895731420237524 seconds 0.407298 labels 1 5 6 25 33 66 76
root 741 h 7 pool 368 nodes 5071 color_prunes 5071 size_prunes 0 maxdepth 11 fallbacks 0 expected 16314246560895731420237524 closed 16314246560895731420237524 seconds 0.396508 labels 1 5 6 25 33 66 81
root 740 h 7 pool 374 nodes 9547 color_prunes 9547 size_prunes 0 maxdepth 11 fallbacks 0 expected 16314246560895731420237524 closed 16314246560895731420237524 seconds 0.60966 labels 1 5 6 25 33 66 80
root 743 h 7 pool 367 nodes 5268 color_prunes 5268 size_prunes 0 maxdepth 11 fallbacks 0 expected 16314246560895731420237524 closed 16314246560895731420237524 seconds 0.421503 labels 1 5 6 25 33 66 108
root 744 h 7 pool 369 nodes 5421 color_prunes 5421 size_prunes 0 maxdepth 11 fallbacks 0 expected 16314246560895731420237524 closed 16314246560895731420237524 seconds 0.413185 labels 1 5 6 25 33 66 113
root 742 h 7 pool 375 nodes 10994 color_prunes 10994 size_prunes 0 maxdepth 11 fallbacks 0 expected 16314246560895731420237524 closed 16314246560895731420237524 seconds 0.687599 labels 1 5 6 25 33 66 98
root 745 h 7 pool 370 nodes 5892 color_prunes 5892 size_prunes 0 maxdepth 11 fallbacks 0 expected 16314246560895731420237524 closed 16314246560895731420237524 seconds 0.434765 labels 1 5 6 25 33 66 114
root 746 h 7 pool 366 nodes 4691 color_prunes 4691 size_prunes 0 maxdepth 11 fallbacks 0 expected 16314246560895731420237524 closed 16314246560895731420237524 seconds 0.3846 labels 1 5 6 25 33 67 80
root 747 h 7 pool 366 nodes 4847 color_prunes 4847 size_prunes 0 maxdepth 11 fallbacks 0 expected 16314246560895731420237524 closed 16314246560895731420237524 seconds 0.399619 labels 1 5 6 25 33 67 114
root 750 h 7 pool 368 nodes 5090 color_prunes 5090 size_prunes 0 maxdepth 11 fallbacks 0 expected 16314246560895731420237524 closed 16314246560895731420237524 seconds 0.45779 labels 1 5 6 25 33 68 114
root 748 h 7 pool 376 nodes 10768 color_prunes 10768 size_prunes 0 maxdepth 11 fallbacks 0 expected 16314246560895731420237524 closed 16314246560895731420237524 seconds 0.748905 labels 1 5 6 25 33 68 83
root 749 h 7 pool 380 nodes 15468 color_prunes 15468 size_prunes 0 maxdepth 11 fallbacks 0 expected 16314246560895731420237524 closed 16314246560895731420237524 seconds 0.812338 labels 1 5 6 25 33 68 98
root 753 h 7 pool 368 nodes 5281 color_prunes 5281 size_prunes 0 maxdepth 11 fallbacks 0 expected 16314246560895731420237524 closed 16314246560895731420237524 seconds 0.408942 labels 1 5 6 25 33 76 113
root 751 h 7 pool 378 nodes 14414 color_prunes 14414 size_prunes 0 maxdepth 11 fallbacks 0 expected 16314246560895731420237524 closed 16314246560895731420237524 seconds 0.93495 labels 1 5 6 25 33 76 80
root 754 h 7 pool 366 nodes 4887 color_prunes 4887 size_prunes 0 maxdepth 11 fallbacks 0 expected 16314246560895731420237524 closed 16314246560895731420237524 seconds 0.396395 labels 1 5 6 25 33 76 114
root 752 h 7 pool 377 nodes 12548 color_prunes 12548 size_prunes 0 maxdepth 11 fallbacks 0 expected 16314246560895731420237524 closed 16314246560895731420237524 seconds 0.792165 labels 1 5 6 25 33 76 108
root 757 h 7 pool 368 nodes 5102 color_prunes 5102 size_prunes 0 maxdepth 11 fallbacks 0 expected 16314246560895731420237524 closed 16314246560895731420237524 seconds 0.404886 labels 1 5 6 25 33 77 113
root 756 h 7 pool 374 nodes 9309 color_prunes 9309 size_prunes 0 maxdepth 11 fallbacks 0 expected 16314246560895731420237524 closed 16314246560895731420237524 seconds 0.618943 labels 1 5 6 25 33 77 108
root 758 h 7 pool 377 nodes 12638 color_prunes 12638 size_prunes 0 maxdepth 11 fallbacks 0 expected 16314246560895731420237524 closed 16314246560895731420237524 seconds 0.785237 labels 1 5 6 25 33 80 98
root 760 h 7 pool 368 nodes 5959 color_prunes 5959 size_prunes 0 maxdepth 11 fallbacks 0 expected 16314246560895731420237524 closed 16314246560895731420237524 seconds 0.442717 labels 1 5 6 25 33 87 108
root 759 h 7 pool 375 nodes 10419 color_prunes 10419 size_prunes 0 maxdepth 11 fallbacks 0 expected 16314246560895731420237524 closed 16314246560895731420237524 seconds 0.664399 labels 1 5 6 25 33 83 87
root 761 h 7 pool 367 nodes 4942 color_prunes 4942 size_prunes 0 maxdepth 11 fallbacks 0 expected 16314246560895731420237524 closed 16314246560895731420237524 seconds 0.426107 labels 1 5 6 25 33 87 113
root 762 h 7 pool 368 nodes 5178 color_prunes 5178 size_prunes 0 maxdepth 11 fallbacks 0 expected 16314246560895731420237524 closed 16314246560895731420237524 seconds 0.437612 labels 1 5 6 25 33 87 114
root 755 h 7 pool 386 nodes 29657 color_prunes 29657 size_prunes 0 maxdepth 12 fallbacks 0 expected 16314246560895731420237524 closed 16314246560895731420237524 seconds 1.73983 labels 1 5 6 25 33 77 106
root 763 h 7 pool 383 nodes 18264 color_prunes 18264 size_prunes 0 maxdepth 11 fallbacks 0 expected 16314246560895731420237524 closed 16314246560895731420237524 seconds 1.16781 labels 1 5 6 25 33 98 106
root 766 h 7 pool 378 nodes 13743 color_prunes 13743 size_prunes 0 maxdepth 11 fallbacks 0 expected 16314246560895731420237524 closed 16314246560895731420237524 seconds 0.916407 labels 1 5 6 25 34 51 83
root 765 h 7 pool 382 nodes 19149 color_prunes 19149 size_prunes 0 maxdepth 11 fallbacks 0 expected 16314246560895731420237524 closed 16314246560895731420237524 seconds 1.07779 labels 1 5 6 25 34 51 81
root 767 h 7 pool 367 nodes 5220 color_prunes 5220 size_prunes 0 maxdepth 11 fallbacks 0 expected 16314246560895731420237524 closed 16314246560895731420237524 seconds 0.40475 labels 1 5 6 25 34 51 88
root 764 h 7 pool 386 nodes 27055 color_prunes 27055 size_prunes 0 maxdepth 12 fallbacks 0 expected 16314246560895731420237524 closed 16314246560895731420237524 seconds 1.76373 labels 1 5 6 25 34 51 55
root 770 h 7 pool 371 nodes 7531 color_prunes 7531 size_prunes 0 maxdepth 11 fallbacks 0 expected 16314246560895731420237524 closed 16314246560895731420237524 seconds 0.505049 labels 1 5 6 25 34 51 117
root 768 h 7 pool 377 nodes 15207 color_prunes 15207 size_prunes 0 maxdepth 11 fallbacks 0 expected 16314246560895731420237524 closed 16314246560895731420237524 seconds 0.937976 labels 1 5 6 25 34 51 107
root 769 h 7 pool 383 nodes 20929 color_prunes 20929 size_prunes 0 maxdepth 11 fallbacks 0 expected 16314246560895731420237524 closed 16314246560895731420237524 seconds 1.28766 labels 1 5 6 25 34 51 109
root 772 h 7 pool 380 nodes 21684 color_prunes 21684 size_prunes 0 maxdepth 11 fallbacks 0 expected 16314246560895731420237524 closed 16314246560895731420237524 seconds 1.32106 labels 1 5 6 25 34 53 84
root 774 h 7 pool 380 nodes 17398 color_prunes 17398 size_prunes 0 maxdepth 11 fallbacks 0 expected 16314246560895731420237524 closed 16314246560895731420237524 seconds 0.84752 labels 1 5 6 25 34 53 109
root 771 h 7 pool 385 nodes 25804 color_prunes 25804 size_prunes 0 maxdepth 11 fallbacks 0 expected 16314246560895731420237524 closed 16314246560895731420237524 seconds 1.69984 labels 1 5 6 25 34 53 81
root 775 h 7 pool 380 nodes 15994 color_prunes 15994 size_prunes 0 maxdepth 11 fallbacks 0 expected 16314246560895731420237524 closed 16314246560895731420237524 seconds 1.11213 labels 1 5 6 25 34 55 72
root 773 h 7 pool 388 nodes 38327 color_prunes 38327 size_prunes 0 maxdepth 12 fallbacks 0 expected 16314246560895731420237524 closed 16314246560895731420237524 seconds 2.36086 labels 1 5 6 25 34 53 107
root 776 h 7 pool 379 nodes 17872 color_prunes 17872 size_prunes 0 maxdepth 11 fallbacks 0 expected 16314246560895731420237524 closed 16314246560895731420237524 seconds 1.12391 labels 1 5 6 25 34 55 77
root 777 h 7 pool 379 nodes 15886 color_prunes 15886 size_prunes 0 maxdepth 11 fallbacks 0 expected 16314246560895731420237524 closed 16314246560895731420237524 seconds 1.11393 labels 1 5 6 25 34 55 83
root 779 h 7 pool 377 nodes 13929 color_prunes 13929 size_prunes 0 maxdepth 11 fallbacks 0 expected 16314246560895731420237524 closed 16314246560895731420237524 seconds 0.845294 labels 1 5 6 25 34 55 117
root 781 h 7 pool 378 nodes 14250 color_prunes 14250 size_prunes 0 maxdepth 11 fallbacks 0 expected 16314246560895731420237524 closed 16314246560895731420237524 seconds 0.912807 labels 1 5 6 25 34 56 77
root 778 h 7 pool 384 nodes 22977 color_prunes 22977 size_prunes 0 maxdepth 11 fallbacks 0 expected 16314246560895731420237524 closed 16314246560895731420237524 seconds 1.3947 labels 1 5 6 25 34 55 84
root 780 h 7 pool 383 nodes 22107 color_prunes 22107 size_prunes 0 maxdepth 12 fallbacks 0 expected 16314246560895731420237524 closed 16314246560895731420237524 seconds 1.41478 labels 1 5 6 25 34 56 76
root 783 h 7 pool 377 nodes 13546 color_prunes 13546 size_prunes 0 maxdepth 11 fallbacks 0 expected 16314246560895731420237524 closed 16314246560895731420237524 seconds 0.850205 labels 1 5 6 25 34 56 117
root 782 h 7 pool 382 nodes 17767 color_prunes 17767 size_prunes 0 maxdepth 11 fallbacks 0 expected 16314246560895731420237524 closed 16314246560895731420237524 seconds 1.09062 labels 1 5 6 25 34 56 109
root 785 h 7 pool 374 nodes 10466 color_prunes 10466 size_prunes 0 maxdepth 11 fallbacks 0 expected 16314246560895731420237524 closed 16314246560895731420237524 seconds 0.686406 labels 1 5 6 25 34 61 77
root 786 h 7 pool 377 nodes 12041 color_prunes 12041 size_prunes 0 maxdepth 11 fallbacks 0 expected 16314246560895731420237524 closed 16314246560895731420237524 seconds 0.745397 labels 1 5 6 25 34 61 81
root 787 h 7 pool 381 nodes 16197 color_prunes 16197 size_prunes 0 maxdepth 11 fallbacks 0 expected 16314246560895731420237524 closed 16314246560895731420237524 seconds 0.99871 labels 1 5 6 25 34 61 98
root 788 h 7 pool 380 nodes 16706 color_prunes 16706 size_prunes 0 maxdepth 11 fallbacks 0 expected 16314246560895731420237524 closed 16314246560895731420237524 seconds 0.986705 labels 1 5 6 25 34 66 76
root 784 h 7 pool 387 nodes 31764 color_prunes 31764 size_prunes 0 maxdepth 12 fallbacks 0 expected 16314246560895731420237524 closed 16314246560895731420237524 seconds 1.94455 labels 1 5 6 25 34 61 65
root 789 h 7 pool 378 nodes 11657 color_prunes 11657 size_prunes 0 maxdepth 11 fallbacks 0 expected 16314246560895731420237524 closed 16314246560895731420237524 seconds 0.745525 labels 1 5 6 25 34 66 81
root 791 h 7 pool 378 nodes 14523 color_prunes 14523 size_prunes 0 maxdepth 11 fallbacks 0 expected 16314246560895731420237524 closed 16314246560895731420237524 seconds 0.8525 labels 1 5 6 25 34 72 109
root 792 h 7 pool 379 nodes 16731 color_prunes 16731 size_prunes 0 maxdepth 11 fallbacks 0 expected 16314246560895731420237524 closed 16314246560895731420237524 seconds 0.988156 labels 1 5 6 25 34 76 88
root 790 h 7 pool 387 nodes 30217 color_prunes 30217 size_prunes 0 maxdepth 11 fallbacks 0 expected 16314246560895731420237524 closed 16314246560895731420237524 seconds 1.80506 labels 1 5 6 25 34 72 107
root 795 h 7 pool 379 nodes 15174 color_prunes 15174 size_prunes 0 maxdepth 11 fallbacks 0 expected 16314246560895731420237524 closed 16314246560895731420237524 seconds 0.88652 labels 1 5 6 25 34 76 117
root 793 h 7 pool 386 nodes 29597 color_prunes 29597 size_prunes 0 maxdepth 11 fallbacks 0 expected 16314246560895731420237524 closed 16314246560895731420237524 seconds 1.80442 labels 1 5 6 25 34 76 107
root 794 h 7 pool 382 nodes 20317 color_prunes 20317 size_prunes 0 maxdepth 11 fallbacks 0 expected 16314246560895731420237524 closed 16314246560895731420237524 seconds 1.26895 labels 1 5 6 25 34 76 109
root 797 h 7 pool 380 nodes 16969 color_prunes 16969 size_prunes 0 maxdepth 11 fallbacks 0 expected 16314246560895731420237524 closed 16314246560895731420237524 seconds 1.02793 labels 1 5 6 25 34 77 109
root 798 h 7 pool 382 nodes 15683 color_prunes 15683 size_prunes 0 maxdepth 11 fallbacks 0 expected 16314246560895731420237524 closed 16314246560895731420237524 seconds 0.974127 labels 1 5 6 25 34 81 98
root 799 h 7 pool 381 nodes 17098 color_prunes 17098 size_prunes 0 maxdepth 11 fallbacks 0 expected 16314246560895731420237524 closed 16314246560895731420237524 seconds 0.996353 labels 1 5 6 25 34 81 109
root 801 h 7 pool 373 nodes 8172 color_prunes 8172 size_prunes 0 maxdepth 11 fallbacks 0 expected 16314246560895731420237524 closed 16314246560895731420237524 seconds 0.55346 labels 1 5 6 25 37 51 64
root 796 h 7 pool 388 nodes 38324 color_prunes 38324 size_prunes 0 maxdepth 12 fallbacks 0 expected 16314246560895731420237524 closed 16314246560895731420237524 seconds 2.38542 labels 1 5 6 25 34 77 107
root 802 h 7 pool 381 nodes 17849 color_prunes 17849 size_prunes 0 maxdepth 11 fallbacks 0 expected 16314246560895731420237524 closed 16314246560895731420237524 seconds 1.03815 labels 1 5 6 25 37 51 83
root 803 h 7 pool 374 nodes 9236 color_prunes 9236 size_prunes 0 maxdepth 11 fallbacks 0 expected 16314246560895731420237524 closed 16314246560895731420237524 seconds 0.618301 labels 1 5 6 25 37 51 85
root 800 h 7 pool 385 nodes 22784 color_prunes 22784 size_prunes 0 maxdepth 12 fallbacks 0 expected 16314246560895731420237524 closed 16314246560895731420237524 seconds 1.36631 labels 1 5 6 25 37 51 63
root 804 h 7 pool 374 nodes 8692 color_prunes 8692 size_prunes 0 maxdepth 11 fallbacks 0 expected 16314246560895731420237524 closed 16314246560895731420237524 seconds 0.57704 labels 1 5 6 25 37 51 91
root 805 h 7 pool 376 nodes 10927 color_prunes 10927 size_prunes 0 maxdepth 11 fallbacks 0 expected 16314246560895731420237524 closed 16314246560895731420237524 seconds 0.728435 labels 1 5 6 25 37 53 61
root 808 h 7 pool 372 nodes 8486 color_prunes 8486 size_prunes 0 maxdepth 11 fallbacks 0 expected 16314246560895731420237524 closed 16314246560895731420237524 seconds 0.584296 labels 1 5 6 25 37 53 122
root 806 h 7 pool 377 nodes 15207 color_prunes 15207 size_prunes 0 maxdepth 11 fallbacks 0 expected 16314246560895731420237524 closed 16314246560895731420237524 seconds 0.933591 labels 1 5 6 25 37 53 98
root 807 h 7 pool 378 nodes 14487 color_prunes 14487 size_prunes 0 maxdepth 11 fallbacks 0 expected 16314246560895731420237524 closed 16314246560895731420237524 seconds 0.819298 labels 1 5 6 25 37 53 109
root 809 h 7 pool 374 nodes 9911 color_prunes 9911 size_prunes 0 maxdepth 11 fallbacks 0 expected 16314246560895731420237524 closed 16314246560895731420237524 seconds 0.649729 labels 1 5 6 25 37 57 85
root 812 h 7 pool 380 nodes 18043 color_prunes 18043 size_prunes 0 maxdepth 11 fallbacks 0 expected 16314246560895731420237524 closed 16314246560895731420237524 seconds 1.03576 labels 1 5 6 25 37 58 94
root 813 h 7 pool 384 nodes 19408 color_prunes 19408 size_prunes 0 maxdepth 11 fallbacks 0 expected 16314246560895731420237524 closed 16314246560895731420237524 seconds 1.1869 labels 1 5 6 25 37 58 109
root 811 h 7 pool 386 nodes 24641 color_prunes 24641 size_prunes 0 maxdepth 11 fallbacks 0 expected 16314246560895731420237524 closed 16314246560895731420237524 seconds 1.57572 labels 1 5 6 25 37 58 89
root 810 h 7 pool 388 nodes 29802 color_prunes 29802 size_prunes 0 maxdepth 11 fallbacks 0 expected 16314246560895731420237524 closed 16314246560895731420237524 seconds 1.80482 labels 1 5 6 25 37 58 83
root 814 h 7 pool 381 nodes 17467 color_prunes 17467 size_prunes 0 maxdepth 11 fallbacks 0 expected 16314246560895731420237524 closed 16314246560895731420237524 seconds 1.06512 labels 1 5 6 25 37 58 114
root 815 h 7 pool 379 nodes 13514 color_prunes 13514 size_prunes 0 maxdepth 11 fallbacks 0 expected 16314246560895731420237524 closed 16314246560895731420237524 seconds 0.844353 labels 1 5 6 25 37 63 83
root 817 h 7 pool 377 nodes 12594 color_prunes 12594 size_prunes 0 maxdepth 11 fallbacks 0 expected 16314246560895731420237524 closed 16314246560895731420237524 seconds 0.772956 labels 1 5 6 25 37 63 114
root 818 h 7 pool 382 nodes 17043 color_prunes 17043 size_prunes 0 maxdepth 11 fallbacks 0 expected 16314246560895731420237524 closed 16314246560895731420237524 seconds 1.02937 labels 1 5 6 25 37 63 122
root 820 h 7 pool 379 nodes 13147 color_prunes 13147 size_prunes 0 maxdepth 12 fallbacks 0 expected 16314246560895731420237524 closed 16314246560895731420237524 seconds 0.797674 labels 1 5 6 25 37 64 83
root 819 h 7 pool 380 nodes 16263 color_prunes 16263 size_prunes 0 maxdepth 11 fallbacks 0 expected 16314246560895731420237524 closed 16314246560895731420237524 seconds 1.00984 labels 1 5 6 25 37 64 77
root 816 h 7 pool 388 nodes 31741 color_prunes 31741 size_prunes 0 maxdepth 11 fallbacks 0 expected 16314246560895731420237524 closed 16314246560895731420237524 seconds 1.97719 labels 1 5 6 25 37 63 98
root 821 h 7 pool 376 nodes 10636 color_prunes 10636 size_prunes 0 maxdepth 11 fallbacks 0 expected 16314246560895731420237524 closed 16314246560895731420237524 seconds 0.701215 labels 1 5 6 25 37 64 109
root 822 h 7 pool 375 nodes 11475 color_prunes 11475 size_prunes 0 maxdepth 11 fallbacks 0 expected 16314246560895731420237524 closed 16314246560895731420237524 seconds 0.706285 labels 1 5 6 25 37 64 114
root 824 h 7 pool 379 nodes 14812 color_prunes 14812 size_prunes 0 maxdepth 11 fallbacks 0 expected 16314246560895731420237524 closed 16314246560895731420237524 seconds 0.880693 labels 1 5 6 25 37 77 109
root 823 h 7 pool 383 nodes 20643 color_prunes 20643 size_prunes 0 maxdepth 11 fallbacks 0 expected 16314246560895731420237524 closed 16314246560895731420237524 seconds 1.26862 labels 1 5 6 25 37 64 121
root 825 h 7 pool 381 nodes 14186 color_prunes 14186 size_prunes 0 maxdepth 11 fallbacks 0 expected 16314246560895731420237524 closed 16314246560895731420237524 seconds 0.937344 labels 1 5 6 25 37 83 91
root 826 h 7 pool 378 nodes 11010 color_prunes 11010 size_prunes 0 maxdepth 11 fallbacks 0 expected 16314246560895731420237524 closed 16314246560895731420237524 seconds 0.739636 labels 1 5 6 25 37 83 121
root 828 h 7 pool 383 nodes 18762 color_prunes 18762 size_prunes 0 maxdepth 11 fallbacks 0 expected 16314246560895731420237524 closed 16314246560895731420237524 seconds 1.14611 labels 1 5 6 25 37 89 109
root 830 h 7 pool 382 nodes 16985 color_prunes 16985 size_prunes 0 maxdepth 11 fallbacks 0 expected 16314246560895731420237524 closed 16314246560895731420237524 seconds 1.05455 labels 1 5 6 25 37 89 121
root 829 h 7 pool 383 nodes 18148 color_prunes 18148 size_prunes 0 maxdepth 11 fallbacks 0 expected 16314246560895731420237524 closed 16314246560895731420237524 seconds 1.13743 labels 1 5 6 25 37 89 114
root 827 h 7 pool 389 nodes 27711 color_prunes 27711 size_prunes 0 maxdepth 12 fallbacks 0 expected 16314246560895731420237524 closed 16314246560895731420237524 seconds 1.80043 labels 1 5 6 25 37 89 97
root 831 h 7 pool 377 nodes 12838 color_prunes 12838 size_prunes 0 maxdepth 11 fallbacks 0 expected 16314246560895731420237524 closed 16314246560895731420237524 seconds 0.779388 labels 1 5 6 25 37 94 109
root 832 h 7 pool 376 nodes 11211 color_prunes 11211 size_prunes 0 maxdepth 11 fallbacks 0 expected 16314246560895731420237524 closed 16314246560895731420237524 seconds 0.734102 labels 1 5 6 25 37 94 114
root 834 h 7 pool 371 nodes 7364 color_prunes 7364 size_prunes 0 maxdepth 11 fallbacks 0 expected 16314246560895731420237524 closed 16314246560895731420237524 seconds 0.524673 labels 1 5 6 25 38 51 88
root 835 h 7 pool 364 nodes 4470 color_prunes 4470 size_prunes 0 maxdepth 11 fallbacks 0 expected 16314246560895731420237524 closed 16314246560895731420237524 seconds 0.383297 labels 1 5 6 25 38 51 108
root 833 h 7 pool 382 nodes 19347 color_prunes 19347 size_prunes 0 maxdepth 11 fallbacks 0 expected 16314246560895731420237524 closed 16314246560895731420237524 seconds 1.07053 labels 1 5 6 25 37 109 122
root 837 h 7 pool 367 nodes 4893 color_prunes 4893 size_prunes 0 maxdepth 11 fallbacks 0 expected 16314246560895731420237524 closed 16314246560895731420237524 seconds 0.395807 labels 1 5 6 25 38 53 61
root 836 h 7 pool 375 nodes 9966 color_prunes 9966 size_prunes 0 maxdepth 11 fallbacks 0 expected 16314246560895731420237524 closed 16314246560895731420237524 seconds 0.645998 labels 1 5 6 25 38 51 109
root 839 h 7 pool 366 nodes 4727 color_prunes 4727 size_prunes 0 maxdepth 11 fallbacks 0 expected 16314246560895731420237524 closed 16314246560895731420237524 seconds 0.387889 labels 1 5 6 25 38 53 94
root 838 h 7 pool 374 nodes 9947 color_prunes 9947 size_prunes 0 maxdepth 11 fallbacks 0 expected 16314246560895731420237524 closed 16314246560895731420237524 seconds 0.659428 labels 1 5 6 25 38 53 88
root 842 h 7 pool 368 nodes 5137 color_prunes 5137 size_prunes 0 maxdepth 11 fallbacks 0 expected 16314246560895731420237524 closed 16314246560895731420237524 seconds 0.396405 labels 1 5 6 25 38 53 114
root 841 h 7 pool 373 nodes 9087 color_prunes 9087 size_prunes 0 maxdepth 11 fallbacks 0 expected 16314246560895731420237524 closed 16314246560895731420237524 seconds 0.59403 labels 1 5 6 25 38 53 109
root 843 h 7 pool 367 nodes 4822 color_prunes 4822 size_prunes 0 maxdepth 11 fallbacks 0 expected 16314246560895731420237524 closed 16314246560895731420237524 seconds 0.396789 labels 1 5 6 25 38 55 72
root 840 h 7 pool 378 nodes 15299 color_prunes 15299 size_prunes 0 maxdepth 11 fallbacks 0 expected 16314246560895731420237524 closed 16314246560895731420237524 seconds 0.917603 labels 1 5 6 25 38 53 98
root 844 h 7 pool 369 nodes 5508 color_prunes 5508 size_prunes 0 maxdepth 11 fallbacks 0 expected 16314246560895731420237524 closed 16314246560895731420237524 seconds 0.424595 labels 1 5 6 25 38 55 108
root 845 h 7 pool 373 nodes 9285 color_prunes 9285 size_prunes 0 maxdepth 11 fallbacks 0 expected 16314246560895731420237524 closed 16314246560895731420237524 seconds 0.600182 labels 1 5 6 25 38 55 113
root 848 h 7 pool 375 nodes 11201 color_prunes 11201 size_prunes 0 maxdepth 11 fallbacks 0 expected 16314246560895731420237524 closed 16314246560895731420237524 seconds 0.6913 labels 1 5 6 25 38 64 88
root 846 h 7 pool 379 nodes 15258 color_prunes 15258 size_prunes 0 maxdepth 11 fallbacks 0 expected 16314246560895731420237524 closed 16314246560895731420237524 seconds 0.947265 labels 1 5 6 25 38 57 77
root 849 h 7 pool 377 nodes 11251 color_prunes 11251 size_prunes 0 maxdepth 11 fallbacks 0 expected 16314246560895731420237524 closed 16314246560895731420237524 seconds 0.684087 labels 1 5 6 25 38 64 109
root 850 h 7 pool 370 nodes 6243 color_prunes 6243 size_prunes 0 maxdepth 11 fallbacks 0 expected 16314246560895731420237524 closed 16314246560895731420237524 seconds 0.487872 labels 1 5 6 25 38 64 113
root 847 h 7 pool 384 nodes 20690 color_prunes 20690 size_prunes 0 maxdepth 11 fallbacks 0 expected 16314246560895731420237524 closed 16314246560895731420237524 seconds 1.33897 labels 1 5 6 25 38 64 77
root 851 h 7 pool 369 nodes 5265 color_prunes 5265 size_prunes 0 maxdepth 11 fallbacks 0 expected 16314246560895731420237524 closed 16314246560895731420237524 seconds 0.447755 labels 1 5 6 25 38 64 114
root 852 h 7 pool 378 nodes 11248 color_prunes 11248 size_prunes 0 maxdepth 11 fallbacks 0 expected 16314246560895731420237524 closed 16314246560895731420237524 seconds 0.649608 labels 1 5 6 25 38 69 109
root 853 h 7 pool 368 nodes 5232 color_prunes 5232 size_prunes 0 maxdepth 11 fallbacks 0 expected 16314246560895731420237524 closed 16314246560895731420237524 seconds 0.39767 labels 1 5 6 25 38 69 114
root 854 h 7 pool 367 nodes 5121 color_prunes 5121 size_prunes 0 maxdepth 11 fallbacks 0 expected 16314246560895731420237524 closed 16314246560895731420237524 seconds 0.401981 labels 1 5 6 25 38 76 108
root 855 h 7 pool 367 nodes 5249 color_prunes 5249 size_prunes 0 maxdepth 11 fallbacks 0 expected 16314246560895731420237524 closed 16314246560895731420237524 seconds 0.417582 labels 1 5 6 25 38 76 109
root 857 h 7 pool 366 nodes 4663 color_prunes 4663 size_prunes 0 maxdepth 11 fallbacks 0 expected 16314246560895731420237524 closed 16314246560895731420237524 seconds 0.441529 labels 1 5 6 25 38 77 108
root 858 h 7 pool 376 nodes 10629 color_prunes 10629 size_prunes 0 maxdepth 11 fallbacks 0 expected 16314246560895731420237524 closed 16314246560895731420237524 seconds 0.528732 labels 1 5 6 25 38 77 109
root 859 h 7 pool 370 nodes 6524 color_prunes 6524 size_prunes 0 maxdepth 11 fallbacks 0 expected 16314246560895731420237524 closed 16314246560895731420237524 seconds 0.51234 labels 1 5 6 25 38 77 113
root 856 h 7 pool 376 nodes 10429 color_prunes 10429 size_prunes 0 maxdepth 11 fallbacks 0 expected 16314246560895731420237524 closed 16314246560895731420237524 seconds 0.707207 labels 1 5 6 25 38 76 113
root 860 h 7 pool 366 nodes 4751 color_prunes 4751 size_prunes 0 maxdepth 11 fallbacks 0 expected 16314246560895731420237524 closed 16314246560895731420237524 seconds 0.388698 labels 1 5 6 25 38 77 114
root 861 h 7 pool 364 nodes 4425 color_prunes 4425 size_prunes 0 maxdepth 11 fallbacks 0 expected 16314246560895731420237524 closed 16314246560895731420237524 seconds 0.38583 labels 1 5 6 25 38 88 114
root 862 h 7 pool 385 nodes 25741 color_prunes 25741 size_prunes 0 maxdepth 11 fallbacks 0 expected 16314246560895731420237524 closed 16314246560895731420237524 seconds 1.25316 labels 1 5 6 25 51 81 107
root 865 h 7 pool 379 nodes 13839 color_prunes 13839 size_prunes 0 maxdepth 11 fallbacks 0 expected 16314246560895731420237524 closed 16314246560895731420237524 seconds 0.962479 labels 1 5 6 25 51 83 111
root 864 h 7 pool 379 nodes 16183 color_prunes 16183 size_prunes 0 maxdepth 11 fallbacks 0 expected 16314246560895731420237524 closed 16314246560895731420237524 seconds 1.12527 labels 1 5 6 25 51 82 108
root 863 h 7 pool 384 nodes 23072 color_prunes 23072 size_prunes 0 maxdepth 12 fallbacks 0 expected 16314246560895731420237524 closed 16314246560895731420237524 seconds 1.56101 labels 1 5 6 25 51 81 109
root 867 h 7 pool 371 nodes 7846 color_prunes 7846 size_prunes 0 maxdepth 11 fallbacks 0 expected 16314246560895731420237524 closed 16314246560895731420237524 seconds 0.531603 labels 1 5 6 25 51 87 108
root 866 h 7 pool 378 nodes 14292 color_prunes 14292 size_prunes 0 maxdepth 11 fallbacks 0 expected 16314246560895731420237524 closed 16314246560895731420237524 seconds 0.883735 labels 1 5 6 25 51 85 117
root 870 h 7 pool 372 nodes 7866 color_prunes 7866 size_prunes 0 maxdepth 11 fallbacks 0 expected 16314246560895731420237524 closed 16314246560895731420237524 seconds 0.520142 labels 1 5 6 25 51 96 117
root 868 h 7 pool 382 nodes 18906 color_prunes 18906 size_prunes 0 maxdepth 11 fallbacks 0 expected 16314246560895731420237524 closed 16314246560895731420237524 seconds 1.16453 labels 1 5 6 25 51 87 113
root 869 h 7 pool 385 nodes 20005 color_prunes 20005 size_prunes 0 maxdepth 11 fallbacks 0 expected 16314246560895731420237524 closed 16314246560895731420237524 seconds 1.1845 labels 1 5 6 25 51 91 109
root 871 h 7 pool 378 nodes 14008 color_prunes 14008 size_prunes 0 maxdepth 11 fallbacks 0 expected 16314246560895731420237524 closed 16314246560895731420237524 seconds 0.923272 labels 1 5 6 25 53 80 107
root 872 h 7 pool 380 nodes 19868 color_prunes 19868 size_prunes 0 maxdepth 12 fallbacks 0 expected 16314246560895731420237524 closed 16314246560895731420237524 seconds 1.09266 labels 1 5 6 25 53 80 109
root 874 h 7 pool 378 nodes 13676 color_prunes 13676 size_prunes 0 maxdepth 11 fallbacks 0 expected 16314246560895731420237524 closed 16314246560895731420237524 seconds 0.847504 labels 1 5 6 25 53 81 109
root 873 h 7 pool 382 nodes 18769 color_prunes 18769 size_prunes 0 maxdepth 11 fallbacks 0 expected 16314246560895731420237524 closed 16314246560895731420237524 seconds 1.20146 labels 1 5 6 25 53 81 107
root 875 h 7 pool 384 nodes 22737 color_prunes 22737 size_prunes 0 maxdepth 11 fallbacks 0 expected 16314246560895731420237524 closed 16314246560895731420237524 seconds 1.26045 labels 1 5 6 25 53 84 108
root 877 h 7 pool 376 nodes 11294 color_prunes 11294 size_prunes 0 maxdepth 11 fallbacks 0 expected 16314246560895731420237524 closed 16314246560895731420237524 seconds 0.779916 labels 1 5 6 25 53 86 122
root 876 h 7 pool 382 nodes 17080 color_prunes 17080 size_prunes 0 maxdepth 11 fallbacks 0 expected 16314246560895731420237524 closed 16314246560895731420237524 seconds 1.12081 labels 1 5 6 25 53 84 114
root 878 h 7 pool 379 nodes 13042 color_prunes 13042 size_prunes 0 maxdepth 11 fallbacks 0 expected 16314246560895731420237524 closed 16314246560895731420237524 seconds 0.88019 labels 1 5 6 25 53 94 109
root 880 h 7 pool 378 nodes 11735 color_prunes 11735 size_prunes 0 maxdepth 11 fallbacks 0 expected 16314246560895731420237524 closed 16314246560895731420237524 seconds 0.618275 labels 1 5 6 25 56 83 121
root 879 h 7 pool 381 nodes 16232 color_prunes 16232 size_prunes 0 maxdepth 11 fallbacks 0 expected 16314246560895731420237524 closed 16314246560895731420237524 seconds 1.05066 labels 1 5 6 25 53 98 117
root 882 h 7 pool 378 nodes 12919 color_prunes 12919 size_prunes 0 maxdepth 11 fallbacks 0 expected 16314246560895731420237524 closed 16314246560895731420237524 seconds 0.924013 labels 1 5 6 25 57 81 122
root 881 h 7 pool 386 nodes 24943 color_prunes 24943 size_prunes 0 maxdepth 11 fallbacks 0 expected 16314246560895731420237524 closed 16314246560895731420237524 seconds 1.69548 labels 1 5 6 25 57 81 107
root 883 h 7 pool 383 nodes 17642 color_prunes 17642 size_prunes 0 maxdepth 11 fallbacks 0 expected 16314246560895731420237524 closed 16314246560895731420237524 seconds 1.18193 labels 1 5 6 25 58 81 107
root 885 h 7 pool 379 nodes 18909 color_prunes 18909 size_prunes 0 maxdepth 11 fallbacks 0 expected 16314246560895731420237524 closed 16314246560895731420237524 seconds 0.916656 labels 1 5 7 25 27 31 39
root 887 h 7 pool 376 nodes 11142 color_prunes 11142 size_prunes 0 maxdepth 11 fallbacks 0 expected 16314246560895731420237524 closed 16314246560895731420237524 seconds 0.73282 labels 1 5 7 25 27 31 41
root 886 h 7 pool 378 nodes 13816 color_prunes 13816 size_prunes 0 maxdepth 11 fallbacks 0 expected 16314246560895731420237524 closed 16314246560895731420237524 seconds 0.86277 labels 1 5 7 25 27 31 40
root 888 h 7 pool 377 nodes 13091 color_prunes 13091 size_prunes 0 maxdepth 11 fallbacks 0 expected 16314246560895731420237524 closed 16314246560895731420237524 seconds 0.824951 labels 1 5 7 25 27 31 42
root 884 h 7 pool 388 nodes 38501 color_prunes 38501 size_prunes 0 maxdepth 11 fallbacks 0 expected 16314246560895731420237524 closed 16314246560895731420237524 seconds 2.4243 labels 1 5 7 25 27 31 33
root 891 h 7 pool 378 nodes 13448 color_prunes 13448 size_prunes 0 maxdepth 11 fallbacks 0 expected 16314246560895731420237524 closed 16314246560895731420237524 seconds 0.770396 labels 1 5 7 25 27 33 41
root 890 h 7 pool 380 nodes 19675 color_prunes 19675 size_prunes 0 maxdepth 11 fallbacks 0 expected 16314246560895731420237524 closed 16314246560895731420237524 seconds 1.14285 labels 1 5 7 25 27 33 37
root 892 h 7 pool 376 nodes 10997 color_prunes 10997 size_prunes 0 maxdepth 11 fallbacks 0 expected 16314246560895731420237524 closed 16314246560895731420237524 seconds 0.744299 labels 1 5 7 25 27 33 42
root 889 h 7 pool 384 nodes 24778 color_prunes 24778 size_prunes 0 maxdepth 11 fallbacks 0 expected 16314246560895731420237524 closed 16314246560895731420237524 seconds 1.58293 labels 1 5 7 25 27 31 46
root 893 h 7 pool 377 nodes 13075 color_prunes 13075 size_prunes 0 maxdepth 11 fallbacks 0 expected 16314246560895731420237524 closed 16314246560895731420237524 seconds 0.818493 labels 1 5 7 25 27 33 43
root 895 h 7 pool 375 nodes 10744 color_prunes 10744 size_prunes 0 maxdepth 11 fallbacks 0 expected 16314246560895731420237524 closed 16314246560895731420237524 seconds 0.679864 labels 1 5 7 25 27 33 66
root 896 h 7 pool 378 nodes 13891 color_prunes 13891 size_prunes 0 maxdepth 11 fallbacks 0 expected 16314246560895731420237524 closed 16314246560895731420237524 seconds 0.846559 labels 1 5 7 25 27 35 37
root 897 h 7 pool 375 nodes 10948 color_prunes 10948 size_prunes 0 maxdepth 11 fallbacks 0 expected 16314246560895731420237524 closed 16314246560895731420237524 seconds 0.704474 labels 1 5 7 25 27 35 38
root 894 h 7 pool 385 nodes 25734 color_prunes 25734 size_prunes 0 maxdepth 11 fallbacks 0 expected 16314246560895731420237524 closed 16314246560895731420237524 seconds 1.45183 labels 1 5 7 25 27 33 49
root 898 h 7 pool 376 nodes 11125 color_prunes 11125 size_prunes 0 maxdepth 11 fallbacks 0 expected 16314246560895731420237524 closed 16314246560895731420237524 seconds 0.774569 labels 1 5 7 25 27 35 41
root 899 h 7 pool 374 nodes 9242 color_prunes 9242 size_prunes 0 maxdepth 11 fallbacks 0 expected 16314246560895731420237524 closed 16314246560895731420237524 seconds 0.67053 labels 1 5 7 25 27 35 43
root 900 h 7 pool 378 nodes 13478 color_prunes 13478 size_prunes 0 maxdepth 11 fallbacks 0 expected 16314246560895731420237524 closed 16314246560895731420237524 seconds 0.823554 labels 1 5 7 25 27 35 46
root 902 h 7 pool 367 nodes 5684 color_prunes 5684 size_prunes 0 maxdepth 11 fallbacks 0 expected 16314246560895731420237524 closed 16314246560895731420237524 seconds 0.437622 labels 1 5 7 25 27 35 57
root 901 h 7 pool 375 nodes 10896 color_prunes 10896 size_prunes 0 maxdepth 11 fallbacks 0 expected 16314246560895731420237524 closed 16314246560895731420237524 seconds 0.711674 labels 1 5 7 25 27 35 49
root 903 h 7 pool 368 nodes 5748 color_prunes 5748 size_prunes 0 maxdepth 11 fallbacks 0 expected 16314246560895731420237524 closed 16314246560895731420237524 seconds 0.442628 labels 1 5 7 25 27 35 69
root 904 h 7 pool 365 nodes 4438 color_prunes 4438 size_prunes 0 maxdepth 11 fallbacks 0 expected 16314246560895731420237524 closed 16314246560895731420237524 seconds 0.382809 labels 1 5 7 25 27 35 71
root 906 h 7 pool 375 nodes 10433 color_prunes 10433 size_prunes 0 maxdepth 11 fallbacks 0 expected 16314246560895731420237524 closed 16314246560895731420237524 seconds 0.5968 labels 1 5 7 25 27 35 111
root 905 h 7 pool 379 nodes 14996 color_prunes 14996 size_prunes 0 maxdepth 11 fallbacks 0 expected 16314246560895731420237524 closed 16314246560895731420237524 seconds 0.831318 labels 1 5 7 25 27 35 109
root 907 h 7 pool 376 nodes 11679 color_prunes 11679 size_prunes 0 maxdepth 11 fallbacks 0 expected 16314246560895731420237524 closed 16314246560895731420237524 seconds 0.773817 labels 1 5 7 25 27 36 38
root 908 h 7 pool 377 nodes 13538 color_prunes 13538 size_prunes 0 maxdepth 11 fallbacks 0 expected 16314246560895731420237524 closed 16314246560895731420237524 seconds 0.849261 labels 1 5 7 25 27 36 39
root 909 h 7 pool 374 nodes 9101 color_prunes 9101 size_prunes 0 maxdepth 11 fallbacks 0 expected 16314246560895731420237524 closed 16314246560895731420237524 seconds 0.631389 labels 1 5 7 25 27 36 40
root 910 h 7 pool 376 nodes 11169 color_prunes 11169 size_prunes 0 maxdepth 11 fallbacks 0 expected 16314246560895731420237524 closed 16314246560895731420237524 seconds 0.744287 labels 1 5 7 25 27 36 42
root 911 h 7 pool 376 nodes 11148 color_prunes 11148 size_prunes 0 maxdepth 11 fallbacks 0 expected 16314246560895731420237524 closed 16314246560895731420237524 seconds 0.73766 labels 1 5 7 25 27 36 46
root 913 h 7 pool 367 nodes 5575 color_prunes 5575 size_prunes 0 maxdepth 11 fallbacks 0 expected 16314246560895731420237524 closed 16314246560895731420237524 seconds 0.410801 labels 1 5 7 25 27 36 68
root 912 h 7 pool 377 nodes 12846 color_prunes 12846 size_prunes 0 maxdepth 11 fallbacks 0 expected 16314246560895731420237524 closed 16314246560895731420237524 seconds 0.843977 labels 1 5 7 25 27 36 49
root 916 h 7 pool 374 nodes 9275 color_prunes 9275 size_prunes 0 maxdepth 11 fallbacks 0 expected 16314246560895731420237524 closed 16314246560895731420237524 seconds 0.607172 labels 1 5 7 25 27 37 41
root 915 h 7 pool 378 nodes 15030 color_prunes 15030 size_prunes 0 maxdepth 11 fallbacks 0 expected 16314246560895731420237524 closed 16314246560895731420237524 seconds 0.849476 labels 1 5 7 25 27 37 40
root 914 h 7 pool 378 nodes 14906 color_prunes 14906 size_prunes 0 maxdepth 12 fallbacks 0 expected 16314246560895731420237524 closed 16314246560895731420237524 seconds 0.933763 labels 1 5 7 25 27 37 39
root 918 h 7 pool 368 nodes 7454 color_prunes 7454 size_prunes 0 maxdepth 11 fallbacks 0 expected 16314246560895731420237524 closed 16314246560895731420237524 seconds 0.529274 labels 1 5 7 25 27 37 57
root 919 h 7 pool 366 nodes 4623 color_prunes 4623 size_prunes 0 maxdepth 11 fallbacks 0 expected 16314246560895731420237524 closed 16314246560895731420237524 seconds 0.39715 labels 1 5 7 25 27 37 82
root 917 h 7 pool 378 nodes 13983 color_prunes 13983 size_prunes 0 maxdepth 11 fallbacks 0 expected 16314246560895731420237524 closed 16314246560895731420237524 seconds 0.872755 labels 1 5 7 25 27 37 46
root 920 h 7 pool 372 nodes 8292 color_prunes 8292 size_prunes 0 maxdepth 11 fallbacks 0 expected 16314246560895731420237524 closed 16314246560895731420237524 seconds 0.480155 labels 1 5 7 25 27 37 94
root 923 h 7 pool 364 nodes 4241 color_prunes 4241 size_prunes 0 maxdepth 11 fallbacks 0 expected 16314246560895731420237524 closed 16314246560895731420237524 seconds 0.404149 labels 1 5 7 25 27 38 81
root 922 h 7 pool 368 nodes 6008 color_prunes 6008 size_prunes 0 maxdepth 11 fallbacks 0 expected 16314246560895731420237524 closed 16314246560895731420237524 seconds 0.495727 labels 1 5 7 25 27 38 61
root 924 h 7 pool 372 nodes 7292 color_prunes 7292 size_prunes 0 maxdepth 11 fallbacks 0 expected 16314246560895731420237524 closed 16314246560895731420237524 seconds 0.418953 labels 1 5 7 25 27 38 93
root 926 h 7 pool 373 nodes 9129 color_prunes 9129 size_prunes 0 maxdepth 11 fallbacks 0 expected 16314246560895731420237524 closed 16314246560895731420237524 seconds 0.592156 labels 1 5 7 25 27 39 42
root 921 h 7 pool 381 nodes 18602 color_prunes 18602 size_prunes 0 maxdepth 11 fallbacks 0 expected 16314246560895731420237524 closed 16314246560895731420237524 seconds 1.20778 labels 1 5 7 25 27 38 44
root 927 h 7 pool 376 nodes 14027 color_prunes 14027 size_prunes 0 maxdepth 11 fallbacks 0 expected 16314246560895731420237524 closed 16314246560895731420237524 seconds 0.85105 labels 1 5 7 25 27 39 43
root 925 h 7 pool 380 nodes 17244 color_prunes 17244 size_prunes 0 maxdepth 11 fallbacks 0 expected 16314246560895731420237524 closed 16314246560895731420237524 seconds 1.02835 labels 1 5 7 25 27 38 106
root 929 h 7 pool 373 nodes 9042 color_prunes 9042 size_prunes 0 maxdepth 11 fallbacks 0 expected 16314246560895731420237524 closed 16314246560895731420237524 seconds 0.490827 labels 1 5 7 25 27 39 59
root 928 h 7 pool 376 nodes 12717 color_prunes 12717 size_prunes 0 maxdepth 11 fallbacks 0 expected 16314246560895731420237524 closed 16314246560895731420237524 seconds 0.785471 labels 1 5 7 25 27 39 49
root 930 h 7 pool 372 nodes 9786 color_prunes 9786 size_prunes 0 maxdepth 11 fallbacks 0 expected 16314246560895731420237524 closed 16314246560895731420237524 seconds 0.658861 labels 1 5 7 25 27 39 65
root 931 h 7 pool 372 nodes 8064 color_prunes 8064 size_prunes 0 maxdepth 11 fallbacks 0 expected 16314246560895731420237524 closed 16314246560895731420237524 seconds 0.578078 labels 1 5 7 25 27 39 71
root 934 h 7 pool 371 nodes 7521 color_prunes 7521 size_prunes 0 maxdepth 11 fallbacks 0 expected 16314246560895731420237524 closed 16314246560895731420237524 seconds 0.518711 labels 1 5 7 25 27 40 68
root 933 h 7 pool 377 nodes 11266 color_prunes 11266 size_prunes 0 maxdepth 11 fallbacks 0 expected 16314246560895731420237524 closed 16314246560895731420237524 seconds 0.690988 labels 1 5 7 25 27 40 66
root 935 h 7 pool 373 nodes 8159 color_prunes 8159 size_prunes 0 maxdepth 11 fallbacks 0 expected 16314246560895731420237524 closed 16314246560895731420237524 seconds 0.533304 labels 1 5 7 25 27 40 71
root 932 h 7 pool 383 nodes 20543 color_prunes 20543 size_prunes 0 maxdepth 11 fallbacks 0 expected 16314246560895731420237524 closed 16314246560895731420237524 seconds 1.26716 labels 1 5 7 25 27 40 49
root 938 h 7 pool 369 nodes 5583 color_prunes 5583 size_prunes 0 maxdepth 11 fallbacks 0 expected 16314246560895731420237524 closed 16314246560895731420237524 seconds 0.432095 labels 1 5 7 25 27 41 65
root 936 h 7 pool 372 nodes 6891 color_prunes 6891 size_prunes 0 maxdepth 11 fallbacks 0 expected 16314246560895731420237524 closed 16314246560895731420237524 seconds 0.476914 labels 1 5 7 25 27 40 94
root 939 h 7 pool 372 nodes 6900 color_prunes 6900 size_prunes 0 maxdepth 11 fallbacks 0 expected 16314246560895731420237524 closed 16314246560895731420237524 seconds 0.524163 labels 1 5 7 25 27 41 69
root 940 h 7 pool 370 nodes 5941 color_prunes 5941 size_prunes 0 maxdepth 11 fallbacks 0 expected 16314246560895731420237524 closed 16314246560895731420237524 seconds 0.423467 labels 1 5 7 25 27 41 85
root 941 h 7 pool 373 nodes 7465 color_prunes 7465 size_prunes 0 maxdepth 11 fallbacks 0 expected 16314246560895731420237524 closed 16314246560895731420237524 seconds 0.447412 labels 1 5 7 25 27 41 94
root 942 h 7 pool 369 nodes 6107 color_prunes 6107 size_prunes 0 maxdepth 11 fallbacks 0 expected 16314246560895731420237524 closed 16314246560895731420237524 seconds 0.305301 labels 1 5 7 25 27 42 62
root 943 h 7 pool 369 nodes 6011 color_prunes 6011 size_prunes 0 maxdepth 11 fallbacks 0 expected 16314246560895731420237524 closed 16314246560895731420237524 seconds 0.505841 labels 1 5 7 25 27 42 66
root 944 h 7 pool 373 nodes 7117 color_prunes 7117 size_prunes 0 maxdepth 11 fallbacks 0 expected 16314246560895731420237524 closed 16314246560895731420237524 seconds 0.545206 labels 1 5 7 25 27 42 89
root 937 h 7 pool 387 nodes 24507 color_prunes 24507 size_prunes 0 maxdepth 12 fallbacks 0 expected 16314246560895731420237524 closed 16314246560895731420237524 seconds 1.58862 labels 1 5 7 25 27 40 106
root 945 h 7 pool 374 nodes 7589 color_prunes 7589 size_prunes 0 maxdepth 11 fallbacks 0 expected 16314246560895731420237524 closed 16314246560895731420237524 seconds 0.512886 labels 1 5 7 25 27 42 93
root 947 h 7 pool 368 nodes 6917 color_prunes 6917 size_prunes 0 maxdepth 11 fallbacks 0 expected 16314246560895731420237524 closed 16314246560895731420237524 seconds 0.48155 labels 1 5 7 25 27 43 61
root 948 h 7 pool 372 nodes 7919 color_prunes 7919 size_prunes 0 maxdepth 11 fallbacks 0 expected 16314246560895731420237524 closed 16314246560895731420237524 seconds 0.568701 labels 1 5 7 25 27 43 67
root 949 h 7 pool 372 nodes 8866 color_prunes 8866 size_prunes 0 maxdepth 11 fallbacks 0 expected 16314246560895731420237524 closed 16314246560895731420237524 seconds 0.609254 labels 1 5 7 25 27 43 69
root 950 h 7 pool 370 nodes 6660 color_prunes 6660 size_prunes 0 maxdepth 11 fallbacks 0 expected 16314246560895731420237524 closed 16314246560895731420237524 seconds 0.393878 labels 1 5 7 25 27 43 71
root 946 h 7 pool 382 nodes 19714 color_prunes 19714 size_prunes 0 maxdepth 11 fallbacks 0 expected 16314246560895731420237524 closed 16314246560895731420237524 seconds 1.25525 labels 1 5 7 25 27 43 46
root 951 h 7 pool 372 nodes 7784 color_prunes 7784 size_prunes 0 maxdepth 11 fallbacks 0 expected 16314246560895731420237524 closed 16314246560895731420237524 seconds 0.542428 labels 1 5 7 25 27 43 88
root 952 h 7 pool 372 nodes 6833 color_prunes 6833 size_prunes 0 maxdepth 11 fallbacks 0 expected 16314246560895731420237524 closed 16314246560895731420237524 seconds 0.479357 labels 1 5 7 25 27 43 93
root 953 h 7 pool 374 nodes 9761 color_prunes 9761 size_prunes 0 maxdepth 11 fallbacks 0 expected 16314246560895731420237524 closed 16314246560895731420237524 seconds 0.632443 labels 1 5 7 25 27 44 65
root 955 h 7 pool 373 nodes 7784 color_prunes 7784 size_prunes 0 maxdepth 11 fallbacks 0 expected 16314246560895731420237524 closed 16314246560895731420237524 seconds 0.50868 labels 1 5 7 25 27 44 93
root 956 h 7 pool 371 nodes 7004 color_prunes 7004 size_prunes 0 maxdepth 11 fallbacks 0 expected 16314246560895731420237524 closed 16314246560895731420237524 seconds 0.47489 labels 1 5 7 25 27 44 94
root 954 h 7 pool 373 nodes 9378 color_prunes 9378 size_prunes 0 maxdepth 11 fallbacks 0 expected 16314246560895731420237524 closed 16314246560895731420237524 seconds 0.594274 labels 1 5 7 25 27 44 71
root 957 h 7 pool 375 nodes 12903 color_prunes 12903 size_prunes 0 maxdepth 11 fallbacks 0 expected 16314246560895731420237524 closed 16314246560895731420237524 seconds 0.79444 labels 1 5 7 25 27 46 68
root 960 h 7 pool 375 nodes 9444 color_prunes 9444 size_prunes 0 maxdepth 11 fallbacks 0 expected 16314246560895731420237524 closed 16314246560895731420237524 seconds 0.611794 labels 1 5 7 25 27 46 94
root 959 h 7 pool 377 nodes 10423 color_prunes 10423 size_prunes 0 maxdepth 11 fallbacks 0 expected 16314246560895731420237524 closed 16314246560895731420237524 seconds 0.705934 labels 1 5 7 25 27 46 93
root 958 h 7 pool 379 nodes 14462 color_prunes 14462 size_prunes 0 maxdepth 11 fallbacks 0 expected 16314246560895731420237524 closed 16314246560895731420237524 seconds 0.98105 labels 1 5 7 25 27 46 89
root 962 h 7 pool 377 nodes 13681 color_prunes 13681 size_prunes 0 maxdepth 11 fallbacks 0 expected 16314246560895731420237524 closed 16314246560895731420237524 seconds 0.73098 labels 1 5 7 25 27 49 88
root 963 h 7 pool 377 nodes 10590 color_prunes 10590 size_prunes 0 maxdepth 11 fallbacks 0 expected 16314246560895731420237524 closed 16314246560895731420237524 seconds 0.643738 labels 1 5 7 25 27 49 93
root 961 h 7 pool 377 nodes 14104 color_prunes 14104 size_prunes 0 maxdepth 11 fallbacks 0 expected 16314246560895731420237524 closed 16314246560895731420237524 seconds 0.973131 labels 1 5 7 25 27 49 69
root 964 h 7 pool 375 nodes 9400 color_prunes 9400 size_prunes 0 maxdepth 11 fallbacks 0 expected 16314246560895731420237524 closed 16314246560895731420237524 seconds 0.710781 labels 1 5 7 25 27 49 94
root 966 h 7 pool 371 nodes 6922 color_prunes 6922 size_prunes 0 maxdepth 11 fallbacks 0 expected 16314246560895731420237524 closed 16314246560895731420237524 seconds 0.349352 labels 1 5 7 25 27 62 71
root 965 h 7 pool 369 nodes 6208 color_prunes 6208 size_prunes 0 maxdepth 11 fallbacks 0 expected 16314246560895731420237524 closed 16314246560895731420237524 seconds 0.566426 labels 1 5 7 25 27 61 71
root 967 h 7 pool 377 nodes 11367 color_prunes 11367 size_prunes 0 maxdepth 11 fallbacks 0 expected 16314246560895731420237524 closed 16314246560895731420237524 seconds 0.61793 labels 1 5 7 25 27 65 71
root 969 h 7 pool 370 nodes 6336 color_prunes 6336 size_prunes 0 maxdepth 11 fallbacks 0 expected 16314246560895731420237524 closed 16314246560895731420237524 seconds 0.505762 labels 1 5 7 25 27 67 71
root 968 h 7 pool 375 nodes 10342 color_prunes 10342 size_prunes 0 maxdepth 11 fallbacks 0 expected 16314246560895731420237524 closed 16314246560895731420237524 seconds 0.604274 labels 1 5 7 25 27 65 94
root 970 h 7 pool 371 nodes 6557 color_prunes 6557 size_prunes 0 maxdepth 11 fallbacks 0 expected 16314246560895731420237524 closed 16314246560895731420237524 seconds 0.483435 labels 1 5 7 25 27 67 111
root 971 h 7 pool 373 nodes 7354 color_prunes 7354 size_prunes 0 maxdepth 11 fallbacks 0 expected 16314246560895731420237524 closed 16314246560895731420237524 seconds 0.516594 labels 1 5 7 25 27 68 71
root 972 h 7 pool 370 nodes 6443 color_prunes 6443 size_prunes 0 maxdepth 11 fallbacks 0 expected 16314246560895731420237524 closed 16314246560895731420237524 seconds 0.475085 labels 1 5 7 25 27 68 111
root 973 h 7 pool 375 nodes 9768 color_prunes 9768 size_prunes 0 maxdepth 11 fallbacks 0 expected 16314246560895731420237524 closed 16314246560895731420237524 seconds 0.625142 labels 1 5 7 25 27 71 111
root 976 h 7 pool 372 nodes 8413 color_prunes 8413 size_prunes 0 maxdepth 11 fallbacks 0 expected 16314246560895731420237524 closed 16314246560895731420237524 seconds 0.575542 labels 1 5 7 25 31 35 69
root 975 h 7 pool 376 nodes 10132 color_prunes 10132 size_prunes 0 maxdepth 11 fallbacks 0 expected 16314246560895731420237524 closed 16314246560895731420237524 seconds 0.653749 labels 1 5 7 25 31 35 67
root 974 h 7 pool 378 nodes 16255 color_prunes 16255 size_prunes 0 maxdepth 11 fallbacks 0 expected 16314246560895731420237524 closed 16314246560895731420237524 seconds 0.944444 labels 1 5 7 25 31 35 47
root 977 h 7 pool 377 nodes 12116 color_prunes 12116 size_prunes 0 maxdepth 11 fallbacks 0 expected 16314246560895731420237524 closed 16314246560895731420237524 seconds 0.745275 labels 1 5 7 25 31 35 97
root 980 h 7 pool 376 nodes 10469 color_prunes 10469 size_prunes 0 maxdepth 11 fallbacks 0 expected 16314246560895731420237524 closed 16314246560895731420237524 seconds 0.692332 labels 1 5 7 25 31 39 67
root 979 h 7 pool 377 nodes 14516 color_prunes 14516 size_prunes 0 maxdepth 11 fallbacks 0 expected 16314246560895731420237524 closed 16314246560895731420237524 seconds 0.81358 labels 1 5 7 25 31 39 63
root 981 h 7 pool 374 nodes 9122 color_prunes 9122 size_prunes 0 maxdepth 11 fallbacks 0 expected 16314246560895731420237524 closed 16314246560895731420237524 seconds 0.581291 labels 1 5 7 25 31 39 69
root 978 h 7 pool 378 nodes 16346 color_prunes 16346 size_prunes 0 maxdepth 11 fallbacks 0 expected 16314246560895731420237524 closed 16314246560895731420237524 seconds 0.988301 labels 1 5 7 25 31 39 46
root 982 h 7 pool 368 nodes 6083 color_prunes 6083 size_prunes 0 maxdepth 11 fallbacks 0 expected 16314246560895731420237524 closed 16314246560895731420237524 seconds 0.451383 labels 1 5 7 25 31 39 76
root 985 h 7 pool 363 nodes 4221 color_prunes 4221 size_prunes 0 maxdepth 11 fallbacks 0 expected 16314246560895731420237524 closed 16314246560895731420237524 seconds 0.375517 labels 1 5 7 25 31 40 66
root 984 h 7 pool 368 nodes 6587 color_prunes 6587 size_prunes 0 maxdepth 11 fallbacks 0 expected 16314246560895731420237524 closed 16314246560895731420237524 seconds 0.466238 labels 1 5 7 25 31 40 63
root 986 h 7 pool 363 nodes 4142 color_prunes 4142 size_prunes 0 maxdepth 11 fallbacks 0 expected 16314246560895731420237524 closed 16314246560895731420237524 seconds 0.354793 labels 1 5 7 25 31 40 67
root 983 h 7 pool 376 nodes 12123 color_prunes 12123 size_prunes 0 maxdepth 11 fallbacks 0 expected 16314246560895731420237524 closed 16314246560895731420237524 seconds 0.737442 labels 1 5 7 25 31 39 96
root 987 h 7 pool 364 nodes 4256 color_prunes 4256 size_prunes 0 maxdepth 11 fallbacks 0 expected 16314246560895731420237524 closed 16314246560895731420237524 seconds 0.370888 labels 1 5 7 25 31 40 81
root 988 h 7 pool 367 nodes 5260 color_prunes 5260 size_prunes 0 maxdepth 11 fallbacks 0 expected 16314246560895731420237524 closed 16314246560895731420237524 seconds 0.423039 labels 1 5 7 25 31 41 63
root 990 h 7 pool 363 nodes 4076 color_prunes 4076 size_prunes 0 maxdepth 11 fallbacks 0 expected 16314246560895731420237524 closed 16314246560895731420237524 seconds 0.352312 labels 1 5 7 25 31 41 69
root 989 h 7 pool 364 nodes 4355 color_prunes 4355 size_prunes 0 maxdepth 11 fallbacks 0 expected 16314246560895731420237524 closed 16314246560895731420237524 seconds 0.381175 labels 1 5 7 25 31 41 65
root 991 h 7 pool 366 nodes 4471 color_prunes 4471 size_prunes 0 maxdepth 11 fallbacks 0 expected 16314246560895731420237524 closed 16314246560895731420237524 seconds 0.369224 labels 1 5 7 25 31 41 80
root 992 h 7 pool 369 nodes 5568 color_prunes 5568 size_prunes 0 maxdepth 11 fallbacks 0 expected 16314246560895731420237524 closed 16314246560895731420237524 seconds 0.421993 labels 1 5 7 25 31 41 85
root 993 h 7 pool 372 nodes 7893 color_prunes 7893 size_prunes 0 maxdepth 11 fallbacks 0 expected 16314246560895731420237524 closed 16314246560895731420237524 seconds 0.510073 labels 1 5 7 25 31 42 66
root 994 h 7 pool 372 nodes 7101 color_prunes 7101 size_prunes 0 maxdepth 11 fallbacks 0 expected 16314246560895731420237524 closed 16314246560895731420237524 seconds 0.510551 labels 1 5 7 25 31 42 85
root 995 h 7 pool 375 nodes 8983 color_prunes 8983 size_prunes 0 maxdepth 11 fallbacks 0 expected 16314246560895731420237524 closed 16314246560895731420237524 seconds 0.613785 labels 1 5 7 25 31 42 89
root 996 h 7 pool 373 nodes 7996 color_prunes 7996 size_prunes 0 maxdepth 11 fallbacks 0 expected 16314246560895731420237524 closed 16314246560895731420237524 seconds 0.569176 labels 1 5 7 25 31 42 97
root 998 h 7 pool 373 nodes 8533 color_prunes 8533 size_prunes 0 maxdepth 11 fallbacks 0 expected 16314246560895731420237524 closed 16314246560895731420237524 seconds 0.560978 labels 1 5 7 25 31 44 65
root 997 h 7 pool 378 nodes 12549 color_prunes 12549 size_prunes 0 maxdepth 11 fallbacks 0 expected 16314246560895731420237524 closed 16314246560895731420237524 seconds 0.800082 labels 1 5 7 25 31 44 63
root 999 h 7 pool 377 nodes 11034 color_prunes 11034 size_prunes 0 maxdepth 11 fallbacks 0 expected 16314246560895731420237524 closed 16314246560895731420237524 seconds 0.709118 labels 1 5 7 25 31 44 76
root 1000 h 7 pool 375 nodes 8847 color_prunes 8847 size_prunes 0 maxdepth 11 fallbacks 0 expected 16314246560895731420237524 closed 16314246560895731420237524 seconds 0.589051 labels 1 5 7 25 31 44 82
root 1001 h 7 pool 371 nodes 6782 color_prunes 6782 size_prunes 0 maxdepth 11 fallbacks 0 expected 16314246560895731420237524 closed 16314246560895731420237524 seconds 0.473272 labels 1 5 7 25 31 44 89
root 1002 h 7 pool 373 nodes 10227 color_prunes 10227 size_prunes 0 maxdepth 11 fallbacks 0 expected 16314246560895731420237524 closed 16314246560895731420237524 seconds 0.650187 labels 1 5 7 25 31 46 58
root 1003 h 7 pool 374 nodes 9290 color_prunes 9290 size_prunes 0 maxdepth 11 fallbacks 0 expected 16314246560895731420237524 closed 16314246560895731420237524 seconds 0.608779 labels 1 5 7 25 31 46 82
root 1005 h 7 pool 376 nodes 11471 color_prunes 11471 size_prunes 0 maxdepth 11 fallbacks 0 expected 16314246560895731420237524 closed 16314246560895731420237524 seconds 0.722544 labels 1 5 7 25 31 47 59
root 1004 h 7 pool 378 nodes 14559 color_prunes 14559 size_prunes 0 maxdepth 11 fallbacks 0 expected 16314246560895731420237524 closed 16314246560895731420237524 seconds 0.885282 labels 1 5 7 25 31 46 113
root 1006 h 7 pool 371 nodes 6714 color_prunes 6714 size_prunes 0 maxdepth 11 fallbacks 0 expected 16314246560895731420237524 closed 16314246560895731420237524 seconds 0.495185 labels 1 5 7 25 31 47 67
root 1007 h 7 pool 375 nodes 10406 color_prunes 10406 size_prunes 0 maxdepth 11 fallbacks 0 expected 16314246560895731420237524 closed 16314246560895731420237524 seconds 0.611845 labels 1 5 7 25 31 59 67
root 1009 h 7 pool 363 nodes 4253 color_prunes 4253 size_prunes 0 maxdepth 11 fallbacks 0 expected 16314246560895731420237524 closed 16314246560895731420237524 seconds 0.395941 labels 1 5 7 25 31 65 81
root 1008 h 7 pool 375 nodes 9736 color_prunes 9736 size_prunes 0 maxdepth 11 fallbacks 0 expected 16314246560895731420237524 closed 16314246560895731420237524 seconds 0.620013 labels 1 5 7 25 31 63 113
root 1011 h 7 pool 365 nodes 4811 color_prunes 4811 size_prunes 0 maxdepth 11 fallbacks 0 expected 16314246560895731420237524 closed 16314246560895731420237524 seconds 0.400572 labels 1 5 7 25 31 66 80
root 1013 h 7 pool 373 nodes 8225 color_prunes 8225 size_prunes 0 maxdepth 12 fallbacks 0 expected 16314246560895731420237524 closed 16314246560895731420237524 seconds 0.488337 labels 1 5 7 25 31 66 113
root 1010 h 7 pool 381 nodes 15595 color_prunes 15595 size_prunes 0 maxdepth 11 fallbacks 0 expected 16314246560895731420237524 closed 16314246560895731420237524 seconds 1.05337 labels 1 5 7 25 31 65 97
root 1014 h 7 pool 378 nodes 11398 color_prunes 11398 size_prunes 0 maxdepth 11 fallbacks 0 expected 16314246560895731420237524 closed 16314246560895731420237524 seconds 0.661241 labels 1 5 7 25 31 67 96
root 1012 h 7 pool 382 nodes 15839 color_prunes 15839 size_prunes 0 maxdepth 11 fallbacks 0 expected 16314246560895731420237524 closed 16314246560895731420237524 seconds 1.12345 labels 1 5 7 25 31 66 96
root 1015 h 7 pool 375 nodes 9171 color_prunes 9171 size_prunes 0 maxdepth 11 fallbacks 0 expected 16314246560895731420237524 closed 16314246560895731420237524 seconds 0.69023 labels 1 5 7 25 31 69 82
root 1017 h 7 pool 373 nodes 7469 color_prunes 7469 size_prunes 0 maxdepth 12 fallbacks 0 expected 16314246560895731420237524 closed 16314246560895731420237524 seconds 0.382975 labels 1 5 7 25 31 69 113
root 1016 h 7 pool 376 nodes 10390 color_prunes 10390 size_prunes 0 maxdepth 11 fallbacks 0 expected 16314246560895731420237524 closed 16314246560895731420237524 seconds 0.716993 labels 1 5 7 25 31 69 97
root 1018 h 7 pool 373 nodes 8722 color_prunes 8722 size_prunes 0 maxdepth 11 fallbacks 0 expected 16314246560895731420237524 closed 16314246560895731420237524 seconds 0.558836 labels 1 5 7 25 31 80 96
root 1019 h 7 pool 365 nodes 4582 color_prunes 4582 size_prunes 0 maxdepth 11 fallbacks 0 expected 16314246560895731420237524 closed 16314246560895731420237524 seconds 0.41823 labels 1 5 7 25 31 81 85
root 1020 h 7 pool 366 nodes 4589 color_prunes 4589 size_prunes 0 maxdepth 11 fallbacks 0 expected 16314246560895731420237524 closed 16314246560895731420237524 seconds 0.445537 labels 1 5 7 25 31 81 89
root 1021 h 7 pool 373 nodes 8184 color_prunes 8184 size_prunes 0 maxdepth 11 fallbacks 0 expected 16314246560895731420237524 closed 16314246560895731420237524 seconds 0.606051 labels 1 5 7 25 31 81 96
root 1022 h 7 pool 373 nodes 8281 color_prunes 8281 size_prunes 0 maxdepth 11 fallbacks 0 expected 16314246560895731420237524 closed 16314246560895731420237524 seconds 0.545652 labels 1 5 7 25 31 81 97
root 1023 h 7 pool 378 nodes 11473 color_prunes 11473 size_prunes 0 maxdepth 11 fallbacks 0 expected 16314246560895731420237524 closed 16314246560895731420237524 seconds 0.642445 labels 1 5 7 25 31 82 97
root 1025 h 7 pool 371 nodes 6523 color_prunes 6523 size_prunes 0 maxdepth 11 fallbacks 0 expected 16314246560895731420237524 closed 16314246560895731420237524 seconds 0.496028 labels 1 5 7 25 31 85 113
root 1026 h 7 pool 373 nodes 8054 color_prunes 8054 size_prunes 0 maxdepth 11 fallbacks 0 expected 16314246560895731420237524 closed 16314246560895731420237524 seconds 0.5418 labels 1 5 7 25 31 89 113
root 1024 h 7 pool 380 nodes 15094 color_prunes 15094 size_prunes 0 maxdepth 11 fallbacks 0 expected 16314246560895731420237524 closed 16314246560895731420237524 seconds 0.993959 labels 1 5 7 25 31 85 97
root 1027 h 7 pool 373 nodes 7589 color_prunes 7589 size_prunes 0 maxdepth 11 fallbacks 0 expected 16314246560895731420237524 closed 16314246560895731420237524 seconds 0.523594 labels 1 5 7 25 31 97 113
root 1028 h 7 pool 373 nodes 8890 color_prunes 8890 size_prunes 0 maxdepth 11 fallbacks 0 expected 16314246560895731420237524 closed 16314246560895731420237524 seconds 0.549879 labels 1 5 7 25 33 37 40
root 1029 h 7 pool 374 nodes 8872 color_prunes 8872 size_prunes 0 maxdepth 11 fallbacks 0 expected 16314246560895731420237524 closed 16314246560895731420237524 seconds 0.568053 labels 1 5 7 25 33 37 46
root 1030 h 7 pool 371 nodes 7913 color_prunes 7913 size_prunes 0 maxdepth 11 fallbacks 0 expected 16314246560895731420237524 closed 16314246560895731420237524 seconds 0.586273 labels 1 5 7 25 33 37 66
root 1031 h 7 pool 373 nodes 7173 color_prunes 7173 size_prunes 0 maxdepth 11 fallbacks 0 expected 16314246560895731420237524 closed 16314246560895731420237524 seconds 0.53169 labels 1 5 7 25 33 37 99
root 1032 h 7 pool 363 nodes 4139 color_prunes 4139 size_prunes 0 maxdepth 11 fallbacks 0 expected 16314246560895731420237524 closed 16314246560895731420237524 seconds 0.382872 labels 1 5 7 25 33 40 62
root 1033 h 7 pool 367 nodes 4573 color_prunes 4573 size_prunes 0 maxdepth 11 fallbacks 0 expected 16314246560895731420237524 closed 16314246560895731420237524 seconds 0.355471 labels 1 5 7 25 33 40 88
root 1034 h 7 pool 361 nodes 3914 color_prunes 3914 size_prunes 0 maxdepth 11 fallbacks 0 expected 16314246560895731420237524 closed 16314246560895731420237524 seconds 0.351432 labels 1 5 7 25 33 41 62
root 1035 h 7 pool 361 nodes 3924 color_prunes 3924 size_prunes 0 maxdepth 11 fallbacks 0 expected 16314246560895731420237524 closed 16314246560895731420237524 seconds 0.353002 labels 1 5 7 25 33 41 68
root 1036 h 7 pool 367 nodes 4678 color_prunes 4678 size_prunes 0 maxdepth 11 fallbacks 0 expected 16314246560895731420237524 closed 16314246560895731420237524 seconds 0.343603 labels 1 5 7 25 33 41 86
root 1037 h 7 pool 365 nodes 4444 color_prunes 4444 size_prunes 0 maxdepth 11 fallbacks 0 expected 16314246560895731420237524 closed 16314246560895731420237524 seconds 0.374991 labels 1 5 7 25 33 42 62
root 1038 h 7 pool 366 nodes 4484 color_prunes 4484 size_prunes 0 maxdepth 11 fallbacks 0 expected 16314246560895731420237524 closed 16314246560895731420237524 seconds 0.364767 labels 1 5 7 25 33 42 65
root 1039 h 7 pool 364 nodes 4338 color_prunes 4338 size_prunes 0 maxdepth 11 fallbacks 0 expected 16314246560895731420237524 closed 16314246560895731420237524 seconds 0.389859 labels 1 5 7 25 33 42 66
root 1040 h 7 pool 364 nodes 4314 color_prunes 4314 size_prunes 0 maxdepth 11 fallbacks 0 expected 16314246560895731420237524 closed 16314246560895731420237524 seconds 0.386476 labels 1 5 7 25 33 42 74
root 1042 h 7 pool 368 nodes 5686 color_prunes 5686 size_prunes 0 maxdepth 11 fallbacks 0 expected 16314246560895731420237524 closed 16314246560895731420237524 seconds 0.373627 labels 1 5 7 25 33 43 88
root 1041 h 7 pool 366 nodes 5343 color_prunes 5343 size_prunes 0 maxdepth 11 fallbacks 0 expected 16314246560895731420237524 closed 16314246560895731420237524 seconds 0.436149 labels 1 5 7 25 33 43 67
root 1043 h 7 pool 376 nodes 11315 color_prunes 11315 size_prunes 0 maxdepth 11 fallbacks 0 expected 16314246560895731420237524 closed 16314246560895731420237524 seconds 0.667347 labels 1 5 7 25 33 43 108
root 1046 h 7 pool 363 nodes 4635 color_prunes 4635 size_prunes 0 maxdepth 11 fallbacks 0 expected 16314246560895731420237524 closed 16314246560895731420237524 seconds 0.411469 labels 1 5 7 25 33 53 88
root 1044 h 7 pool 377 nodes 12039 color_prunes 12039 size_prunes 0 maxdepth 11 fallbacks 0 expected 16314246560895731420237524 closed 16314246560895731420237524 seconds 0.745527 labels 1 5 7 25 33 46 53
root 1045 h 7 pool 373 nodes 7415 color_prunes 7415 size_prunes 0 maxdepth 11 fallbacks 0 expected 16314246560895731420237524 closed 16314246560895731420237524 seconds 0.541809 labels 1 5 7 25 33 46 82
root 1049 h 7 pool 364 nodes 4201 color_prunes 4201 size_prunes 0 maxdepth 11 fallbacks 0 expected 16314246560895731420237524 closed 16314246560895731420237524 seconds 0.299256 labels 1 5 7 25 33 62 82
root 1048 h 7 pool 366 nodes 4580 color_prunes 4580 size_prunes 0 maxdepth 11 fallbacks 0 expected 16314246560895731420237524 closed 16314246560895731420237524 seconds 0.399129 labels 1 5 7 25 33 62 74
root 1047 h 7 pool 372 nodes 7184 color_prunes 7184 size_prunes 0 maxdepth 11 fallbacks 0 expected 16314246560895731420237524 closed 16314246560895731420237524 seconds 0.537327 labels 1 5 7 25 33 55 81
root 1050 h 7 pool 373 nodes 7413 color_prunes 7413 size_prunes 0 maxdepth 11 fallbacks 0 expected 16314246560895731420237524 closed 16314246560895731420237524 seconds 0.53165 labels 1 5 7 25 33 67 99
root 1051 h 7 pool 363 nodes 4101 color_prunes 4101 size_prunes 0 maxdepth 11 fallbacks 0 expected 16314246560895731420237524 closed 16314246560895731420237524 seconds 0.359141 labels 1 5 7 25 33 68 83
root 1053 h 7 pool 370 nodes 5919 color_prunes 5919 size_prunes 0 maxdepth 11 fallbacks 0 expected 16314246560895731420237524 closed 16314246560895731420237524 seconds 0.448976 labels 1 5 7 25 33 83 99
root 1052 h 7 pool 372 nodes 7619 color_prunes 7619 size_prunes 0 maxdepth 11 fallbacks 0 expected 16314246560895731420237524 closed 16314246560895731420237524 seconds 0.531123 labels 1 5 7 25 33 74 108
root 1054 h 7 pool 367 nodes 5279 color_prunes 5279 size_prunes 0 maxdepth 11 fallbacks 0 expected 16314246560895731420237524 closed 16314246560895731420237524 seconds 0.423716 labels 1 5 7 25 33 86 109
root 1055 h 7 pool 371 nodes 6737 color_prunes 6737 size_prunes 0 maxdepth 11 fallbacks 0 expected 16314246560895731420237524 closed 16314246560895731420237524 seconds 0.485693 labels 1 5 7 25 33 88 99
root 1057 h 7 pool 363 nodes 4162 color_prunes 4162 size_prunes 0 maxdepth 11 fallbacks 0 expected 16314246560895731420237524 closed 16314246560895731420237524 seconds 0.360359 labels 1 5 7 25 34 40 61
root 1058 h 7 pool 358 nodes 3682 color_prunes 3682 size_prunes 0 maxdepth 11 fallbacks 0 expected 16314246560895731420237524 closed 16314246560895731420237524 seconds 0.337106 labels 1 5 7 25 34 40 68
root 1056 h 7 pool 374 nodes 8643 color_prunes 8643 size_prunes 0 maxdepth 11 fallbacks 0 expected 16314246560895731420237524 closed 16314246560895731420237524 seconds 0.572284 labels 1 5 7 25 33 99 108
root 1059 h 7 pool 367 nodes 5452 color_prunes 5452 size_prunes 0 maxdepth 11 fallbacks 0 expected 16314246560895731420237524 closed 16314246560895731420237524 seconds 0.419679 labels 1 5 7 25 34 41 74
root 1060 h 7 pool 368 nodes 4872 color_prunes 4872 size_prunes 0 maxdepth 11 fallbacks 0 expected 16314246560895731420237524 closed 16314246560895731420237524 seconds 0.385284 labels 1 5 7 25 34 41 86
root 1061 h 7 pool 365 nodes 4616 color_prunes 4616 size_prunes 0 maxdepth 11 fallbacks 0 expected 16314246560895731420237524 closed 16314246560895731420237524 seconds 0.381592 labels 1 5 7 25 34 44 65
root 1062 h 7 pool 364 nodes 4376 color_prunes 4376 size_prunes 0 maxdepth 11 fallbacks 0 expected 16314246560895731420237524 closed 16314246560895731420237524 seconds 0.345684 labels 1 5 7 25 34 44 66
root 1064 h 7 pool 369 nodes 5935 color_prunes 5935 size_prunes 0 maxdepth 11 fallbacks 0 expected 16314246560895731420237524 closed 16314246560895731420237524 seconds 0.448501 labels 1 5 7 25 34 61 74
root 1063 h 7 pool 373 nodes 7453 color_prunes 7453 size_prunes 0 maxdepth 11 fallbacks 0 expected 16314246560895731420237524 closed 16314246560895731420237524 seconds 0.549145 labels 1 5 7 25 34 57 81
root 1065 h 7 pool 367 nodes 4729 color_prunes 4729 size_prunes 0 maxdepth 11 fallbacks 0 expected 16314246560895731420237524 closed 16314246560895731420237524 seconds 0.386639 labels 1 5 7 25 34 66 80
root 1066 h 7 pool 372 nodes 6879 color_prunes 6879 size_prunes 0 maxdepth 11 fallbacks 0 expected 16314246560895731420237524 closed 16314246560895731420237524 seconds 0.495743 labels 1 5 7 25 34 69 99
root 1067 h 7 pool 373 nodes 7212 color_prunes 7212 size_prunes 0 maxdepth 11 fallbacks 0 expected 16314246560895731420237524 closed 16314246560895731420237524 seconds 0.464171 labels 1 5 7 25 34 80 99
root 1068 h 7 pool 371 nodes 6038 color_prunes 6038 size_prunes 0 maxdepth 11 fallbacks 0 expected 16314246560895731420237524 closed 16314246560895731420237524 seconds 0.463324 labels 1 5 7 25 34 84 99
root 1070 h 7 pool 362 nodes 4051 color_prunes 4051 size_prunes 0 maxdepth 11 fallbacks 0 expected 16314246560895731420237524 closed 16314246560895731420237524 seconds 0.359564 labels 1 5 7 25 35 51 93
root 1069 h 7 pool 373 nodes 7852 color_prunes 7852 size_prunes 0 maxdepth 11 fallbacks 0 expected 16314246560895731420237524 closed 16314246560895731420237524 seconds 0.524618 labels 1 5 7 25 34 86 99
root 1072 h 7 pool 362 nodes 3953 color_prunes 3953 size_prunes 0 maxdepth 11 fallbacks 0 expected 16314246560895731420237524 closed 16314246560895731420237524 seconds 0.334561 labels 1 5 7 25 35 57 71
root 1071 h 7 pool 367 nodes 5175 color_prunes 5175 size_prunes 0 maxdepth 11 fallbacks 0 expected 16314246560895731420237524 closed 16314246560895731420237524 seconds 0.41115 labels 1 5 7 25 35 57 69
root 1073 h 7 pool 364 nodes 4208 color_prunes 4208 size_prunes 0 maxdepth 11 fallbacks 0 expected 16314246560895731420237524 closed 16314246560895731420237524 seconds 0.354735 labels 1 5 7 25 35 57 81
root 1074 h 7 pool 362 nodes 3962 color_prunes 3962 size_prunes 0 maxdepth 10 fallbacks 0 expected 16314246560895731420237524 closed 16314246560895731420237524 seconds 0.338661 labels 1 5 7 25 35 63 71
root 1075 h 7 pool 366 nodes 4480 color_prunes 4480 size_prunes 0 maxdepth 11 fallbacks 0 expected 16314246560895731420237524 closed 16314246560895731420237524 seconds 0.369646 labels 1 5 7 25 35 63 81
root 1076 h 7 pool 364 nodes 4281 color_prunes 4281 size_prunes 0 maxdepth 11 fallbacks 0 expected 16314246560895731420237524 closed 16314246560895731420237524 seconds 0.363389 labels 1 5 7 25 35 81 92
root 1077 h 7 pool 365 nodes 4353 color_prunes 4353 size_prunes 0 maxdepth 11 fallbacks 0 expected 16314246560895731420237524 closed 16314246560895731420237524 seconds 0.359415 labels 1 5 7 25 35 81 97
root 1078 h 7 pool 373 nodes 7810 color_prunes 7810 size_prunes 0 maxdepth 11 fallbacks 0 expected 16314246560895731420237524 closed 16314246560895731420237524 seconds 0.528394 labels 1 5 7 25 35 86 99
root 1079 h 7 pool 366 nodes 4336 color_prunes 4336 size_prunes 0 maxdepth 11 fallbacks 0 expected 16314246560895731420237524 closed 16314246560895731420237524 seconds 0.356744 labels 1 5 7 25 35 93 109
root 1080 h 7 pool 373 nodes 7224 color_prunes 7224 size_prunes 0 maxdepth 11 fallbacks 0 expected 16314246560895731420237524 closed 16314246560895731420237524 seconds 0.51222 labels 1 5 7 25 36 62 96
root 1081 h 7 pool 376 nodes 9957 color_prunes 9957 size_prunes 0 maxdepth 11 fallbacks 0 expected 16314246560895731420237524 closed 16314246560895731420237524 seconds 0.654547 labels 1 5 7 25 38 65 94
root 1082 h 7 pool 375 nodes 8390 color_prunes 8390 size_prunes 0 maxdepth 11 fallbacks 0 expected 16314246560895731420237524 closed 16314246560895731420237524 seconds 0.574881 labels 1 5 7 25 38 74 94
root 1083 h 7 pool 374 nodes 7270 color_prunes 7270 size_prunes 0 maxdepth 11 fallbacks 0 expected 16314246560895731420237524 closed 16314246560895731420237524 seconds 0.52614 labels 1 5 7 25 39 65 93
root 1084 h 8 pool 367 nodes 8392 color_prunes 8392 size_prunes 0 maxdepth 12 fallbacks 0 expected 435493234685101660088476 closed 435493234685101660088476 seconds 0.507354 labels 1 5 6 25 26 30 31 44
root 1085 h 8 pool 364 nodes 6342 color_prunes 6342 size_prunes 0 maxdepth 12 fallbacks 0 expected 435493234685101660088476 closed 435493234685101660088476 seconds 0.443359 labels 1 5 6 25 26 30 32 46
root 1087 h 8 pool 361 nodes 5016 color_prunes 5016 size_prunes 0 maxdepth 12 fallbacks 0 expected 435493234685101660088476 closed 435493234685101660088476 seconds 0.375057 labels 1 5 6 25 26 30 33 37
root 1086 h 8 pool 364 nodes 6532 color_prunes 6532 size_prunes 0 maxdepth 12 fallbacks 0 expected 435493234685101660088476 closed 435493234685101660088476 seconds 0.442288 labels 1 5 6 25 26 30 32 49
root 1088 h 8 pool 358 nodes 4382 color_prunes 4382 size_prunes 0 maxdepth 12 fallbacks 0 expected 435493234685101660088476 closed 435493234685101660088476 seconds 0.332875 labels 1 5 6 25 26 30 33 38
root 1089 h 8 pool 361 nodes 4895 color_prunes 4895 size_prunes 0 maxdepth 12 fallbacks 0 expected 435493234685101660088476 closed 435493234685101660088476 seconds 0.375947 labels 1 5 6 25 26 30 33 46
root 1090 h 8 pool 361 nodes 5033 color_prunes 5033 size_prunes 0 maxdepth 12 fallbacks 0 expected 435493234685101660088476 closed 435493234685101660088476 seconds 0.378898 labels 1 5 6 25 26 30 33 48
root 1091 h 8 pool 366 nodes 6925 color_prunes 6925 size_prunes 0 maxdepth 12 fallbacks 0 expected 435493234685101660088476 closed 435493234685101660088476 seconds 0.454653 labels 1 5 6 25 26 30 34 49
root 1092 h 8 pool 362 nodes 5553 color_prunes 5553 size_prunes 0 maxdepth 12 fallbacks 0 expected 435493234685101660088476 closed 435493234685101660088476 seconds 0.4056 labels 1 5 6 25 26 30 37 38
root 1093 h 8 pool 354 nodes 4018 color_prunes 4018 size_prunes 0 maxdepth 11 fallbacks 0 expected 435493234685101660088476 closed 435493234685101660088476 seconds 0.310149 labels 1 5 6 25 26 30 38 48
root 1094 h 8 pool 348 nodes 3977 color_prunes 3977 size_prunes 0 maxdepth 11 fallbacks 0 expected 435493234685101660088476 closed 435493234685101660088476 seconds 0.2598 labels 1 5 6 25 26 30 38 96
root 1095 h 8 pool 355 nodes 4188 color_prunes 4188 size_prunes 0 maxdepth 11 fallbacks 0 expected 435493234685101660088476 closed 435493234685101660088476 seconds 0.288324 labels 1 5 6 25 26 30 38 108
root 1096 h 8 pool 357 nodes 4372 color_prunes 4372 size_prunes 0 maxdepth 12 fallbacks 0 expected 435493234685101660088476 closed 435493234685101660088476 seconds 0.313755 labels 1 5 6 25 26 30 38 109
root 1097 h 8 pool 365 nodes 6337 color_prunes 6337 size_prunes 0 maxdepth 12 fallbacks 0 expected 435493234685101660088476 closed 435493234685101660088476 seconds 0.422215 labels 1 5 6 25 26 30 44 116
root 1098 h 8 pool 367 nodes 8031 color_prunes 8031 size_prunes 0 maxdepth 12 fallbacks 0 expected 435493234685101660088476 closed 435493234685101660088476 seconds 0.498783 labels 1 5 6 25 26 31 32 42
root 1099 h 8 pool 367 nodes 8066 color_prunes 8066 size_prunes 0 maxdepth 12 fallbacks 0 expected 435493234685101660088476 closed 435493234685101660088476 seconds 0.500297 labels 1 5 6 25 26 31 32 47
root 1101 h 8 pool 358 nodes 4455 color_prunes 4455 size_prunes 0 maxdepth 12 fallbacks 0 expected 435493234685101660088476 closed 435493234685101660088476 seconds 0.334767 labels 1 5 6 25 26 31 33 48
root 1100 h 8 pool 368 nodes 8512 color_prunes 8512 size_prunes 0 maxdepth 12 fallbacks 0 expected 435493234685101660088476 closed 435493234685101660088476 seconds 0.515464 labels 1 5 6 25 26 31 32 69
root 1102 h 8 pool 364 nodes 5903 color_prunes 5903 size_prunes 0 maxdepth 12 fallbacks 0 expected 435493234685101660088476 closed 435493234685101660088476 seconds 0.413276 labels 1 5 6 25 26 31 34 35
root 1103 h 8 pool 358 nodes 4477 color_prunes 4477 size_prunes 0 maxdepth 12 fallbacks 0 expected 435493234685101660088476 closed 435493234685101660088476 seconds 0.332648 labels 1 5 6 25 26 31 34 47
root 1105 h 8 pool 357 nodes 4302 color_prunes 4302 size_prunes 0 maxdepth 12 fallbacks 0 expected 435493234685101660088476 closed 435493234685101660088476 seconds 0.33231 labels 1 5 6 25 26 31 35 47
root 1104 h 8 pool 363 nodes 5584 color_prunes 5584 size_prunes 0 maxdepth 12 fallbacks 0 expected 435493234685101660088476 closed 435493234685101660088476 seconds 0.405431 labels 1 5 6 25 26 31 35 39
root 1106 h 8 pool 358 nodes 4472 color_prunes 4472 size_prunes 0 maxdepth 12 fallbacks 0 expected 435493234685101660088476 closed 435493234685101660088476 seconds 0.352985 labels 1 5 6 25 26 31 35 96
root 1107 h 8 pool 362 nodes 5346 color_prunes 5346 size_prunes 0 maxdepth 12 fallbacks 0 expected 435493234685101660088476 closed 435493234685101660088476 seconds 0.373995 labels 1 5 6 25 26 31 35 116
root 1108 h 8 pool 357 nodes 4264 color_prunes 4264 size_prunes 0 maxdepth 12 fallbacks 0 expected 435493234685101660088476 closed 435493234685101660088476 seconds 0.378855 labels 1 5 6 25 26 31 38 48
root 1109 h 8 pool 365 nodes 6246 color_prunes 6246 size_prunes 0 maxdepth 12 fallbacks 0 expected 435493234685101660088476 closed 435493234685101660088476 seconds 0.376087 labels 1 5 6 25 26 31 38 63
root 1111 h 8 pool 360 nodes 4676 color_prunes 4676 size_prunes 0 maxdepth 12 fallbacks 0 expected 435493234685101660088476 closed 435493234685101660088476 seconds 0.314685 labels 1 5 6 25 26 31 38 96
root 1110 h 8 pool 365 nodes 6116 color_prunes 6116 size_prunes 0 maxdepth 12 fallbacks 0 expected 435493234685101660088476 closed 435493234685101660088476 seconds 0.482604 labels 1 5 6 25 26 31 38 69
root 1112 h 8 pool 363 nodes 5518 color_prunes 5518 size_prunes 0 maxdepth 12 fallbacks 0 expected 435493234685101660088476 closed 435493234685101660088476 seconds 0.41992 labels 1 5 6 25 26 31 39 40
root 1113 h 8 pool 362 nodes 5455 color_prunes 5455 size_prunes 0 maxdepth 12 fallbacks 0 expected 435493234685101660088476 closed 435493234685101660088476 seconds 0.39689 labels 1 5 6 25 26 31 39 44
root 1114 h 8 pool 359 nodes 4623 color_prunes 4623 size_prunes 0 maxdepth 12 fallbacks 0 expected 435493234685101660088476 closed 435493234685101660088476 seconds 0.346584 labels 1 5 6 25 26 31 39 96
root 1115 h 8 pool 353 nodes 4044 color_prunes 4044 size_prunes 0 maxdepth 11 fallbacks 0 expected 435493234685101660088476 closed 435493234685101660088476 seconds 0.272821 labels 1 5 6 25 26 31 39 107
root 1116 h 8 pool 352 nodes 4056 color_prunes 4056 size_prunes 0 maxdepth 11 fallbacks 0 expected 435493234685101660088476 closed 435493234685101660088476 seconds 0.272602 labels 1 5 6 25 26 31 39 108
root 1117 h 8 pool 358 nodes 4387 color_prunes 4387 size_prunes 0 maxdepth 12 fallbacks 0 expected 435493234685101660088476 closed 435493234685101660088476 seconds 0.333583 labels 1 5 6 25 26 31 40 42
root 1119 h 8 pool 358 nodes 4462 color_prunes 4462 size_prunes 0 maxdepth 12 fallbacks 0 expected 435493234685101660088476 closed 435493234685101660088476 seconds 0.343545 labels 1 5 6 25 26 31 40 96
root 1118 h 8 pool 363 nodes 5642 color_prunes 5642 size_prunes 0 maxdepth 12 fallbacks 0 expected 435493234685101660088476 closed 435493234685101660088476 seconds 0.405034 labels 1 5 6 25 26 31 40 44
root 1120 h 8 pool 364 nodes 5874 color_prunes 5874 size_prunes 0 maxdepth 12 fallbacks 0 expected 435493234685101660088476 closed 435493234685101660088476 seconds 0.413308 labels 1 5 6 25 26 31 40 116
root 1121 h 8 pool 358 nodes 4429 color_prunes 4429 size_prunes 0 maxdepth 12 fallbacks 0 expected 435493234685101660088476 closed 435493234685101660088476 seconds 0.341072 labels 1 5 6 25 26 31 42 44
root 1122 h 8 pool 362 nodes 5150 color_prunes 5150 size_prunes 0 maxdepth 12 fallbacks 0 expected 435493234685101660088476 closed 435493234685101660088476 seconds 0.382089 labels 1 5 6 25 26 31 42 47
root 1123 h 8 pool 362 nodes 5065 color_prunes 5065 size_prunes 0 maxdepth 12 fallbacks 0 expected 435493234685101660088476 closed 435493234685101660088476 seconds 0.391371 labels 1 5 6 25 26 31 42 48
root 1125 h 8 pool 345 nodes 3934 color_prunes 3934 size_prunes 0 maxdepth 11 fallbacks 0 expected 435493234685101660088476 closed 435493234685101660088476 seconds 0.2408 labels 1 5 6 25 26 31 42 85
root 1124 h 8 pool 357 nodes 4383 color_prunes 4383 size_prunes 0 maxdepth 12 fallbacks 0 expected 435493234685101660088476 closed 435493234685101660088476 seconds 0.315446 labels 1 5 6 25 26 31 42 84
root 1126 h 8 pool 364 nodes 5586 color_prunes 5586 size_prunes 0 maxdepth 12 fallbacks 0 expected 435493234685101660088476 closed 435493234685101660088476 seconds 0.393585 labels 1 5 6 25 26 31 44 63
root 1128 h 8 pool 361 nodes 4793 color_prunes 4793 size_prunes 0 maxdepth 12 fallbacks 0 expected 435493234685101660088476 closed 435493234685101660088476 seconds 0.34422 labels 1 5 6 25 26 31 44 107
root 1127 h 8 pool 366 nodes 6512 color_prunes 6512 size_prunes 0 maxdepth 12 fallbacks 0 expected 435493234685101660088476 closed 435493234685101660088476 seconds 0.443211 labels 1 5 6 25 26 31 44 69
root 1129 h 8 pool 366 nodes 6368 color_prunes 6368 size_prunes 0 maxdepth 12 fallbacks 0 expected 435493234685101660088476 closed 435493234685101660088476 seconds 0.425242 labels 1 5 6 25 26 31 44 116
root 1131 h 8 pool 345 nodes 3958 color_prunes 3958 size_prunes 0 maxdepth 11 fallbacks 0 expected 435493234685101660088476 closed 435493234685101660088476 seconds 0.223369 labels 1 5 6 25 26 31 48 85
root 1130 h 8 pool 362 nodes 4990 color_prunes 4990 size_prunes 0 maxdepth 12 fallbacks 0 expected 435493234685101660088476 closed 435493234685101660088476 seconds 0.375388 labels 1 5 6 25 26 31 47 48
root 1132 h 8 pool 362 nodes 5246 color_prunes 5246 size_prunes 0 maxdepth 12 fallbacks 0 expected 435493234685101660088476 closed 435493234685101660088476 seconds 0.409839 labels 1 5 6 25 26 31 48 108
root 1133 h 8 pool 364 nodes 5799 color_prunes 5799 size_prunes 0 maxdepth 12 fallbacks 0 expected 435493234685101660088476 closed 435493234685101660088476 seconds 0.443987 labels 1 5 6 25 26 31 63 69
root 1134 h 8 pool 365 nodes 6150 color_prunes 6150 size_prunes 0 maxdepth 12 fallbacks 0 expected 435493234685101660088476 closed 435493234685101660088476 seconds 0.421756 labels 1 5 6 25 26 31 65 69
root 1135 h 8 pool 364 nodes 5880 color_prunes 5880 size_prunes 0 maxdepth 12 fallbacks 0 expected 435493234685101660088476 closed 435493234685101660088476 seconds 0.396436 labels 1 5 6 25 26 31 65 96
root 1136 h 8 pool 362 nodes 5412 color_prunes 5412 size_prunes 0 maxdepth 12 fallbacks 0 expected 435493234685101660088476 closed 435493234685101660088476 seconds 0.34732 labels 1 5 6 25 26 31 65 116
root 1138 h 8 pool 361 nodes 4995 color_prunes 4995 size_prunes 0 maxdepth 12 fallbacks 0 expected 435493234685101660088476 closed 435493234685101660088476 seconds 0.37945 labels 1 5 6 25 26 32 33 40
root 1137 h 8 pool 359 nodes 4450 color_prunes 4450 size_prunes 0 maxdepth 12 fallbacks 0 expected 435493234685101660088476 closed 435493234685101660088476 seconds 0.450927 labels 1 5 6 25 26 31 69 116
root 1140 h 8 pool 358 nodes 4233 color_prunes 4233 size_prunes 0 maxdepth 12 fallbacks 0 expected 435493234685101660088476 closed 435493234685101660088476 seconds 0.292212 labels 1 5 6 25 26 32 34 35
root 1139 h 8 pool 365 nodes 6703 color_prunes 6703 size_prunes 0 maxdepth 12 fallbacks 0 expected 435493234685101660088476 closed 435493234685101660088476 seconds 0.408467 labels 1 5 6 25 26 32 33 46
root 1141 h 8 pool 362 nodes 5139 color_prunes 5139 size_prunes 0 maxdepth 12 fallbacks 0 expected 435493234685101660088476 closed 435493234685101660088476 seconds 0.30837 labels 1 5 6 25 26 32 34 47
root 1143 h 8 pool 354 nodes 4147 color_prunes 4147 size_prunes 0 maxdepth 12 fallbacks 0 expected 435493234685101660088476 closed 435493234685101660088476 seconds 0.361915 labels 1 5 6 25 26 32 35 47
root 1142 h 8 pool 361 nodes 4899 color_prunes 4899 size_prunes 0 maxdepth 12 fallbacks 0 expected 435493234685101660088476 closed 435493234685101660088476 seconds 0.438534 labels 1 5 6 25 26 32 34 49
root 1144 h 8 pool 357 nodes 4290 color_prunes 4290 size_prunes 0 maxdepth 12 fallbacks 0 expected 435493234685101660088476 closed 435493234685101660088476 seconds 0.330064 labels 1 5 6 25 26 32 35 106
root 1145 h 8 pool 353 nodes 4045 color_prunes 4045 size_prunes 0 maxdepth 11 fallbacks 0 expected 435493234685101660088476 closed 435493234685101660088476 seconds 0.283479 labels 1 5 6 25 26 32 35 107
root 1148 h 8 pool 360 nodes 4914 color_prunes 4914 size_prunes 0 maxdepth 12 fallbacks 0 expected 435493234685101660088476 closed 435493234685101660088476 seconds 0.376364 labels 1 5 6 25 26 32 36 43
root 1147 h 8 pool 363 nodes 5581 color_prunes 5581 size_prunes 0 maxdepth 12 fallbacks 0 expected 435493234685101660088476 closed 435493234685101660088476 seconds 0.422037 labels 1 5 6 25 26 32 36 42
root 1146 h 8 pool 365 nodes 6830 color_prunes 6830 size_prunes 0 maxdepth 12 fallbacks 0 expected 435493234685101660088476 closed 435493234685101660088476 seconds 0.470406 labels 1 5 6 25 26 32 36 37
root 1149 h 8 pool 365 nodes 6596 color_prunes 6596 size_prunes 0 maxdepth 12 fallbacks 0 expected 435493234685101660088476 closed 435493234685101660088476 seconds 0.459137 labels 1 5 6 25 26 32 37 57
root 1151 h 8 pool 366 nodes 6689 color_prunes 6689 size_prunes 0 maxdepth 12 fallbacks 0 expected 435493234685101660088476 closed 435493234685101660088476 seconds 0.388899 labels 1 5 6 25 26 32 37 89
root 1150 h 8 pool 365 nodes 6261 color_prunes 6261 size_prunes 0 maxdepth 12 fallbacks 0 expected 435493234685101660088476 closed 435493234685101660088476 seconds 0.469821 labels 1 5 6 25 26 32 37 83
root 1153 h 8 pool 355 nodes 4231 color_prunes 4231 size_prunes 0 maxdepth 12 fallbacks 0 expected 435493234685101660088476 closed 435493234685101660088476 seconds 0.383543 labels 1 5 6 25 26 32 40 42
root 1154 h 8 pool 360 nodes 4967 color_prunes 4967 size_prunes 0 maxdepth 12 fallbacks 0 expected 435493234685101660088476 closed 435493234685101660088476 seconds 0.18827 labels 1 5 6 25 26 32 40 43
root 1152 h 8 pool 368 nodes 7674 color_prunes 7674 size_prunes 0 maxdepth 12 fallbacks 0 expected 435493234685101660088476 closed 435493234685101660088476 seconds 0.578378 labels 1 5 6 25 26 32 37 109
root 1155 h 8 pool 355 nodes 4148 color_prunes 4148 size_prunes 0 maxdepth 12 fallbacks 0 expected 435493234685101660088476 closed 435493234685101660088476 seconds 0.369237 labels 1 5 6 25 26 32 40 47
root 1156 h 8 pool 353 nodes 4009 color_prunes 4009 size_prunes 0 maxdepth 11 fallbacks 0 expected 435493234685101660088476 closed 435493234685101660088476 seconds 0.30981 labels 1 5 6 25 26 32 40 69
root 1157 h 8 pool 360 nodes 4714 color_prunes 4714 size_prunes 0 maxdepth 12 fallbacks 0 expected 435493234685101660088476 closed 435493234685101660088476 seconds 0.320324 labels 1 5 6 25 26 32 40 106
root 1158 h 8 pool 358 nodes 4321 color_prunes 4321 size_prunes 0 maxdepth 12 fallbacks 0 expected 435493234685101660088476 closed 435493234685101660088476 seconds 0.332522 labels 1 5 6 25 26 32 42 43
root 1159 h 8 pool 354 nodes 4047 color_prunes 4047 size_prunes 0 maxdepth 11 fallbacks 0 expected 435493234685101660088476 closed 435493234685101660088476 seconds 0.298586 labels 1 5 6 25 26 32 42 68
root 1160 h 8 pool 360 nodes 4743 color_prunes 4743 size_prunes 0 maxdepth 12 fallbacks 0 expected 435493234685101660088476 closed 435493234685101660088476 seconds 0.343811 labels 1 5 6 25 26 32 43 69
root 1162 h 8 pool 357 nodes 4330 color_prunes 4330 size_prunes 0 maxdepth 12 fallbacks 0 expected 435493234685101660088476 closed 435493234685101660088476 seconds 0.3272 labels 1 5 6 25 26 32 43 88
root 1161 h 8 pool 365 nodes 5957 color_prunes 5957 size_prunes 0 maxdepth 12 fallbacks 0 expected 435493234685101660088476 closed 435493234685101660088476 seconds 0.413882 labels 1 5 6 25 26 32 43 83
root 1163 h 8 pool 364 nodes 5567 color_prunes 5567 size_prunes 0 maxdepth 12 fallbacks 0 expected 435493234685101660088476 closed 435493234685101660088476 seconds 0.398848 labels 1 5 6 25 26 32 43 109
root 1164 h 8 pool 355 nodes 4140 color_prunes 4140 size_prunes 0 maxdepth 11 fallbacks 0 expected 435493234685101660088476 closed 435493234685101660088476 seconds 0.30284 labels 1 5 6 25 26 32 47 88
root 1166 h 8 pool 357 nodes 4288 color_prunes 4288 size_prunes 0 maxdepth 12 fallbacks 0 expected 435493234685101660088476 closed 435493234685101660088476 seconds 0.315382 labels 1 5 6 25 26 32 49 88
root 1165 h 8 pool 362 nodes 5028 color_prunes 5028 size_prunes 0 maxdepth 12 fallbacks 0 expected 435493234685101660088476 closed 435493234685101660088476 seconds 0.368401 labels 1 5 6 25 26 32 49 69
root 1168 h 8 pool 355 nodes 4200 color_prunes 4200 size_prunes 0 maxdepth 12 fallbacks 0 expected 435493234685101660088476 closed 435493234685101660088476 seconds 0.296273 labels 1 5 6 25 26 32 68 69
root 1167 h 8 pool 358 nodes 4407 color_prunes 4407 size_prunes 0 maxdepth 12 fallbacks 0 expected 435493234685101660088476 closed 435493234685101660088476 seconds 0.309068 labels 1 5 6 25 26 32 49 89
root 1169 h 8 pool 357 nodes 4361 color_prunes 4361 size_prunes 0 maxdepth 12 fallbacks 0 expected 435493234685101660088476 closed 435493234685101660088476 seconds 0.337572 labels 1 5 6 25 26 32 68 88
root 1170 h 8 pool 359 nodes 4601 color_prunes 4601 size_prunes 0 maxdepth 12 fallbacks 0 expected 435493234685101660088476 closed 435493234685101660088476 seconds 0.351963 labels 1 5 6 25 26 33 34 43
root 1171 h 8 pool 354 nodes 4046 color_prunes 4046 size_prunes 0 maxdepth 11 fallbacks 0 expected 435493234685101660088476 closed 435493234685101660088476 seconds 0.306442 labels 1 5 6 25 26 33 37 46
root 1172 h 8 pool 357 nodes 4263 color_prunes 4263 size_prunes 0 maxdepth 12 fallbacks 0 expected 435493234685101660088476 closed 435493234685101660088476 seconds 0.331121 labels 1 5 6 25 26 33 38 40
root 1173 h 8 pool 350 nodes 4014 color_prunes 4014 size_prunes 0 maxdepth 11 fallbacks 0 expected 435493234685101660088476 closed 435493234685101660088476 seconds 0.271645 labels 1 5 6 25 26 33 38 41
root 1174 h 8 pool 357 nodes 4290 color_prunes 4290 size_prunes 0 maxdepth 12 fallbacks 0 expected 435493234685101660088476 closed 435493234685101660088476 seconds 0.304511 labels 1 5 6 25 26 33 38 108
root 1175 h 8 pool 357 nodes 4279 color_prunes 4279 size_prunes 0 maxdepth 12 fallbacks 0 expected 435493234685101660088476 closed 435493234685101660088476 seconds 0.308457 labels 1 5 6 25 26 33 39 108
root 1176 h 8 pool 355 nodes 4249 color_prunes 4249 size_prunes 0 maxdepth 12 fallbacks 0 expected 435493234685101660088476 closed 435493234685101660088476 seconds 0.308794 labels 1 5 6 25 26 33 40 41
root 1178 h 8 pool 344 nodes 3922 color_prunes 3922 size_prunes 0 maxdepth 11 fallbacks 0 expected 435493234685101660088476 closed 435493234685101660088476 seconds 0.21875 labels 1 5 6 25 26 33 40 87
root 1177 h 8 pool 352 nodes 4044 color_prunes 4044 size_prunes 0 maxdepth 11 fallbacks 0 expected 435493234685101660088476 closed 435493234685101660088476 seconds 0.294212 labels 1 5 6 25 26 33 40 43
root 1180 h 8 pool 348 nodes 3950 color_prunes 3950 size_prunes 0 maxdepth 11 fallbacks 0 expected 435493234685101660088476 closed 435493234685101660088476 seconds 0.255762 labels 1 5 6 25 26 33 41 43
root 1182 h 8 pool 347 nodes 3932 color_prunes 3932 size_prunes 0 maxdepth 11 fallbacks 0 expected 435493234685101660088476 closed 435493234685101660088476 seconds 0.231194 labels 1 5 6 25 26 33 43 67
root 1179 h 8 pool 360 nodes 4693 color_prunes 4693 size_prunes 0 maxdepth 12 fallbacks 0 expected 435493234685101660088476 closed 435493234685101660088476 seconds 0.351755 labels 1 5 6 25 26 33 40 106
root 1181 h 8 pool 354 nodes 4133 color_prunes 4133 size_prunes 0 maxdepth 11 fallbacks 0 expected 435493234685101660088476 closed 435493234685101660088476 seconds 0.283694 labels 1 5 6 25 26 33 41 106
root 1185 h 8 pool 350 nodes 4015 color_prunes 4015 size_prunes 0 maxdepth 11 fallbacks 0 expected 435493234685101660088476 closed 435493234685101660088476 seconds 0.27164 labels 1 5 6 25 26 34 35 43
root 1186 h 8 pool 358 nodes 4408 color_prunes 4408 size_prunes 0 maxdepth 12 fallbacks 0 expected 435493234685101660088476 closed 435493234685101660088476 seconds 0.334962 labels 1 5 6 25 26 34 35 44
root 1184 h 8 pool 363 nodes 5768 color_prunes 5768 size_prunes 0 maxdepth 12 fallbacks 0 expected 435493234685101660088476 closed 435493234685101660088476 seconds 0.409791 labels 1 5 6 25 26 34 35 36
root 1183 h 8 pool 367 nodes 7448 color_prunes 7448 size_prunes 0 maxdepth 12 fallbacks 0 expected 435493234685101660088476 closed 435493234685101660088476 seconds 0.470498 labels 1 5 6 25 26 33 48 108
root 1187 h 8 pool 355 nodes 4188 color_prunes 4188 size_prunes 0 maxdepth 11 fallbacks 0 expected 435493234685101660088476 closed 435493234685101660088476 seconds 0.300852 labels 1 5 6 25 26 34 35 107
root 1190 h 8 pool 348 nodes 4003 color_prunes 4003 size_prunes 0 maxdepth 11 fallbacks 0 expected 435493234685101660088476 closed 435493234685101660088476 seconds 0.253567 labels 1 5 6 25 26 34 41 43
root 1188 h 8 pool 355 nodes 4167 color_prunes 4167 size_prunes 0 maxdepth 12 fallbacks 0 expected 435493234685101660088476 closed 435493234685101660088476 seconds 0.308238 labels 1 5 6 25 26 34 36 49
root 1189 h 8 pool 357 nodes 4296 color_prunes 4296 size_prunes 0 maxdepth 12 fallbacks 0 expected 435493234685101660088476 closed 435493234685101660088476 seconds 0.31094 labels 1 5 6 25 26 34 39 107
root 1191 h 8 pool 353 nodes 4104 color_prunes 4104 size_prunes 0 maxdepth 11 fallbacks 0 expected 435493234685101660088476 closed 435493234685101660088476 seconds 0.291618 labels 1 5 6 25 26 34 41 44
root 1193 h 8 pool 347 nodes 3960 color_prunes 3960 size_prunes 0 maxdepth 11 fallbacks 0 expected 435493234685101660088476 closed 435493234685101660088476 seconds 0.23974 labels 1 5 6 25 26 34 41 61
root 1192 h 8 pool 355 nodes 4207 color_prunes 4207 size_prunes 0 maxdepth 12 fallbacks 0 expected 435493234685101660088476 closed 435493234685101660088476 seconds 0.311818 labels 1 5 6 25 26 34 41 49
root 1194 h 8 pool 354 nodes 3989 color_prunes 3989 size_prunes 0 maxdepth 12 fallbacks 0 expected 435493234685101660088476 closed 435493234685101660088476 seconds 0.307914 labels 1 5 6 25 26 34 43 44
root 1195 h 8 pool 355 nodes 4197 color_prunes 4197 size_prunes 0 maxdepth 11 fallbacks 0 expected 435493234685101660088476 closed 435493234685101660088476 seconds 0.286602 labels 1 5 6 25 26 34 43 109
root 1196 h 8 pool 356 nodes 4265 color_prunes 4265 size_prunes 0 maxdepth 12 fallbacks 0 expected 435493234685101660088476 closed 435493234685101660088476 seconds 0.304237 labels 1 5 6 25 26 34 44 107
root 1198 h 8 pool 355 nodes 4101 color_prunes 4101 size_prunes 0 maxdepth 12 fallbacks 0 expected 435493234685101660088476 closed 435493234685101660088476 seconds 0.306423 labels 1 5 6 25 26 35 36 48
root 1197 h 8 pool 360 nodes 4889 color_prunes 4889 size_prunes 0 maxdepth 12 fallbacks 0 expected 435493234685101660088476 closed 435493234685101660088476 seconds 0.370675 labels 1 5 6 25 26 34 47 49
root 1199 h 8 pool 356 nodes 4196 color_prunes 4196 size_prunes 0 maxdepth 12 fallbacks 0 expected 435493234685101660088476 closed 435493234685101660088476 seconds 0.314544 labels 1 5 6 25 26 35 36 106
root 1200 h 8 pool 364 nodes 5922 color_prunes 5922 size_prunes 0 maxdepth 12 fallbacks 0 expected 435493234685101660088476 closed 435493234685101660088476 seconds 0.407651 labels 1 5 6 25 26 35 36 121
root 1201 h 8 pool 357 nodes 4298 color_prunes 4298 size_prunes 0 maxdepth 12 fallbacks 0 expected 435493234685101660088476 closed 435493234685101660088476 seconds 0.33273 labels 1 5 6 25 26 35 37 41
root 1202 h 8 pool 356 nodes 4065 color_prunes 4065 size_prunes 0 maxdepth 12 fallbacks 0 expected 435493234685101660088476 closed 435493234685101660088476 seconds 0.320634 labels 1 5 6 25 26 35 37 44
root 1203 h 8 pool 353 nodes 4068 color_prunes 4068 size_prunes 0 maxdepth 11 fallbacks 0 expected 435493234685101660088476 closed 435493234685101660088476 seconds 0.291467 labels 1 5 6 25 26 35 37 47
root 1204 h 8 pool 353 nodes 4171 color_prunes 4171 size_prunes 0 maxdepth 12 fallbacks 0 expected 435493234685101660088476 closed 435493234685101660088476 seconds 0.292688 labels 1 5 6 25 26 35 38 41
root 1206 h 8 pool 348 nodes 3953 color_prunes 3953 size_prunes 0 maxdepth 11 fallbacks 0 expected 435493234685101660088476 closed 435493234685101660088476 seconds 0.256505 labels 1 5 6 25 26 35 38 47
root 1205 h 8 pool 352 nodes 4010 color_prunes 4010 size_prunes 0 maxdepth 11 fallbacks 0 expected 435493234685101660088476 closed 435493234685101660088476 seconds 0.295342 labels 1 5 6 25 26 35 38 43
root 1207 h 8 pool 348 nodes 3969 color_prunes 3969 size_prunes 0 maxdepth 11 fallbacks 0 expected 435493234685101660088476 closed 435493234685101660088476 seconds 0.25634 labels 1 5 6 25 26 35 38 48
root 1209 h 8 pool 353 nodes 4065 color_prunes 4065 size_prunes 0 maxdepth 11 fallbacks 0 expected 435493234685101660088476 closed 435493234685101660088476 seconds 0.274567 labels 1 5 6 25 26 35 39 96
root 1210 h 8 pool 354 nodes 4105 color_prunes 4105 size_prunes 0 maxdepth 11 fallbacks 0 expected 435493234685101660088476 closed 435493234685101660088476 seconds 0.272528 labels 1 5 6 25 26 35 39 107
root 1208 h 8 pool 358 nodes 4467 color_prunes 4467 size_prunes 0 maxdepth 12 fallbacks 0 expected 435493234685101660088476 closed 435493234685101660088476 seconds 0.338815 labels 1 5 6 25 26 35 39 46
root 1211 h 8 pool 353 nodes 4023 color_prunes 4023 size_prunes 0 maxdepth 12 fallbacks 0 expected 435493234685101660088476 closed 435493234685101660088476 seconds 0.290667 labels 1 5 6 25 26 35 41 43
root 1215 h 8 pool 360 nodes 4675 color_prunes 4675 size_prunes 0 maxdepth 12 fallbacks 0 expected 435493234685101660088476 closed 435493234685101660088476 seconds 0.221926 labels 1 5 6 25 26 35 41 116
root 1212 h 8 pool 358 nodes 4443 color_prunes 4443 size_prunes 0 maxdepth 12 fallbacks 0 expected 435493234685101660088476 closed 435493234685101660088476 seconds 0.410229 labels 1 5 6 25 26 35 41 44
root 1213 h 8 pool 357 nodes 4368 color_prunes 4368 size_prunes 0 maxdepth 12 fallbacks 0 expected 435493234685101660088476 closed 435493234685101660088476 seconds 0.42355 labels 1 5 6 25 26 35 41 61
root 1216 h 8 pool 350 nodes 4054 color_prunes 4054 size_prunes 0 maxdepth 11 fallbacks 0 expected 435493234685101660088476 closed 435493234685101660088476 seconds 0.150949 labels 1 5 6 25 26 35 43 48
root 1214 h 8 pool 358 nodes 4369 color_prunes 4369 size_prunes 0 maxdepth 12 fallbacks 0 expected 435493234685101660088476 closed 435493234685101660088476 seconds 0.438883 labels 1 5 6 25 26 35 41 106
root 1219 h 8 pool 362 nodes 5215 color_prunes 5215 size_prunes 0 maxdepth 12 fallbacks 0 expected 435493234685101660088476 closed 435493234685101660088476 seconds 0.236857 labels 1 5 6 25 26 35 44 46
root 1217 h 8 pool 354 nodes 4085 color_prunes 4085 size_prunes 0 maxdepth 11 fallbacks 0 expected 435493234685101660088476 closed 435493234685101660088476 seconds 0.359685 labels 1 5 6 25 26 35 43 116
root 1218 h 8 pool 353 nodes 4146 color_prunes 4146 size_prunes 0 maxdepth 11 fallbacks 0 expected 435493234685101660088476 closed 435493234685101660088476 seconds 0.329141 labels 1 5 6 25 26 35 43 121
root 1220 h 8 pool 354 nodes 4121 color_prunes 4121 size_prunes 0 maxdepth 11 fallbacks 0 expected 435493234685101660088476 closed 435493234685101660088476 seconds 0.30797 labels 1 5 6 25 26 35 44 56
root 1221 h 8 pool 345 nodes 3949 color_prunes 3949 size_prunes 0 maxdepth 11 fallbacks 0 expected 435493234685101660088476 closed 435493234685101660088476 seconds 0.231955 labels 1 5 6 25 26 35 44 67
root 1222 h 8 pool 356 nodes 4212 color_prunes 4212 size_prunes 0 maxdepth 11 fallbacks 0 expected 435493234685101660088476 closed 435493234685101660088476 seconds 0.303921 labels 1 5 6 25 26 35 44 107
root 1224 h 8 pool 356 nodes 4225 color_prunes 4225 size_prunes 0 maxdepth 12 fallbacks 0 expected 435493234685101660088476 closed 435493234685101660088476 seconds 0.322467 labels 1 5 6 25 26 35 46 81
root 1223 h 8 pool 360 nodes 4885 color_prunes 4885 size_prunes 0 maxdepth 12 fallbacks 0 expected 435493234685101660088476 closed 435493234685101660088476 seconds 0.377066 labels 1 5 6 25 26 35 46 56
root 1226 h 8 pool 347 nodes 3907 color_prunes 3907 size_prunes 0 maxdepth 11 fallbacks 0 expected 435493234685101660088476 closed 435493234685101660088476 seconds 0.23404 labels 1 5 6 25 26 35 48 73
root 1225 h 8 pool 362 nodes 5198 color_prunes 5198 size_prunes 0 maxdepth 12 fallbacks 0 expected 435493234685101660088476 closed 435493234685101660088476 seconds 0.382396 labels 1 5 6 25 26 35 46 121
root 1227 h 8 pool 353 nodes 3988 color_prunes 3988 size_prunes 0 maxdepth 11 fallbacks 0 expected 435493234685101660088476 closed 435493234685101660088476 seconds 0.307989 labels 1 5 6 25 26 35 56 121
root 1228 h 8 pool 358 nodes 4461 color_prunes 4461 size_prunes 0 maxdepth 12 fallbacks 0 expected 435493234685101660088476 closed 435493234685101660088476 seconds 0.343581 labels 1 5 6 25 26 35 61 66
root 1229 h 8 pool 348 nodes 3922 color_prunes 3922 size_prunes 0 maxdepth 11 fallbacks 0 expected 435493234685101660088476 closed 435493234685101660088476 seconds 0.263269 labels 1 5 6 25 26 35 61 81
root 1231 h 8 pool 348 nodes 3992 color_prunes 3992 size_prunes 0 maxdepth 11 fallbacks 0 expected 435493234685101660088476 closed 435493234685101660088476 seconds 0.207175 labels 1 5 6 25 26 35 66 116
root 1230 h 8 pool 354 nodes 4007 color_prunes 4007 size_prunes 0 maxdepth 11 fallbacks 0 expected 435493234685101660088476 closed 435493234685101660088476 seconds 0.332031 labels 1 5 6 25 26 35 61 86
root 1232 h 8 pool 346 nodes 3992 color_prunes 3992 size_prunes 0 maxdepth 11 fallbacks 0 expected 435493234685101660088476 closed 435493234685101660088476 seconds 0.245334 labels 1 5 6 25 26 35 67 96
root 1233 h 8 pool 347 nodes 3988 color_prunes 3988 size_prunes 0 maxdepth 11 fallbacks 0 expected 435493234685101660088476 closed 435493234685101660088476 seconds 0.222731 labels 1 5 6 25 26 35 67 107
root 1234 h 8 pool 344 nodes 3955 color_prunes 3955 size_prunes 0 maxdepth 11 fallbacks 0 expected 435493234685101660088476 closed 435493234685101660088476 seconds 0.23104 labels 1 5 6 25 26 35 73 86
root 1235 h 8 pool 348 nodes 3938 color_prunes 3938 size_prunes 0 maxdepth 11 fallbacks 0 expected 435493234685101660088476 closed 435493234685101660088476 seconds 0.258952 labels 1 5 6 25 26 35 73 106
root 1237 h 8 pool 346 nodes 4007 color_prunes 4007 size_prunes 0 maxdepth 11 fallbacks 0 expected 435493234685101660088476 closed 435493234685101660088476 seconds 0.203773 labels 1 5 6 25 26 35 73 121
root 1236 h 8 pool 346 nodes 3966 color_prunes 3966 size_prunes 0 maxdepth 11 fallbacks 0 expected 435493234685101660088476 closed 435493234685101660088476 seconds 0.257589 labels 1 5 6 25 26 35 73 107
root 1238 h 8 pool 351 nodes 3998 color_prunes 3998 size_prunes 0 maxdepth 11 fallbacks 0 expected 435493234685101660088476 closed 435493234685101660088476 seconds 0.278348 labels 1 5 6 25 26 35 81 86
root 1239 h 8 pool 345 nodes 3919 color_prunes 3919 size_prunes 0 maxdepth 11 fallbacks 0 expected 435493234685101660088476 closed 435493234685101660088476 seconds 0.248179 labels 1 5 6 25 26 35 81 96
root 1240 h 8 pool 350 nodes 3921 color_prunes 3921 size_prunes 0 maxdepth 11 fallbacks 0 expected 435493234685101660088476 closed 435493234685101660088476 seconds 0.260143 labels 1 5 6 25 26 35 86 96
root 1241 h 8 pool 352 nodes 3943 color_prunes 3943 size_prunes 0 maxdepth 11 fallbacks 0 expected 435493234685101660088476 closed 435493234685101660088476 seconds 0.305808 labels 1 5 6 25 26 35 96 121
root 1243 h 8 pool 350 nodes 3996 color_prunes 3996 size_prunes 0 maxdepth 11 fallbacks 0 expected 435493234685101660088476 closed 435493234685101660088476 seconds 0.275209 labels 1 5 6 25 26 36 37 65
root 1242 h 8 pool 355 nodes 4096 color_prunes 4096 size_prunes 0 maxdepth 11 fallbacks 0 expected 435493234685101660088476 closed 435493234685101660088476 seconds 0.343841 labels 1 5 6 25 26 35 106 121
root 1244 h 8 pool 357 nodes 4370 color_prunes 4370 size_prunes 0 maxdepth 12 fallbacks 0 expected 435493234685101660088476 closed 435493234685101660088476 seconds 0.303196 labels 1 5 6 25 26 36 38 40
root 1245 h 8 pool 358 nodes 4375 color_prunes 4375 size_prunes 0 maxdepth 12 fallbacks 0 expected 435493234685101660088476 closed 435493234685101660088476 seconds 0.361321 labels 1 5 6 25 26 36 38 43
root 1247 h 8 pool 350 nodes 4013 color_prunes 4013 size_prunes 0 maxdepth 11 fallbacks 0 expected 435493234685101660088476 closed 435493234685101660088476 seconds 0.253821 labels 1 5 6 25 26 36 39 42
root 1246 h 8 pool 357 nodes 4308 color_prunes 4308 size_prunes 0 maxdepth 12 fallbacks 0 expected 435493234685101660088476 closed 435493234685101660088476 seconds 0.358882 labels 1 5 6 25 26 36 39 40
root 1248 h 8 pool 355 nodes 4117 color_prunes 4117 size_prunes 0 maxdepth 11 fallbacks 0 expected 435493234685101660088476 closed 435493234685101660088476 seconds 0.328133 labels 1 5 6 25 26 36 39 49
root 1249 h 8 pool 365 nodes 5982 color_prunes 5982 size_prunes 0 maxdepth 12 fallbacks 0 expected 435493234685101660088476 closed 435493234685101660088476 seconds 0.371966 labels 1 5 6 25 26 36 39 121
root 1250 h 8 pool 357 nodes 4308 color_prunes 4308 size_prunes 0 maxdepth 12 fallbacks 0 expected 435493234685101660088476 closed 435493234685101660088476 seconds 0.332586 labels 1 5 6 25 26 36 40 43
root 1251 h 8 pool 360 nodes 4868 color_prunes 4868 size_prunes 0 maxdepth 12 fallbacks 0 expected 435493234685101660088476 closed 435493234685101660088476 seconds 0.374344 labels 1 5 6 25 26 36 40 106
root 1252 h 8 pool 360 nodes 4691 color_prunes 4691 size_prunes 0 maxdepth 12 fallbacks 0 expected 435493234685101660088476 closed 435493234685101660088476 seconds 0.350958 labels 1 5 6 25 26 36 40 121
root 1253 h 8 pool 358 nodes 4350 color_prunes 4350 size_prunes 0 maxdepth 12 fallbacks 0 expected 435493234685101660088476 closed 435493234685101660088476 seconds 0.337858 labels 1 5 6 25 26 36 42 43
root 1254 h 8 pool 356 nodes 4250 color_prunes 4250 size_prunes 0 maxdepth 12 fallbacks 0 expected 435493234685101660088476 closed 435493234685101660088476 seconds 0.313853 labels 1 5 6 25 26 36 42 73
root 1255 h 8 pool 352 nodes 3962 color_prunes 3962 size_prunes 0 maxdepth 11 fallbacks 0 expected 435493234685101660088476 closed 435493234685101660088476 seconds 0.276997 labels 1 5 6 25 26 36 42 84
root 1256 h 8 pool 346 nodes 3917 color_prunes 3917 size_prunes 0 maxdepth 11 fallbacks 0 expected 435493234685101660088476 closed 435493234685101660088476 seconds 0.226565 labels 1 5 6 25 26 36 42 85
root 1257 h 8 pool 356 nodes 4196 color_prunes 4196 size_prunes 0 maxdepth 12 fallbacks 0 expected 435493234685101660088476 closed 435493234685101660088476 seconds 0.327591 labels 1 5 6 25 26 36 42 121
root 1260 h 8 pool 354 nodes 4110 color_prunes 4110 size_prunes 0 maxdepth 12 fallbacks 0 expected 435493234685101660088476 closed 435493234685101660088476 seconds 0.247665 labels 1 5 6 25 26 36 65 106
root 1258 h 8 pool 357 nodes 4297 color_prunes 4297 size_prunes 0 maxdepth 11 fallbacks 0 expected 435493234685101660088476 closed 435493234685101660088476 seconds 0.312862 labels 1 5 6 25 26 36 43 121
root 1259 h 8 pool 350 nodes 4002 color_prunes 4002 size_prunes 0 maxdepth 11 fallbacks 0 expected 435493234685101660088476 closed 435493234685101660088476 seconds 0.294788 labels 1 5 6 25 26 36 48 73
root 1262 h 8 pool 345 nodes 3914 color_prunes 3914 size_prunes 0 maxdepth 11 fallbacks 0 expected 435493234685101660088476 closed 435493234685101660088476 seconds 0.221472 labels 1 5 6 25 26 36 73 85
root 1264 h 8 pool 345 nodes 4017 color_prunes 4017 size_prunes 0 maxdepth 11 fallbacks 0 expected 435493234685101660088476 closed 435493234685101660088476 seconds 0.226756 labels 1 5 6 25 26 36 73 121
root 1263 h 8 pool 352 nodes 3984 color_prunes 3984 size_prunes 0 maxdepth 11 fallbacks 0 expected 435493234685101660088476 closed 435493234685101660088476 seconds 0.289601 labels 1 5 6 25 26 36 73 106
root 1261 h 8 pool 356 nodes 4273 color_prunes 4273 size_prunes 0 maxdepth 12 fallbacks 0 expected 435493234685101660088476 closed 435493234685101660088476 seconds 0.328821 labels 1 5 6 25 26 36 65 121
root 1266 h 8 pool 353 nodes 3981 color_prunes 3981 size_prunes 0 maxdepth 11 fallbacks 0 expected 435493234685101660088476 closed 435493234685101660088476 seconds 0.233429 labels 1 5 6 25 26 36 84 106
root 1265 h 8 pool 354 nodes 4040 color_prunes 4040 size_prunes 0 maxdepth 11 fallbacks 0 expected 435493234685101660088476 closed 435493234685101660088476 seconds 0.320715 labels 1 5 6 25 26 36 80 121
root 1267 h 8 pool 356 nodes 4214 color_prunes 4214 size_prunes 0 maxdepth 12 fallbacks 0 expected 435493234685101660088476 closed 435493234685101660088476 seconds 0.330504 labels 1 5 6 25 26 36 85 106
root 1268 h 8 pool 357 nodes 4235 color_prunes 4235 size_prunes 0 maxdepth 12 fallbacks 0 expected 435493234685101660088476 closed 435493234685101660088476 seconds 0.325955 labels 1 5 6 25 26 36 106 121
root 1269 h 8 pool 361 nodes 4851 color_prunes 4851 size_prunes 0 maxdepth 12 fallbacks 0 expected 435493234685101660088476 closed 435493234685101660088476 seconds 0.370659 labels 1 5 6 25 26 37 38 57
root 1270 h 8 pool 360 nodes 4644 color_prunes 4644 size_prunes 0 maxdepth 12 fallbacks 0 expected 435493234685101660088476 closed 435493234685101660088476 seconds 0.357159 labels 1 5 6 25 26 37 38 94
root 1271 h 8 pool 358 nodes 4421 color_prunes 4421 size_prunes 0 maxdepth 12 fallbacks 0 expected 435493234685101660088476 closed 435493234685101660088476 seconds 0.327886 labels 1 5 6 25 26 37 38 109
root 1272 h 8 pool 358 nodes 4366 color_prunes 4366 size_prunes 0 maxdepth 12 fallbacks 0 expected 435493234685101660088476 closed 435493234685101660088476 seconds 0.343308 labels 1 5 6 25 26 37 41 47
root 1273 h 8 pool 352 nodes 3925 color_prunes 3925 size_prunes 0 maxdepth 11 fallbacks 0 expected 435493234685101660088476 closed 435493234685101660088476 seconds 0.26824 labels 1 5 6 25 26 37 41 94
root 1274 h 8 pool 363 nodes 5314 color_prunes 5314 size_prunes 0 maxdepth 12 fallbacks 0 expected 435493234685101660088476 closed 435493234685101660088476 seconds 0.396293 labels 1 5 6 25 26 37 44 63
root 1275 h 8 pool 362 nodes 5085 color_prunes 5085 size_prunes 0 maxdepth 12 fallbacks 0 expected 435493234685101660088476 closed 435493234685101660088476 seconds 0.366754 labels 1 5 6 25 26 37 44 94
root 1276 h 8 pool 362 nodes 5426 color_prunes 5426 size_prunes 0 maxdepth 12 fallbacks 0 expected 435493234685101660088476 closed 435493234685101660088476 seconds 0.405088 labels 1 5 6 25 26 37 57 63
root 1277 h 8 pool 359 nodes 4965 color_prunes 4965 size_prunes 0 maxdepth 12 fallbacks 0 expected 435493234685101660088476 closed 435493234685101660088476 seconds 0.394481 labels 1 5 6 25 26 37 57 94
root 1278 h 8 pool 360 nodes 4678 color_prunes 4678 size_prunes 0 maxdepth 12 fallbacks 0 expected 435493234685101660088476 closed 435493234685101660088476 seconds 0.371851 labels 1 5 6 25 26 37 58 63
root 1279 h 8 pool 364 nodes 5661 color_prunes 5661 size_prunes 0 maxdepth 12 fallbacks 0 expected 435493234685101660088476 closed 435493234685101660088476 seconds 0.362576 labels 1 5 6 25 26 37 58 83
root 1280 h 8 pool 362 nodes 5046 color_prunes 5046 size_prunes 0 maxdepth 12 fallbacks 0 expected 435493234685101660088476 closed 435493234685101660088476 seconds 0.387849 labels 1 5 6 25 26 37 58 89
root 1281 h 8 pool 351 nodes 3984 color_prunes 3984 size_prunes 0 maxdepth 11 fallbacks 0 expected 435493234685101660088476 closed 435493234685101660088476 seconds 0.281806 labels 1 5 6 25 26 37 58 94
root 1283 h 8 pool 358 nodes 4435 color_prunes 4435 size_prunes 0 maxdepth 12 fallbacks 0 expected 435493234685101660088476 closed 435493234685101660088476 seconds 0.32066 labels 1 5 6 25 26 37 63 83
root 1282 h 8 pool 363 nodes 5371 color_prunes 5371 size_prunes 0 maxdepth 12 fallbacks 0 expected 435493234685101660088476 closed 435493234685101660088476 seconds 0.398712 labels 1 5 6 25 26 37 58 109
root 1284 h 8 pool 352 nodes 3973 color_prunes 3973 size_prunes 0 maxdepth 11 fallbacks 0 expected 435493234685101660088476 closed 435493234685101660088476 seconds 0.300029 labels 1 5 6 25 26 37 65 94
root 1285 h 8 pool 356 nodes 4256 color_prunes 4256 size_prunes 0 maxdepth 11 fallbacks 0 expected 435493234685101660088476 closed 435493234685101660088476 seconds 0.321542 labels 1 5 6 25 26 37 83 89
root 1286 h 8 pool 352 nodes 3986 color_prunes 3986 size_prunes 0 maxdepth 11 fallbacks 0 expected 435493234685101660088476 closed 435493234685101660088476 seconds 0.283817 labels 1 5 6 25 26 37 89 94
root 1288 h 8 pool 355 nodes 4139 color_prunes 4139 size_prunes 0 maxdepth 11 fallbacks 0 expected 435493234685101660088476 closed 435493234685101660088476 seconds 0.292561 labels 1 5 6 25 26 37 94 109
root 1289 h 8 pool 354 nodes 4146 color_prunes 4146 size_prunes 0 maxdepth 11 fallbacks 0 expected 435493234685101660088476 closed 435493234685101660088476 seconds 0.28001 labels 1 5 6 25 26 38 39 108
root 1287 h 8 pool 360 nodes 4645 color_prunes 4645 size_prunes 0 maxdepth 12 fallbacks 0 expected 435493234685101660088476 closed 435493234685101660088476 seconds 0.356997 labels 1 5 6 25 26 37 89 109
root 1290 h 8 pool 354 nodes 4081 color_prunes 4081 size_prunes 0 maxdepth 11 fallbacks 0 expected 435493234685101660088476 closed 435493234685101660088476 seconds 0.282777 labels 1 5 6 25 26 38 39 113
root 1291 h 8 pool 346 nodes 4012 color_prunes 4012 size_prunes 0 maxdepth 11 fallbacks 0 expected 435493234685101660088476 closed 435493234685101660088476 seconds 0.227894 labels 1 5 6 25 26 38 40 68
root 1292 h 8 pool 350 nodes 3956 color_prunes 3956 size_prunes 0 maxdepth 11 fallbacks 0 expected 435493234685101660088476 closed 435493234685101660088476 seconds 0.270006 labels 1 5 6 25 26 38 41 47
root 1293 h 8 pool 359 nodes 4543 color_prunes 4543 size_prunes 0 maxdepth 12 fallbacks 0 expected 435493234685101660088476 closed 435493234685101660088476 seconds 0.346604 labels 1 5 6 25 26 38 43 63
root 1294 h 8 pool 360 nodes 4668 color_prunes 4668 size_prunes 0 maxdepth 12 fallbacks 0 expected 435493234685101660088476 closed 435493234685101660088476 seconds 0.308994 labels 1 5 6 25 26 38 43 69
root 1295 h 8 pool 357 nodes 4340 color_prunes 4340 size_prunes 0 maxdepth 11 fallbacks 0 expected 435493234685101660088476 closed 435493234685101660088476 seconds 0.365529 labels 1 5 6 25 26 38 43 88
root 1296 h 8 pool 363 nodes 5063 color_prunes 5063 size_prunes 0 maxdepth 12 fallbacks 0 expected 435493234685101660088476 closed 435493234685101660088476 seconds 0.417632 labels 1 5 6 25 26 38 43 109
root 1298 h 8 pool 360 nodes 4786 color_prunes 4786 size_prunes 0 maxdepth 12 fallbacks 0 expected 435493234685101660088476 closed 435493234685101660088476 seconds 0.25681 labels 1 5 6 25 26 38 48 108
root 1297 h 8 pool 359 nodes 4507 color_prunes 4507 size_prunes 0 maxdepth 12 fallbacks 0 expected 435493234685101660088476 closed 435493234685101660088476 seconds 0.366755 labels 1 5 6 25 26 38 47 113
root 1299 h 8 pool 359 nodes 4547 color_prunes 4547 size_prunes 0 maxdepth 12 fallbacks 0 expected 435493234685101660088476 closed 435493234685101660088476 seconds 0.341212 labels 1 5 6 25 26 38 48 113
root 1301 h 8 pool 357 nodes 4284 color_prunes 4284 size_prunes 0 maxdepth 12 fallbacks 0 expected 435493234685101660088476 closed 435493234685101660088476 seconds 0.316456 labels 1 5 6 25 26 38 49 88
root 1302 h 8 pool 358 nodes 4340 color_prunes 4340 size_prunes 0 maxdepth 12 fallbacks 0 expected 435493234685101660088476 closed 435493234685101660088476 seconds 0.318376 labels 1 5 6 25 26 38 49 94
root 1300 h 8 pool 364 nodes 5644 color_prunes 5644 size_prunes 0 maxdepth 12 fallbacks 0 expected 435493234685101660088476 closed 435493234685101660088476 seconds 0.401123 labels 1 5 6 25 26 38 49 69
root 1303 h 8 pool 359 nodes 4507 color_prunes 4507 size_prunes 0 maxdepth 12 fallbacks 0 expected 435493234685101660088476 closed 435493234685101660088476 seconds 0.338174 labels 1 5 6 25 26 38 49 96
root 1305 h 8 pool 354 nodes 4108 color_prunes 4108 size_prunes 0 maxdepth 12 fallbacks 0 expected 435493234685101660088476 closed 435493234685101660088476 seconds 0.30132 labels 1 5 6 25 26 38 63 68
root 1304 h 8 pool 365 nodes 5883 color_prunes 5883 size_prunes 0 maxdepth 12 fallbacks 0 expected 435493234685101660088476 closed 435493234685101660088476 seconds 0.401551 labels 1 5 6 25 26 38 49 113
root 1306 h 8 pool 361 nodes 4957 color_prunes 4957 size_prunes 0 maxdepth 12 fallbacks 0 expected 435493234685101660088476 closed 435493234685101660088476 seconds 0.360993 labels 1 5 6 25 26 38 63 69
root 1307 h 8 pool 350 nodes 3969 color_prunes 3969 size_prunes 0 maxdepth 11 fallbacks 0 expected 435493234685101660088476 closed 435493234685101660088476 seconds 0.277013 labels 1 5 6 25 26 38 68 88
root 1308 h 8 pool 356 nodes 4155 color_prunes 4155 size_prunes 0 maxdepth 12 fallbacks 0 expected 435493234685101660088476 closed 435493234685101660088476 seconds 0.306683 labels 1 5 6 25 26 38 68 94
root 1309 h 8 pool 345 nodes 3941 color_prunes 3941 size_prunes 0 maxdepth 11 fallbacks 0 expected 435493234685101660088476 closed 435493234685101660088476 seconds 0.226307 labels 1 5 6 25 26 38 68 96
root 1310 h 8 pool 348 nodes 3972 color_prunes 3972 size_prunes 0 maxdepth 11 fallbacks 0 expected 435493234685101660088476 closed 435493234685101660088476 seconds 0.242752 labels 1 5 6 25 26 38 68 109
root 1311 h 8 pool 351 nodes 3959 color_prunes 3959 size_prunes 0 maxdepth 11 fallbacks 0 expected 435493234685101660088476 closed 435493234685101660088476 seconds 0.261844 labels 1 5 6 25 26 38 68 113
root 1314 h 8 pool 346 nodes 3978 color_prunes 3978 size_prunes 0 maxdepth 11 fallbacks 0 expected 435493234685101660088476 closed 435493234685101660088476 seconds 0.22956 labels 1 5 6 25 26 38 69 113
root 1312 h 8 pool 353 nodes 4054 color_prunes 4054 size_prunes 0 maxdepth 11 fallbacks 0 expected 435493234685101660088476 closed 435493234685101660088476 seconds 0.282484 labels 1 5 6 25 26 38 69 94
root 1313 h 8 pool 352 nodes 4020 color_prunes 4020 size_prunes 0 maxdepth 11 fallbacks 0 expected 435493234685101660088476 closed 435493234685101660088476 seconds 0.279984 labels 1 5 6 25 26 38 69 109
root 1315 h 8 pool 351 nodes 3971 color_prunes 3971 size_prunes 0 maxdepth 11 fallbacks 0 expected 435493234685101660088476 closed 435493234685101660088476 seconds 0.285185 labels 1 5 6 25 26 38 88 94
root 1316 h 8 pool 346 nodes 4012 color_prunes 4012 size_prunes 0 maxdepth 11 fallbacks 0 expected 435493234685101660088476 closed 435493234685101660088476 seconds 0.233985 labels 1 5 6 25 26 38 94 108
root 1317 h 8 pool 347 nodes 3974 color_prunes 3974 size_prunes 0 maxdepth 11 fallbacks 0 expected 435493234685101660088476 closed 435493234685101660088476 seconds 0.234208 labels 1 5 6 25 26 38 94 109
root 1318 h 8 pool 350 nodes 4005 color_prunes 4005 size_prunes 0 maxdepth 11 fallbacks 0 expected 435493234685101660088476 closed 435493234685101660088476 seconds 0.299212 labels 1 5 6 25 26 39 40 42
root 1319 h 8 pool 345 nodes 3892 color_prunes 3892 size_prunes 0 maxdepth 11 fallbacks 0 expected 435493234685101660088476 closed 435493234685101660088476 seconds 0.260921 labels 1 5 6 25 26 39 40 87
root 1321 h 8 pool 355 nodes 4203 color_prunes 4203 size_prunes 0 maxdepth 11 fallbacks 0 expected 435493234685101660088476 closed 435493234685101660088476 seconds 0.181487 labels 1 5 6 25 26 39 46 113
root 1320 h 8 pool 355 nodes 4081 color_prunes 4081 size_prunes 0 maxdepth 11 fallbacks 0 expected 435493234685101660088476 closed 435493234685101660088476 seconds 0.313903 labels 1 5 6 25 26 39 42 121
root 1324 h 8 pool 345 nodes 3964 color_prunes 3964 size_prunes 0 maxdepth 11 fallbacks 0 expected 435493234685101660088476 closed 435493234685101660088476 seconds 0.226775 labels 1 5 6 25 26 39 61 113
root 1322 h 8 pool 360 nodes 4749 color_prunes 4749 size_prunes 0 maxdepth 12 fallbacks 0 expected 435493234685101660088476 closed 435493234685101660088476 seconds 0.364041 labels 1 5 6 25 26 39 46 121
root 1323 h 8 pool 354 nodes 4133 color_prunes 4133 size_prunes 0 maxdepth 11 fallbacks 0 expected 435493234685101660088476 closed 435493234685101660088476 seconds 0.287562 labels 1 5 6 25 26 39 49 113
root 1325 h 8 pool 346 nodes 4000 color_prunes 4000 size_prunes 0 maxdepth 11 fallbacks 0 expected 435493234685101660088476 closed 435493234685101660088476 seconds 0.245182 labels 1 5 6 25 26 39 87 113
root 1328 h 8 pool 353 nodes 4101 color_prunes 4101 size_prunes 0 maxdepth 11 fallbacks 0 expected 435493234685101660088476 closed 435493234685101660088476 seconds 0.195206 labels 1 5 6 25 26 40 42 121
root 1326 h 8 pool 350 nodes 3947 color_prunes 3947 size_prunes 0 maxdepth 11 fallbacks 0 expected 435493234685101660088476 closed 435493234685101660088476 seconds 0.26855 labels 1 5 6 25 26 39 96 121
root 1327 h 8 pool 353 nodes 4045 color_prunes 4045 size_prunes 0 maxdepth 11 fallbacks 0 expected 435493234685101660088476 closed 435493234685101660088476 seconds 0.341315 labels 1 5 6 25 26 40 42 116
root 1331 h 8 pool 365 nodes 6575 color_prunes 6575 size_prunes 0 maxdepth 12 fallbacks 0 expected 435493234685101660088476 closed 435493234685101660088476 seconds 0.225614 labels 1 5 6 25 26 40 46 49
root 1329 h 8 pool 358 nodes 4483 color_prunes 4483 size_prunes 0 maxdepth 12 fallbacks 0 expected 435493234685101660088476 closed 435493234685101660088476 seconds 0.416341 labels 1 5 6 25 26 40 43 116
root 1330 h 8 pool 355 nodes 4133 color_prunes 4133 size_prunes 0 maxdepth 11 fallbacks 0 expected 435493234685101660088476 closed 435493234685101660088476 seconds 0.397567 labels 1 5 6 25 26 40 43 121
root 1332 h 8 pool 356 nodes 4184 color_prunes 4184 size_prunes 0 maxdepth 12 fallbacks 0 expected 435493234685101660088476 closed 435493234685101660088476 seconds 0.388878 labels 1 5 6 25 26 40 46 81
root 1333 h 8 pool 360 nodes 4928 color_prunes 4928 size_prunes 0 maxdepth 12 fallbacks 0 expected 435493234685101660088476 closed 435493234685101660088476 seconds 0.306912 labels 1 5 6 25 26 40 46 121
root 1335 h 8 pool 356 nodes 4243 color_prunes 4243 size_prunes 0 maxdepth 12 fallbacks 0 expected 435493234685101660088476 closed 435493234685101660088476 seconds 0.314364 labels 1 5 6 25 26 40 47 73
root 1334 h 8 pool 361 nodes 5071 color_prunes 5071 size_prunes 0 maxdepth 12 fallbacks 0 expected 435493234685101660088476 closed 435493234685101660088476 seconds 0.393158 labels 1 5 6 25 26 40 47 49
root 1336 h 8 pool 356 nodes 4212 color_prunes 4212 size_prunes 0 maxdepth 12 fallbacks 0 expected 435493234685101660088476 closed 435493234685101660088476 seconds 0.315643 labels 1 5 6 25 26 40 49 96
root 1337 h 8 pool 358 nodes 4413 color_prunes 4413 size_prunes 0 maxdepth 12 fallbacks 0 expected 435493234685101660088476 closed 435493234685101660088476 seconds 0.343913 labels 1 5 6 25 26 40 61 66
root 1338 h 8 pool 352 nodes 3965 color_prunes 3965 size_prunes 0 maxdepth 11 fallbacks 0 expected 435493234685101660088476 closed 435493234685101660088476 seconds 0.300282 labels 1 5 6 25 26 40 61 81
root 1339 h 8 pool 356 nodes 4187 color_prunes 4187 size_prunes 0 maxdepth 12 fallbacks 0 expected 435493234685101660088476 closed 435493234685101660088476 seconds 0.317655 labels 1 5 6 25 26 40 61 86
root 1340 h 8 pool 351 nodes 3990 color_prunes 3990 size_prunes 0 maxdepth 11 fallbacks 0 expected 435493234685101660088476 closed 435493234685101660088476 seconds 0.295533 labels 1 5 6 25 26 40 66 116
root 1341 h 8 pool 351 nodes 4012 color_prunes 4012 size_prunes 0 maxdepth 11 fallbacks 0 expected 435493234685101660088476 closed 435493234685101660088476 seconds 0.270034 labels 1 5 6 25 26 40 68 73
root 1342 h 8 pool 342 nodes 3913 color_prunes 3913 size_prunes 0 maxdepth 11 fallbacks 0 expected 435493234685101660088476 closed 435493234685101660088476 seconds 0.198621 labels 1 5 6 25 26 40 68 96
root 1343 h 8 pool 348 nodes 4021 color_prunes 4021 size_prunes 0 maxdepth 11 fallbacks 0 expected 435493234685101660088476 closed 435493234685101660088476 seconds 0.267288 labels 1 5 6 25 26 40 68 121
root 1344 h 8 pool 351 nodes 3959 color_prunes 3959 size_prunes 0 maxdepth 11 fallbacks 0 expected 435493234685101660088476 closed 435493234685101660088476 seconds 0.295446 labels 1 5 6 25 26 40 69 73
root 1346 h 8 pool 357 nodes 4350 color_prunes 4350 size_prunes 0 maxdepth 12 fallbacks 0 expected 435493234685101660088476 closed 435493234685101660088476 seconds 0.257986 labels 1 5 6 25 26 40 69 106
root 1345 h 8 pool 352 nodes 3957 color_prunes 3957 size_prunes 0 maxdepth 11 fallbacks 0 expected 435493234685101660088476 closed 435493234685101660088476 seconds 0.305061 labels 1 5 6 25 26 40 69 87
root 1347 h 8 pool 355 nodes 4155 color_prunes 4155 size_prunes 0 maxdepth 12 fallbacks 0 expected 435493234685101660088476 closed 435493234685101660088476 seconds 0.300633 labels 1 5 6 25 26 40 69 116
root 1349 h 8 pool 352 nodes 3982 color_prunes 3982 size_prunes 0 maxdepth 11 fallbacks 0 expected 435493234685101660088476 closed 435493234685101660088476 seconds 0.268713 labels 1 5 6 25 26 40 73 86
root 1348 h 8 pool 356 nodes 4244 color_prunes 4244 size_prunes 0 maxdepth 12 fallbacks 0 expected 435493234685101660088476 closed 435493234685101660088476 seconds 0.308797 labels 1 5 6 25 26 40 69 121
root 1350 h 8 pool 351 nodes 3988 color_prunes 3988 size_prunes 0 maxdepth 11 fallbacks 0 expected 435493234685101660088476 closed 435493234685101660088476 seconds 0.264616 labels 1 5 6 25 26 40 73 87
root 1351 h 8 pool 353 nodes 4033 color_prunes 4033 size_prunes 0 maxdepth 11 fallbacks 0 expected 435493234685101660088476 closed 435493234685101660088476 seconds 0.286609 labels 1 5 6 25 26 40 73 106
root 1352 h 8 pool 347 nodes 3974 color_prunes 3974 size_prunes 0 maxdepth 11 fallbacks 0 expected 435493234685101660088476 closed 435493234685101660088476 seconds 0.239109 labels 1 5 6 25 26 40 73 121
root 1354 h 8 pool 348 nodes 4041 color_prunes 4041 size_prunes 0 maxdepth 11 fallbacks 0 expected 435493234685101660088476 closed 435493234685101660088476 seconds 0.259064 labels 1 5 6 25 26 40 81 96
root 1353 h 8 pool 353 nodes 4063 color_prunes 4063 size_prunes 0 maxdepth 11 fallbacks 0 expected 435493234685101660088476 closed 435493234685101660088476 seconds 0.29519 labels 1 5 6 25 26 40 81 86
root 1355 h 8 pool 351 nodes 3988 color_prunes 3988 size_prunes 0 maxdepth 11 fallbacks 0 expected 435493234685101660088476 closed 435493234685101660088476 seconds 0.295175 labels 1 5 6 25 26 40 86 96
root 1356 h 8 pool 354 nodes 4068 color_prunes 4068 size_prunes 0 maxdepth 12 fallbacks 0 expected 435493234685101660088476 closed 435493234685101660088476 seconds 0.308714 labels 1 5 6 25 26 40 96 116
root 1357 h 8 pool 355 nodes 4130 color_prunes 4130 size_prunes 0 maxdepth 12 fallbacks 0 expected 435493234685101660088476 closed 435493234685101660088476 seconds 0.303077 labels 1 5 6 25 26 40 96 121
root 1358 h 8 pool 355 nodes 4231 color_prunes 4231 size_prunes 0 maxdepth 11 fallbacks 0 expected 435493234685101660088476 closed 435493234685101660088476 seconds 0.293261 labels 1 5 6 25 26 41 43 116
root 1359 h 8 pool 356 nodes 4184 color_prunes 4184 size_prunes 0 maxdepth 11 fallbacks 0 expected 435493234685101660088476 closed 435493234685101660088476 seconds 0.312563 labels 1 5 6 25 26 41 44 116
root 1360 h 8 pool 358 nodes 4471 color_prunes 4471 size_prunes 0 maxdepth 12 fallbacks 0 expected 435493234685101660088476 closed 435493234685101660088476 seconds 0.319057 labels 1 5 6 25 26 41 47 49
root 1361 h 8 pool 355 nodes 4150 color_prunes 4150 size_prunes 0 maxdepth 12 fallbacks 0 expected 435493234685101660088476 closed 435493234685101660088476 seconds 0.298022 labels 1 5 6 25 26 41 47 94
root 1362 h 8 pool 356 nodes 4263 color_prunes 4263 size_prunes 0 maxdepth 12 fallbacks 0 expected 435493234685101660088476 closed 435493234685101660088476 seconds 0.299175 labels 1 5 6 25 26 41 49 66
root 1363 h 8 pool 354 nodes 4057 color_prunes 4057 size_prunes 0 maxdepth 11 fallbacks 0 expected 435493234685101660088476 closed 435493234685101660088476 seconds 0.314475 labels 1 5 6 25 26 41 61 65
root 1364 h 8 pool 352 nodes 3979 color_prunes 3979 size_prunes 0 maxdepth 11 fallbacks 0 expected 435493234685101660088476 closed 435493234685101660088476 seconds 0.24376 labels 1 5 6 25 26 41 61 85
root 1366 h 8 pool 348 nodes 3953 color_prunes 3953 size_prunes 0 maxdepth 11 fallbacks 0 expected 435493234685101660088476 closed 435493234685101660088476 seconds 0.28126 labels 1 5 6 25 26 41 65 116
root 1365 h 8 pool 356 nodes 4208 color_prunes 4208 size_prunes 0 maxdepth 12 fallbacks 0 expected 435493234685101660088476 closed 435493234685101660088476 seconds 0.34854 labels 1 5 6 25 26 41 65 106
root 1367 h 8 pool 357 nodes 4341 color_prunes 4341 size_prunes 0 maxdepth 12 fallbacks 0 expected 435493234685101660088476 closed 435493234685101660088476 seconds 0.326223 labels 1 5 6 25 26 41 66 85
root 1368 h 8 pool 360 nodes 4711 color_prunes 4711 size_prunes 0 maxdepth 12 fallbacks 0 expected 435493234685101660088476 closed 435493234685101660088476 seconds 0.349481 labels 1 5 6 25 26 41 66 94
root 1369 h 8 pool 358 nodes 4405 color_prunes 4405 size_prunes 0 maxdepth 12 fallbacks 0 expected 435493234685101660088476 closed 435493234685101660088476 seconds 0.325867 labels 1 5 6 25 26 41 68 94
root 1370 h 8 pool 358 nodes 4422 color_prunes 4422 size_prunes 0 maxdepth 12 fallbacks 0 expected 435493234685101660088476 closed 435493234685101660088476 seconds 0.335403 labels 1 5 6 25 26 41 85 106
root 1371 h 8 pool 356 nodes 4197 color_prunes 4197 size_prunes 0 maxdepth 11 fallbacks 0 expected 435493234685101660088476 closed 435493234685101660088476 seconds 0.301202 labels 1 5 6 25 26 41 94 106
root 1372 h 8 pool 353 nodes 4037 color_prunes 4037 size_prunes 0 maxdepth 11 fallbacks 0 expected 435493234685101660088476 closed 435493234685101660088476 seconds 0.277793 labels 1 5 6 25 26 42 44 116
root 1373 h 8 pool 352 nodes 4022 color_prunes 4022 size_prunes 0 maxdepth 11 fallbacks 0 expected 435493234685101660088476 closed 435493234685101660088476 seconds 0.246232 labels 1 5 6 25 26 42 47 73
root 1374 h 8 pool 356 nodes 4154 color_prunes 4154 size_prunes 0 maxdepth 11 fallbacks 0 expected 435493234685101660088476 closed 435493234685101660088476 seconds 0.314834 labels 1 5 6 25 26 42 47 94
root 1376 h 8 pool 344 nodes 3982 color_prunes 3982 size_prunes 0 maxdepth 11 fallbacks 0 expected 435493234685101660088476 closed 435493234685101660088476 seconds 0.228135 labels 1 5 6 25 26 42 65 121
root 1377 h 8 pool 350 nodes 4003 color_prunes 4003 size_prunes 0 maxdepth 11 fallbacks 0 expected 435493234685101660088476 closed 435493234685101660088476 seconds 0.225131 labels 1 5 6 25 26 42 68 84
root 1375 h 8 pool 349 nodes 3950 color_prunes 3950 size_prunes 0 maxdepth 11 fallbacks 0 expected 435493234685101660088476 closed 435493234685101660088476 seconds 0.295996 labels 1 5 6 25 26 42 65 94
root 1380 h 8 pool 341 nodes 3963 color_prunes 3963 size_prunes 0 maxdepth 11 fallbacks 0 expected 435493234685101660088476 closed 435493234685101660088476 seconds 0.120798 labels 1 5 6 25 26 42 73 121
root 1378 h 8 pool 344 nodes 4002 color_prunes 4002 size_prunes 0 maxdepth 11 fallbacks 0 expected 435493234685101660088476 closed 435493234685101660088476 seconds 0.253057 labels 1 5 6 25 26 42 68 121
root 1379 h 8 pool 347 nodes 4003 color_prunes 4003 size_prunes 0 maxdepth 11 fallbacks 0 expected 435493234685101660088476 closed 435493234685101660088476 seconds 0.277107 labels 1 5 6 25 26 42 73 85
root 1382 h 8 pool 350 nodes 3980 color_prunes 3980 size_prunes 0 maxdepth 11 fallbacks 0 expected 435493234685101660088476 closed 435493234685101660088476 seconds 0.191642 labels 1 5 6 25 26 42 85 94
root 1381 h 8 pool 352 nodes 4007 color_prunes 4007 size_prunes 0 maxdepth 11 fallbacks 0 expected 435493234685101660088476 closed 435493234685101660088476 seconds 0.322883 labels 1 5 6 25 26 42 84 94
root 1385 h 8 pool 353 nodes 4083 color_prunes 4083 size_prunes 0 maxdepth 11 fallbacks 0 expected 435493234685101660088476 closed 435493234685101660088476 seconds 0.225973 labels 1 5 6 25 26 43 63 113
root 1383 h 8 pool 360 nodes 4687 color_prunes 4687 size_prunes 0 maxdepth 12 fallbacks 0 expected 435493234685101660088476 closed 435493234685101660088476 seconds 0.402717 labels 1 5 6 25 26 43 63 69
root 1384 h 8 pool 357 nodes 4331 color_prunes 4331 size_prunes 0 maxdepth 11 fallbacks 0 expected 435493234685101660088476 closed 435493234685101660088476 seconds 0.346878 labels 1 5 6 25 26 43 63 88
root 1386 h 8 pool 353 nodes 4081 color_prunes 4081 size_prunes 0 maxdepth 11 fallbacks 0 expected 435493234685101660088476 closed 435493234685101660088476 seconds 0.306485 labels 1 5 6 25 26 43 65 96
root 1389 h 8 pool 349 nodes 3960 color_prunes 3960 size_prunes 0 maxdepth 11 fallbacks 0 expected 435493234685101660088476 closed 435493234685101660088476 seconds 0.183063 labels 1 5 6 25 26 43 65 121
root 1387 h 8 pool 353 nodes 4046 color_prunes 4046 size_prunes 0 maxdepth 11 fallbacks 0 expected 435493234685101660088476 closed 435493234685101660088476 seconds 0.269866 labels 1 5 6 25 26 43 65 113
root 1388 h 8 pool 352 nodes 4025 color_prunes 4025 size_prunes 0 maxdepth 11 fallbacks 0 expected 435493234685101660088476 closed 435493234685101660088476 seconds 0.300414 labels 1 5 6 25 26 43 65 116
root 1390 h 8 pool 344 nodes 3986 color_prunes 3986 size_prunes 0 maxdepth 11 fallbacks 0 expected 435493234685101660088476 closed 435493234685101660088476 seconds 0.236946 labels 1 5 6 25 26 43 67 96
root 1392 h 8 pool 345 nodes 3933 color_prunes 3933 size_prunes 0 maxdepth 11 fallbacks 0 expected 435493234685101660088476 closed 435493234685101660088476 seconds 0.22375 labels 1 5 6 25 26 43 69 121
root 1391 h 8 pool 354 nodes 4075 color_prunes 4075 size_prunes 0 maxdepth 11 fallbacks 0 expected 435493234685101660088476 closed 435493234685101660088476 seconds 0.297273 labels 1 5 6 25 26 43 69 109
root 1393 h 8 pool 349 nodes 3984 color_prunes 3984 size_prunes 0 maxdepth 11 fallbacks 0 expected 435493234685101660088476 closed 435493234685101660088476 seconds 0.252522 labels 1 5 6 25 26 43 83 96
root 1394 h 8 pool 348 nodes 3972 color_prunes 3972 size_prunes 0 maxdepth 11 fallbacks 0 expected 435493234685101660088476 closed 435493234685101660088476 seconds 0.23712 labels 1 5 6 25 26 43 96 116
root 1395 h 8 pool 357 nodes 4305 color_prunes 4305 size_prunes 0 maxdepth 12 fallbacks 0 expected 435493234685101660088476 closed 435493234685101660088476 seconds 0.314536 labels 1 5 6 25 26 43 109 116
root 1396 h 8 pool 356 nodes 4163 color_prunes 4163 size_prunes 0 maxdepth 11 fallbacks 0 expected 435493234685101660088476 closed 435493234685101660088476 seconds 0.344391 labels 1 5 6 25 26 44 48 73
root 1397 h 8 pool 356 nodes 4238 color_prunes 4238 size_prunes 0 maxdepth 12 fallbacks 0 expected 435493234685101660088476 closed 435493234685101660088476 seconds 0.34425 labels 1 5 6 25 26 44 48 94
root 1399 h 8 pool 356 nodes 4238 color_prunes 4238 size_prunes 0 maxdepth 12 fallbacks 0 expected 435493234685101660088476 closed 435493234685101660088476 seconds 0.18125 labels 1 5 6 25 26 44 63 88
root 1398 h 8 pool 361 nodes 4852 color_prunes 4852 size_prunes 0 maxdepth 12 fallbacks 0 expected 435493234685101660088476 closed 435493234685101660088476 seconds 0.404529 labels 1 5 6 25 26 44 63 69
root 1400 h 8 pool 350 nodes 3950 color_prunes 3950 size_prunes 0 maxdepth 11 fallbacks 0 expected 435493234685101660088476 closed 435493234685101660088476 seconds 0.302615 labels 1 5 6 25 26 44 66 73
root 1401 h 8 pool 352 nodes 3966 color_prunes 3966 size_prunes 0 maxdepth 11 fallbacks 0 expected 435493234685101660088476 closed 435493234685101660088476 seconds 0.315991 labels 1 5 6 25 26 44 66 94
root 1402 h 8 pool 354 nodes 4106 color_prunes 4106 size_prunes 0 maxdepth 11 fallbacks 0 expected 435493234685101660088476 closed 435493234685101660088476 seconds 0.269885 labels 1 5 6 25 26 44 66 116
root 1403 h 8 pool 357 nodes 4347 color_prunes 4347 size_prunes 0 maxdepth 12 fallbacks 0 expected 435493234685101660088476 closed 435493234685101660088476 seconds 0.288647 labels 1 5 6 25 26 44 67 94
root 1405 h 8 pool 352 nodes 4028 color_prunes 4028 size_prunes 0 maxdepth 11 fallbacks 0 expected 435493234685101660088476 closed 435493234685101660088476 seconds 0.29208 labels 1 5 6 25 26 44 73 88
root 1404 h 8 pool 359 nodes 4574 color_prunes 4574 size_prunes 0 maxdepth 12 fallbacks 0 expected 435493234685101660088476 closed 435493234685101660088476 seconds 0.319517 labels 1 5 6 25 26 44 67 107
root 1406 h 8 pool 357 nodes 4317 color_prunes 4317 size_prunes 0 maxdepth 12 fallbacks 0 expected 435493234685101660088476 closed 435493234685101660088476 seconds 0.349567 labels 1 5 6 25 26 44 73 107
root 1407 h 8 pool 357 nodes 4307 color_prunes 4307 size_prunes 0 maxdepth 12 fallbacks 0 expected 435493234685101660088476 closed 435493234685101660088476 seconds 0.3437 labels 1 5 6 25 26 44 88 94
root 1409 h 8 pool 354 nodes 4106 color_prunes 4106 size_prunes 0 maxdepth 12 fallbacks 0 expected 435493234685101660088476 closed 435493234685101660088476 seconds 0.263966 labels 1 5 6 25 26 46 65 113
root 1408 h 8 pool 357 nodes 4210 color_prunes 4210 size_prunes 0 maxdepth 12 fallbacks 0 expected 435493234685101660088476 closed 435493234685101660088476 seconds 0.332564 labels 1 5 6 25 26 44 94 107
root 1410 h 8 pool 356 nodes 4167 color_prunes 4167 size_prunes 0 maxdepth 12 fallbacks 0 expected 435493234685101660088476 closed 435493234685101660088476 seconds 0.315546 labels 1 5 6 25 26 46 85 113
root 1411 h 8 pool 356 nodes 4270 color_prunes 4270 size_prunes 0 maxdepth 12 fallbacks 0 expected 435493234685101660088476 closed 435493234685101660088476 seconds 0.32249 labels 1 5 6 25 26 47 49 94
root 1414 h 8 pool 352 nodes 3945 color_prunes 3945 size_prunes 0 maxdepth 11 fallbacks 0 expected 435493234685101660088476 closed 435493234685101660088476 seconds 0.250358 labels 1 5 6 25 26 47 65 94
root 1413 h 8 pool 355 nodes 4188 color_prunes 4188 size_prunes 0 maxdepth 12 fallbacks 0 expected 435493234685101660088476 closed 435493234685101660088476 seconds 0.323043 labels 1 5 6 25 26 47 65 73
root 1412 h 8 pool 363 nodes 5436 color_prunes 5436 size_prunes 0 maxdepth 12 fallbacks 0 expected 435493234685101660088476 closed 435493234685101660088476 seconds 0.408543 labels 1 5 6 25 26 47 49 113
root 1415 h 8 pool 353 nodes 3972 color_prunes 3972 size_prunes 0 maxdepth 11 fallbacks 0 expected 435493234685101660088476 closed 435493234685101660088476 seconds 0.319891 labels 1 5 6 25 26 47 65 113
root 1418 h 8 pool 353 nodes 4090 color_prunes 4090 size_prunes 0 maxdepth 11 fallbacks 0 expected 435493234685101660088476 closed 435493234685101660088476 seconds 0.296291 labels 1 5 6 25 26 47 73 87
root 1416 h 8 pool 358 nodes 4482 color_prunes 4482 size_prunes 0 maxdepth 12 fallbacks 0 expected 435493234685101660088476 closed 435493234685101660088476 seconds 0.340082 labels 1 5 6 25 26 47 67 73
root 1417 h 8 pool 362 nodes 5169 color_prunes 5169 size_prunes 0 maxdepth 12 fallbacks 0 expected 435493234685101660088476 closed 435493234685101660088476 seconds 0.383775 labels 1 5 6 25 26 47 67 94
root 1419 h 8 pool 359 nodes 4625 color_prunes 4625 size_prunes 0 maxdepth 12 fallbacks 0 expected 435493234685101660088476 closed 435493234685101660088476 seconds 0.341665 labels 1 5 6 25 26 47 73 88
root 1420 h 8 pool 352 nodes 3953 color_prunes 3953 size_prunes 0 maxdepth 11 fallbacks 0 expected 435493234685101660088476 closed 435493234685101660088476 seconds 0.287315 labels 1 5 6 25 26 47 73 113
root 1421 h 8 pool 360 nodes 4704 color_prunes 4704 size_prunes 0 maxdepth 12 fallbacks 0 expected 435493234685101660088476 closed 435493234685101660088476 seconds 0.313938 labels 1 5 6 25 26 47 87 94
root 1422 h 8 pool 360 nodes 4801 color_prunes 4801 size_prunes 0 maxdepth 12 fallbacks 0 expected 435493234685101660088476 closed 435493234685101660088476 seconds 0.397554 labels 1 5 6 25 26 47 88 94
root 1423 h 8 pool 357 nodes 4316 color_prunes 4316 size_prunes 0 maxdepth 12 fallbacks 0 expected 435493234685101660088476 closed 435493234685101660088476 seconds 0.372192 labels 1 5 6 25 26 48 67 94
root 1424 h 8 pool 355 nodes 4057 color_prunes 4057 size_prunes 0 maxdepth 11 fallbacks 0 expected 435493234685101660088476 closed 435493234685101660088476 seconds 0.324533 labels 1 5 6 25 26 48 69 73
root 1425 h 8 pool 356 nodes 4192 color_prunes 4192 size_prunes 0 maxdepth 12 fallbacks 0 expected 435493234685101660088476 closed 435493234685101660088476 seconds 0.330644 labels 1 5 6 25 26 48 69 113
root 1427 h 8 pool 350 nodes 3994 color_prunes 3994 size_prunes 0 maxdepth 11 fallbacks 0 expected 435493234685101660088476 closed 435493234685101660088476 seconds 0.26562 labels 1 5 6 25 26 48 73 113
root 1426 h 8 pool 357 nodes 4326 color_prunes 4326 size_prunes 0 maxdepth 12 fallbacks 0 expected 435493234685101660088476 closed 435493234685101660088476 seconds 0.327994 labels 1 5 6 25 26 48 73 86
root 1428 h 8 pool 354 nodes 4097 color_prunes 4097 size_prunes 0 maxdepth 12 fallbacks 0 expected 435493234685101660088476 closed 435493234685101660088476 seconds 0.305639 labels 1 5 6 25 26 48 85 94
root 1429 h 8 pool 354 nodes 3959 color_prunes 3959 size_prunes 0 maxdepth 11 fallbacks 0 expected 435493234685101660088476 closed 435493234685101660088476 seconds 0.297797 labels 1 5 6 25 26 48 85 113
root 1430 h 8 pool 354 nodes 4081 color_prunes 4081 size_prunes 0 maxdepth 12 fallbacks 0 expected 435493234685101660088476 closed 435493234685101660088476 seconds 0.317137 labels 1 5 6 25 26 48 86 94
root 1431 h 8 pool 359 nodes 4499 color_prunes 4499 size_prunes 0 maxdepth 12 fallbacks 0 expected 435493234685101660088476 closed 435493234685101660088476 seconds 0.351259 labels 1 5 6 25 26 48 94 108
root 1432 h 8 pool 356 nodes 4220 color_prunes 4220 size_prunes 0 maxdepth 12 fallbacks 0 expected 435493234685101660088476 closed 435493234685101660088476 seconds 0.320713 labels 1 5 6 25 26 49 66 94
root 1433 h 8 pool 352 nodes 3956 color_prunes 3956 size_prunes 0 maxdepth 11 fallbacks 0 expected 435493234685101660088476 closed 435493234685101660088476 seconds 0.30187 labels 1 5 6 25 26 49 66 113
root 1434 h 8 pool 362 nodes 5364 color_prunes 5364 size_prunes 0 maxdepth 12 fallbacks 0 expected 435493234685101660088476 closed 435493234685101660088476 seconds 0.40643 labels 1 5 6 25 26 49 69 94
root 1436 h 8 pool 353 nodes 4085 color_prunes 4085 size_prunes 0 maxdepth 12 fallbacks 0 expected 435493234685101660088476 closed 435493234685101660088476 seconds 0.284447 labels 1 5 6 25 26 49 89 96
root 1435 h 8 pool 360 nodes 4843 color_prunes 4843 size_prunes 0 maxdepth 12 fallbacks 0 expected 435493234685101660088476 closed 435493234685101660088476 seconds 0.379889 labels 1 5 6 25 26 49 69 113
root 1437 h 8 pool 352 nodes 3953 color_prunes 3953 size_prunes 0 maxdepth 11 fallbacks 0 expected 435493234685101660088476 closed 435493234685101660088476 seconds 0.301612 labels 1 5 6 25 26 49 89 113
root 1439 h 8 pool 351 nodes 3986 color_prunes 3986 size_prunes 0 maxdepth 11 fallbacks 0 expected 435493234685101660088476 closed 435493234685101660088476 seconds 0.203137 labels 1 5 6 25 26 61 65 113
root 1438 h 8 pool 352 nodes 4039 color_prunes 4039 size_prunes 0 maxdepth 11 fallbacks 0 expected 435493234685101660088476 closed 435493234685101660088476 seconds 0.317421 labels 1 5 6 25 26 61 65 73
root 1440 h 8 pool 353 nodes 4011 color_prunes 4011 size_prunes 0 maxdepth 11 fallbacks 0 expected 435493234685101660088476 closed 435493234685101660088476 seconds 0.326623 labels 1 5 6 25 26 63 69 73
root 1441 h 8 pool 354 nodes 4086 color_prunes 4086 size_prunes 0 maxdepth 12 fallbacks 0 expected 435493234685101660088476 closed 435493234685101660088476 seconds 0.332191 labels 1 5 6 25 26 63 69 113
root 1442 h 8 pool 354 nodes 4087 color_prunes 4087 size_prunes 0 maxdepth 12 fallbacks 0 expected 435493234685101660088476 closed 435493234685101660088476 seconds 0.224597 labels 1 5 6 25 26 63 73 113
root 1443 h 8 pool 350 nodes 3986 color_prunes 3986 size_prunes 0 maxdepth 11 fallbacks 0 expected 435493234685101660088476 closed 435493234685101660088476 seconds 0.279767 labels 1 5 6 25 26 65 67 73
root 1445 h 8 pool 347 nodes 3980 color_prunes 3980 size_prunes 0 maxdepth 11 fallbacks 0 expected 435493234685101660088476 closed 435493234685101660088476 seconds 0.242532 labels 1 5 6 25 26 65 67 96
root 1444 h 8 pool 359 nodes 4673 color_prunes 4673 size_prunes 0 maxdepth 12 fallbacks 0 expected 435493234685101660088476 closed 435493234685101660088476 seconds 0.369365 labels 1 5 6 25 26 65 67 94
root 1446 h 8 pool 351 nodes 3948 color_prunes 3948 size_prunes 0 maxdepth 11 fallbacks 0 expected 435493234685101660088476 closed 435493234685101660088476 seconds 0.275839 labels 1 5 6 25 26 65 67 113
root 1448 h 8 pool 348 nodes 3990 color_prunes 3990 size_prunes 0 maxdepth 11 fallbacks 0 expected 435493234685101660088476 closed 435493234685101660088476 seconds 0.24251 labels 1 5 6 25 26 65 68 96
root 1447 h 8 pool 360 nodes 4889 color_prunes 4889 size_prunes 0 maxdepth 12 fallbacks 0 expected 435493234685101660088476 closed 435493234685101660088476 seconds 0.367703 labels 1 5 6 25 26 65 68 94
root 1449 h 8 pool 349 nodes 3990 color_prunes 3990 size_prunes 0 maxdepth 11 fallbacks 0 expected 435493234685101660088476 closed 435493234685101660088476 seconds 0.352538 labels 1 5 6 25 26 65 68 113
root 1450 h 8 pool 355 nodes 4179 color_prunes 4179 size_prunes 0 maxdepth 12 fallbacks 0 expected 435493234685101660088476 closed 435493234685101660088476 seconds 0.353853 labels 1 5 6 25 26 65 73 86
root 1451 h 8 pool 347 nodes 4003 color_prunes 4003 size_prunes 0 maxdepth 11 fallbacks 0 expected 435493234685101660088476 closed 435493234685101660088476 seconds 0.272677 labels 1 5 6 25 26 65 73 113
root 1452 h 8 pool 344 nodes 3956 color_prunes 3956 size_prunes 0 maxdepth 11 fallbacks 0 expected 435493234685101660088476 closed 435493234685101660088476 seconds 0.250047 labels 1 5 6 25 26 65 73 121
root 1453 h 8 pool 355 nodes 4163 color_prunes 4163 size_prunes 0 maxdepth 12 fallbacks 0 expected 435493234685101660088476 closed 435493234685101660088476 seconds 0.319171 labels 1 5 6 25 26 65 86 113
root 1454 h 8 pool 360 nodes 4769 color_prunes 4769 size_prunes 0 maxdepth 12 fallbacks 0 expected 435493234685101660088476 closed 435493234685101660088476 seconds 0.377215 labels 1 5 6 25 26 65 96 116
root 1456 h 8 pool 350 nodes 3933 color_prunes 3933 size_prunes 0 maxdepth 11 fallbacks 0 expected 435493234685101660088476 closed 435493234685101660088476 seconds 0.288035 labels 1 5 6 25 26 66 69 73
root 1455 h 8 pool 358 nodes 4382 color_prunes 4382 size_prunes 0 maxdepth 12 fallbacks 0 expected 435493234685101660088476 closed 435493234685101660088476 seconds 0.344366 labels 1 5 6 25 26 66 68 94
root 1457 h 8 pool 353 nodes 4042 color_prunes 4042 size_prunes 0 maxdepth 11 fallbacks 0 expected 435493234685101660088476 closed 435493234685101660088476 seconds 0.286612 labels 1 5 6 25 26 66 69 116
root 1460 h 8 pool 346 nodes 3925 color_prunes 3925 size_prunes 0 maxdepth 11 fallbacks 0 expected 435493234685101660088476 closed 435493234685101660088476 seconds 0.227393 labels 1 5 6 25 26 68 113 121
root 1458 h 8 pool 351 nodes 4026 color_prunes 4026 size_prunes 0 maxdepth 11 fallbacks 0 expected 435493234685101660088476 closed 435493234685101660088476 seconds 0.2962 labels 1 5 6 25 26 67 69 73
root 1459 h 8 pool 352 nodes 3990 color_prunes 3990 size_prunes 0 maxdepth 11 fallbacks 0 expected 435493234685101660088476 closed 435493234685101660088476 seconds 0.296982 labels 1 5 6 25 26 67 69 113
root 1462 h 8 pool 342 nodes 3944 color_prunes 3944 size_prunes 0 maxdepth 11 fallbacks 0 expected 435493234685101660088476 closed 435493234685101660088476 seconds 0.193548 labels 1 5 6 25 26 69 73 121
root 1461 h 8 pool 351 nodes 3991 color_prunes 3991 size_prunes 0 maxdepth 11 fallbacks 0 expected 435493234685101660088476 closed 435493234685101660088476 seconds 0.268506 labels 1 5 6 25 26 69 73 113
root 1463 h 8 pool 341 nodes 3945 color_prunes 3945 size_prunes 0 maxdepth 11 fallbacks 0 expected 435493234685101660088476 closed 435493234685101660088476 seconds 0.195564 labels 1 5 6 25 26 73 113 121
root 1464 h 8 pool 357 nodes 4355 color_prunes 4355 size_prunes 0 maxdepth 12 fallbacks 0 expected 435493234685101660088476 closed 435493234685101660088476 seconds 0.332154 labels 1 5 6 25 27 31 34 40
root 1465 h 8 pool 357 nodes 4261 color_prunes 4261 size_prunes 0 maxdepth 12 fallbacks 0 expected 435493234685101660088476 closed 435493234685101660088476 seconds 0.33178 labels 1 5 6 25 27 31 34 41
root 1466 h 8 pool 358 nodes 4402 color_prunes 4402 size_prunes 0 maxdepth 12 fallbacks 0 expected 435493234685101660088476 closed 435493234685101660088476 seconds 0.355415 labels 1 5 6 25 27 31 34 55
root 1467 h 8 pool 361 nodes 4828 color_prunes 4828 size_prunes 0 maxdepth 12 fallbacks 0 expected 435493234685101660088476 closed 435493234685101660088476 seconds 0.360905 labels 1 5 6 25 27 31 34 107
root 1468 h 8 pool 353 nodes 4113 color_prunes 4113 size_prunes 0 maxdepth 11 fallbacks 0 expected 435493234685101660088476 closed 435493234685101660088476 seconds 0.265098 labels 1 5 6 25 27 31 39 107
root 1469 h 8 pool 352 nodes 4037 color_prunes 4037 size_prunes 0 maxdepth 11 fallbacks 0 expected 435493234685101660088476 closed 435493234685101660088476 seconds 0.271908 labels 1 5 6 25 27 31 39 108
root 1470 h 8 pool 353 nodes 4125 color_prunes 4125 size_prunes 0 maxdepth 11 fallbacks 0 expected 435493234685101660088476 closed 435493234685101660088476 seconds 0.29589 labels 1 5 6 25 27 31 40 42
root 1471 h 8 pool 354 nodes 4042 color_prunes 4042 size_prunes 0 maxdepth 11 fallbacks 0 expected 435493234685101660088476 closed 435493234685101660088476 seconds 0.287524 labels 1 5 6 25 27 31 40 107
root 1472 h 8 pool 355 nodes 4175 color_prunes 4175 size_prunes 0 maxdepth 12 fallbacks 0 expected 435493234685101660088476 closed 435493234685101660088476 seconds 0.302511 labels 1 5 6 25 27 31 41 63
root 1473 h 8 pool 354 nodes 4100 color_prunes 4100 size_prunes 0 maxdepth 11 fallbacks 0 expected 435493234685101660088476 closed 435493234685101660088476 seconds 0.309292 labels 1 5 6 25 27 31 55 107
root 1475 h 8 pool 354 nodes 4119 color_prunes 4119 size_prunes 0 maxdepth 11 fallbacks 0 expected 435493234685101660088476 closed 435493234685101660088476 seconds 0.289821 labels 1 5 6 25 27 31 63 84
root 1474 h 8 pool 352 nodes 3939 color_prunes 3939 size_prunes 0 maxdepth 11 fallbacks 0 expected 435493234685101660088476 closed 435493234685101660088476 seconds 0.299856 labels 1 5 6 25 27 31 59 80
root 1476 h 8 pool 361 nodes 5116 color_prunes 5116 size_prunes 0 maxdepth 12 fallbacks 0 expected 435493234685101660088476 closed 435493234685101660088476 seconds 0.369003 labels 1 5 6 25 27 31 63 89
root 1477 h 8 pool 347 nodes 3949 color_prunes 3949 size_prunes 0 maxdepth 11 fallbacks 0 expected 435493234685101660088476 closed 435493234685101660088476 seconds 0.24309 labels 1 5 6 25 27 31 63 107
root 1478 h 8 pool 344 nodes 4025 color_prunes 4025 size_prunes 0 maxdepth 11 fallbacks 0 expected 435493234685101660088476 closed 435493234685101660088476 seconds 0.212334 labels 1 5 6 25 27 31 69 82
root 1479 h 8 pool 349 nodes 3948 color_prunes 3948 size_prunes 0 maxdepth 11 fallbacks 0 expected 435493234685101660088476 closed 435493234685101660088476 seconds 0.261528 labels 1 5 6 25 27 31 80 82
root 1483 h 8 pool 346 nodes 3951 color_prunes 3951 size_prunes 0 maxdepth 11 fallbacks 0 expected 435493234685101660088476 closed 435493234685101660088476 seconds 0.181425 labels 1 5 6 25 27 33 41 66
root 1481 h 8 pool 348 nodes 4008 color_prunes 4008 size_prunes 0 maxdepth 11 fallbacks 0 expected 435493234685101660088476 closed 435493234685101660088476 seconds 0.276664 labels 1 5 6 25 27 33 35 43
root 1480 h 8 pool 353 nodes 4081 color_prunes 4081 size_prunes 0 maxdepth 11 fallbacks 0 expected 435493234685101660088476 closed 435493234685101660088476 seconds 0.312271 labels 1 5 6 25 27 31 82 84
root 1482 h 8 pool 348 nodes 3981 color_prunes 3981 size_prunes 0 maxdepth 11 fallbacks 0 expected 435493234685101660088476 closed 435493234685101660088476 seconds 0.280914 labels 1 5 6 25 27 33 41 43
root 1485 h 8 pool 353 nodes 4055 color_prunes 4055 size_prunes 0 maxdepth 11 fallbacks 0 expected 435493234685101660088476 closed 435493234685101660088476 seconds 0.21795 labels 1 5 6 25 27 33 42 105
root 1484 h 8 pool 357 nodes 4342 color_prunes 4342 size_prunes 0 maxdepth 12 fallbacks 0 expected 435493234685101660088476 closed 435493234685101660088476 seconds 0.337457 labels 1 5 6 25 27 33 41 105
root 1487 h 8 pool 348 nodes 3990 color_prunes 3990 size_prunes 0 maxdepth 11 fallbacks 0 expected 435493234685101660088476 closed 435493234685101660088476 seconds 0.300391 labels 1 5 6 25 27 33 57 106
root 1486 h 8 pool 356 nodes 4234 color_prunes 4234 size_prunes 0 maxdepth 11 fallbacks 0 expected 435493234685101660088476 closed 435493234685101660088476 seconds 0.335008 labels 1 5 6 25 27 33 48 114
root 1488 h 8 pool 349 nodes 3870 color_prunes 3870 size_prunes 0 maxdepth 11 fallbacks 0 expected 435493234685101660088476 closed 435493234685101660088476 seconds 0.21721 labels 1 5 6 25 27 33 58 81
root 1491 h 8 pool 355 nodes 4203 color_prunes 4203 size_prunes 0 maxdepth 12 fallbacks 0 expected 435493234685101660088476 closed 435493234685101660088476 seconds 0.1983 labels 1 5 6 25 27 33 59 105
root 1489 h 8 pool 345 nodes 3987 color_prunes 3987 size_prunes 0 maxdepth 11 fallbacks 0 expected 435493234685101660088476 closed 435493234685101660088476 seconds 0.272254 labels 1 5 6 25 27 33 58 114
root 1490 h 8 pool 351 nodes 3995 color_prunes 3995 size_prunes 0 maxdepth 11 fallbacks 0 expected 435493234685101660088476 closed 435493234685101660088476 seconds 0.327947 labels 1 5 6 25 27 33 59 87
root 1493 h 8 pool 344 nodes 3915 color_prunes 3915 size_prunes 0 maxdepth 11 fallbacks 0 expected 435493234685101660088476 closed 435493234685101660088476 seconds 0.126365 labels 1 5 6 25 27 33 66 81
root 1492 h 8 pool 347 nodes 4024 color_prunes 4024 size_prunes 0 maxdepth 11 fallbacks 0 expected 435493234685101660088476 closed 435493234685101660088476 seconds 0.311483 labels 1 5 6 25 27 33 59 114
root 1494 h 8 pool 345 nodes 4037 color_prunes 4037 size_prunes 0 maxdepth 11 fallbacks 0 expected 435493234685101660088476 closed 435493234685101660088476 seconds 0.258038 labels 1 5 6 25 27 33 66 114
root 1496 h 8 pool 347 nodes 3895 color_prunes 3895 size_prunes 0 maxdepth 11 fallbacks 0 expected 435493234685101660088476 closed 435493234685101660088476 seconds 0.232707 labels 1 5 6 25 27 33 81 83
root 1497 h 8 pool 344 nodes 3948 color_prunes 3948 size_prunes 0 maxdepth 11 fallbacks 0 expected 435493234685101660088476 closed 435493234685101660088476 seconds 0.156303 labels 1 5 6 25 27 33 83 87
root 1495 h 8 pool 350 nodes 3957 color_prunes 3957 size_prunes 0 maxdepth 11 fallbacks 0 expected 435493234685101660088476 closed 435493234685101660088476 seconds 0.332558 labels 1 5 6 25 27 33 80 83
root 1500 h 8 pool 354 nodes 4097 color_prunes 4097 size_prunes 0 maxdepth 11 fallbacks 0 expected 435493234685101660088476 closed 435493234685101660088476 seconds 0.244899 labels 1 5 6 25 27 34 37 41
root 1498 h 8 pool 353 nodes 4000 color_prunes 4000 size_prunes 0 maxdepth 11 fallbacks 0 expected 435493234685101660088476 closed 435493234685101660088476 seconds 0.323019 labels 1 5 6 25 27 34 35 37
root 1499 h 8 pool 355 nodes 4131 color_prunes 4131 size_prunes 0 maxdepth 11 fallbacks 0 expected 435493234685101660088476 closed 435493234685101660088476 seconds 0.319259 labels 1 5 6 25 27 34 35 107
root 1501 h 8 pool 353 nodes 4040 color_prunes 4040 size_prunes 0 maxdepth 11 fallbacks 0 expected 435493234685101660088476 closed 435493234685101660088476 seconds 0.304665 labels 1 5 6 25 27 34 37 44
root 1502 h 8 pool 353 nodes 4040 color_prunes 4040 size_prunes 0 maxdepth 11 fallbacks 0 expected 435493234685101660088476 closed 435493234685101660088476 seconds 0.286366 labels 1 5 6 25 27 34 37 105
root 1503 h 8 pool 354 nodes 4144 color_prunes 4144 size_prunes 0 maxdepth 11 fallbacks 0 expected 435493234685101660088476 closed 435493234685101660088476 seconds 0.283471 labels 1 5 6 25 27 34 37 109
root 1505 h 8 pool 345 nodes 3952 color_prunes 3952 size_prunes 0 maxdepth 11 fallbacks 0 expected 435493234685101660088476 closed 435493234685101660088476 seconds 0.216615 labels 1 5 6 25 27 34 41 66
root 1504 h 8 pool 359 nodes 4571 color_prunes 4571 size_prunes 0 maxdepth 12 fallbacks 0 expected 435493234685101660088476 closed 435493234685101660088476 seconds 0.318835 labels 1 5 6 25 27 34 40 107
root 1506 h 8 pool 358 nodes 4464 color_prunes 4464 size_prunes 0 maxdepth 12 fallbacks 0 expected 435493234685101660088476 closed 435493234685101660088476 seconds 0.244086 labels 1 5 6 25 27 34 41 105
root 1507 h 8 pool 345 nodes 3946 color_prunes 3946 size_prunes 0 maxdepth 11 fallbacks 0 expected 435493234685101660088476 closed 435493234685101660088476 seconds 0.250973 labels 1 5 6 25 27 34 44 66
root 1509 h 8 pool 353 nodes 4087 color_prunes 4087 size_prunes 0 maxdepth 11 fallbacks 0 expected 435493234685101660088476 closed 435493234685101660088476 seconds 0.266265 labels 1 5 6 25 27 34 55 83
root 1508 h 8 pool 354 nodes 4093 color_prunes 4093 size_prunes 0 maxdepth 11 fallbacks 0 expected 435493234685101660088476 closed 435493234685101660088476 seconds 0.352852 labels 1 5 6 25 27 34 48 56
root 1511 h 8 pool 345 nodes 3955 color_prunes 3955 size_prunes 0 maxdepth 11 fallbacks 0 expected 435493234685101660088476 closed 435493234685101660088476 seconds 0.241936 labels 1 5 6 25 27 34 66 81
root 1510 h 8 pool 352 nodes 4018 color_prunes 4018 size_prunes 0 maxdepth 11 fallbacks 0 expected 435493234685101660088476 closed 435493234685101660088476 seconds 0.301919 labels 1 5 6 25 27 34 55 84
root 1512 h 8 pool 349 nodes 3916 color_prunes 3916 size_prunes 0 maxdepth 11 fallbacks 0 expected 435493234685101660088476 closed 435493234685101660088476 seconds 0.199192 labels 1 5 6 25 27 34 81 83
root 1513 h 8 pool 348 nodes 3943 color_prunes 3943 size_prunes 0 maxdepth 11 fallbacks 0 expected 435493234685101660088476 closed 435493234685101660088476 seconds 0.288447 labels 1 5 6 25 27 34 81 84
root 1515 h 8 pool 355 nodes 4083 color_prunes 4083 size_prunes 0 maxdepth 11 fallbacks 0 expected 435493234685101660088476 closed 435493234685101660088476 seconds 0.234539 labels 1 5 6 25 27 34 81 109
root 1514 h 8 pool 352 nodes 3940 color_prunes 3940 size_prunes 0 maxdepth 11 fallbacks 0 expected 435493234685101660088476 closed 435493234685101660088476 seconds 0.33865 labels 1 5 6 25 27 34 81 105
root 1516 h 8 pool 358 nodes 4543 color_prunes 4543 size_prunes 0 maxdepth 12 fallbacks 0 expected 435493234685101660088476 closed 435493234685101660088476 seconds 0.348553 labels 1 5 6 25 27 34 107 109
root 1517 h 8 pool 345 nodes 3955 color_prunes 3955 size_prunes 0 maxdepth 11 fallbacks 0 expected 435493234685101660088476 closed 435493234685101660088476 seconds 0.248864 labels 1 5 6 25 27 35 59 111
root 1518 h 8 pool 360 nodes 4606 color_prunes 4606 size_prunes 0 maxdepth 12 fallbacks 0 expected 435493234685101660088476 closed 435493234685101660088476 seconds 0.332939 labels 1 5 6 25 27 36 42 105
root 1519 h 8 pool 356 nodes 4308 color_prunes 4308 size_prunes 0 maxdepth 12 fallbacks 0 expected 435493234685101660088476 closed 435493234685101660088476 seconds 0.308664 labels 1 5 6 25 27 36 48 111
root 1520 h 8 pool 348 nodes 3963 color_prunes 3963 size_prunes 0 maxdepth 11 fallbacks 0 expected 435493234685101660088476 closed 435493234685101660088476 seconds 0.268963 labels 1 5 6 25 27 36 63 84
root 1521 h 8 pool 345 nodes 3966 color_prunes 3966 size_prunes 0 maxdepth 11 fallbacks 0 expected 435493234685101660088476 closed 435493234685101660088476 seconds 0.252593 labels 1 5 6 25 27 36 63 111
root 1522 h 8 pool 345 nodes 3987 color_prunes 3987 size_prunes 0 maxdepth 11 fallbacks 0 expected 435493234685101660088476 closed 435493234685101660088476 seconds 0.14003 labels 1 5 6 25 27 36 68 111
root 1523 h 8 pool 350 nodes 3963 color_prunes 3963 size_prunes 0 maxdepth 11 fallbacks 0 expected 435493234685101660088476 closed 435493234685101660088476 seconds 0.271214 labels 1 5 6 25 27 37 41 58
root 1524 h 8 pool 349 nodes 3975 color_prunes 3975 size_prunes 0 maxdepth 11 fallbacks 0 expected 435493234685101660088476 closed 435493234685101660088476 seconds 0.262449 labels 1 5 6 25 27 37 41 63
root 1526 h 8 pool 352 nodes 3965 color_prunes 3965 size_prunes 0 maxdepth 11 fallbacks 0 expected 435493234685101660088476 closed 435493234685101660088476 seconds 0.284318 labels 1 5 6 25 27 37 57 63
root 1525 h 8 pool 360 nodes 4618 color_prunes 4618 size_prunes 0 maxdepth 12 fallbacks 0 expected 435493234685101660088476 closed 435493234685101660088476 seconds 0.338384 labels 1 5 6 25 27 37 41 105
root 1528 h 8 pool 349 nodes 3982 color_prunes 3982 size_prunes 0 maxdepth 11 fallbacks 0 expected 435493234685101660088476 closed 435493234685101660088476 seconds 0.251856 labels 1 5 6 25 27 37 58 114
root 1527 h 8 pool 356 nodes 4220 color_prunes 4220 size_prunes 0 maxdepth 12 fallbacks 0 expected 435493234685101660088476 closed 435493234685101660088476 seconds 0.296834 labels 1 5 6 25 27 37 58 83
root 1529 h 8 pool 348 nodes 4027 color_prunes 4027 size_prunes 0 maxdepth 11 fallbacks 0 expected 435493234685101660088476 closed 435493234685101660088476 seconds 0.251993 labels 1 5 6 25 27 37 63 72
root 1530 h 8 pool 350 nodes 3953 color_prunes 3953 size_prunes 0 maxdepth 11 fallbacks 0 expected 435493234685101660088476 closed 435493234685101660088476 seconds 0.25439 labels 1 5 6 25 27 37 63 83
root 1531 h 8 pool 349 nodes 3979 color_prunes 3979 size_prunes 0 maxdepth 11 fallbacks 0 expected 435493234685101660088476 closed 435493234685101660088476 seconds 0.251791 labels 1 5 6 25 27 37 63 114
root 1532 h 8 pool 351 nodes 3941 color_prunes 3941 size_prunes 0 maxdepth 11 fallbacks 0 expected 435493234685101660088476 closed 435493234685101660088476 seconds 0.274878 labels 1 5 6 25 27 37 67 105
root 1533 h 8 pool 353 nodes 4094 color_prunes 4094 size_prunes 0 maxdepth 11 fallbacks 0 expected 435493234685101660088476 closed 435493234685101660088476 seconds 0.275218 labels 1 5 6 25 27 37 67 114
root 1534 h 8 pool 354 nodes 4070 color_prunes 4070 size_prunes 0 maxdepth 11 fallbacks 0 expected 435493234685101660088476 closed 435493234685101660088476 seconds 0.288971 labels 1 5 6 25 27 37 72 109
root 1535 h 8 pool 353 nodes 4073 color_prunes 4073 size_prunes 0 maxdepth 11 fallbacks 0 expected 435493234685101660088476 closed 435493234685101660088476 seconds 0.28525 labels 1 5 6 25 27 37 83 105
root 1536 h 8 pool 359 nodes 4593 color_prunes 4593 size_prunes 0 maxdepth 12 fallbacks 0 expected 435493234685101660088476 closed 435493234685101660088476 seconds 0.331908 labels 1 5 6 25 27 37 105 114
root 1538 h 8 pool 348 nodes 3953 color_prunes 3953 size_prunes 0 maxdepth 11 fallbacks 0 expected 435493234685101660088476 closed 435493234685101660088476 seconds 0.251777 labels 1 5 6 25 27 38 72 109
root 1537 h 8 pool 357 nodes 4340 color_prunes 4340 size_prunes 0 maxdepth 11 fallbacks 0 expected 435493234685101660088476 closed 435493234685101660088476 seconds 0.29615 labels 1 5 6 25 27 38 48 114
root 1539 h 8 pool 354 nodes 4080 color_prunes 4080 size_prunes 0 maxdepth 11 fallbacks 0 expected 435493234685101660088476 closed 435493234685101660088476 seconds 0.28292 labels 1 5 6 25 27 39 43 108
root 1540 h 8 pool 346 nodes 4027 color_prunes 4027 size_prunes 0 maxdepth 11 fallbacks 0 expected 435493234685101660088476 closed 435493234685101660088476 seconds 0.224247 labels 1 5 6 25 27 39 71 107
root 1541 h 8 pool 345 nodes 3928 color_prunes 3928 size_prunes 0 maxdepth 11 fallbacks 0 expected 435493234685101660088476 closed 435493234685101660088476 seconds 0.224937 labels 1 5 6 25 27 39 71 108
root 1542 h 8 pool 357 nodes 4345 color_prunes 4345 size_prunes 0 maxdepth 11 fallbacks 0 expected 435493234685101660088476 closed 435493234685101660088476 seconds 0.308615 labels 1 5 6 25 27 41 63 72
root 1543 h 8 pool 345 nodes 3919 color_prunes 3919 size_prunes 0 maxdepth 11 fallbacks 0 expected 435493234685101660088476 closed 435493234685101660088476 seconds 0.223174 labels 1 5 6 25 27 41 65 72
root 1545 h 8 pool 345 nodes 3920 color_prunes 3920 size_prunes 0 maxdepth 11 fallbacks 0 expected 435493234685101660088476 closed 435493234685101660088476 seconds 0.222994 labels 1 5 6 25 27 41 72 85
root 1544 h 8 pool 357 nodes 4358 color_prunes 4358 size_prunes 0 maxdepth 11 fallbacks 0 expected 435493234685101660088476 closed 435493234685101660088476 seconds 0.313227 labels 1 5 6 25 27 41 68 72
root 1546 h 8 pool 352 nodes 4017 color_prunes 4017 size_prunes 0 maxdepth 11 fallbacks 0 expected 435493234685101660088476 closed 435493234685101660088476 seconds 0.281054 labels 1 5 6 25 27 42 57 105
root 1547 h 8 pool 352 nodes 4018 color_prunes 4018 size_prunes 0 maxdepth 11 fallbacks 0 expected 435493234685101660088476 closed 435493234685101660088476 seconds 0.269097 labels 1 5 6 25 27 42 68 72
root 1549 h 8 pool 346 nodes 4011 color_prunes 4011 size_prunes 0 maxdepth 11 fallbacks 0 expected 435493234685101660088476 closed 435493234685101660088476 seconds 0.24006 labels 1 5 6 25 27 43 67 71
root 1548 h 8 pool 364 nodes 5954 color_prunes 5954 size_prunes 0 maxdepth 12 fallbacks 0 expected 435493234685101660088476 closed 435493234685101660088476 seconds 0.401998 labels 1 5 6 25 27 42 105 114
root 1550 h 8 pool 350 nodes 4026 color_prunes 4026 size_prunes 0 maxdepth 11 fallbacks 0 expected 435493234685101660088476 closed 435493234685101660088476 seconds 0.265256 labels 1 5 6 25 27 43 69 71
root 1551 h 8 pool 357 nodes 4283 color_prunes 4283 size_prunes 0 maxdepth 12 fallbacks 0 expected 435493234685101660088476 closed 435493234685101660088476 seconds 0.307461 labels 1 5 6 25 27 43 69 109
root 1552 h 8 pool 347 nodes 4032 color_prunes 4032 size_prunes 0 maxdepth 11 fallbacks 0 expected 435493234685101660088476 closed 435493234685101660088476 seconds 0.238736 labels 1 5 6 25 27 43 71 88
root 1554 h 8 pool 346 nodes 3961 color_prunes 3961 size_prunes 0 maxdepth 11 fallbacks 0 expected 435493234685101660088476 closed 435493234685101660088476 seconds 0.224088 labels 1 5 6 25 27 44 67 71
root 1553 h 8 pool 347 nodes 3987 color_prunes 3987 size_prunes 0 maxdepth 11 fallbacks 0 expected 435493234685101660088476 closed 435493234685101660088476 seconds 0.24072 labels 1 5 6 25 27 43 71 108
root 1555 h 8 pool 357 nodes 4340 color_prunes 4340 size_prunes 0 maxdepth 11 fallbacks 0 expected 435493234685101660088476 closed 435493234685101660088476 seconds 0.319303 labels 1 5 6 25 27 46 58 80
root 1556 h 8 pool 354 nodes 4095 color_prunes 4095 size_prunes 0 maxdepth 11 fallbacks 0 expected 435493234685101660088476 closed 435493234685101660088476 seconds 0.293289 labels 1 5 6 25 27 46 65 72
root 1557 h 8 pool 356 nodes 4186 color_prunes 4186 size_prunes 0 maxdepth 12 fallbacks 0 expected 435493234685101660088476 closed 435493234685101660088476 seconds 0.332089 labels 1 5 6 25 27 46 65 111
root 1558 h 8 pool 360 nodes 4754 color_prunes 4754 size_prunes 0 maxdepth 12 fallbacks 0 expected 435493234685101660088476 closed 435493234685101660088476 seconds 0.363514 labels 1 5 6 25 27 46 68 72
root 1559 h 8 pool 352 nodes 4008 color_prunes 4008 size_prunes 0 maxdepth 11 fallbacks 0 expected 435493234685101660088476 closed 435493234685101660088476 seconds 0.292408 labels 1 5 6 25 27 46 72 85
root 1560 h 8 pool 358 nodes 4393 color_prunes 4393 size_prunes 0 maxdepth 12 fallbacks 0 expected 435493234685101660088476 closed 435493234685101660088476 seconds 0.359472 labels 1 5 6 25 27 46 72 89
root 1562 h 8 pool 344 nodes 3992 color_prunes 3992 size_prunes 0 maxdepth 11 fallbacks 0 expected 435493234685101660088476 closed 435493234685101660088476 seconds 0.214173 labels 1 5 6 25 27 48 56 86
root 1561 h 8 pool 353 nodes 3999 color_prunes 3999 size_prunes 0 maxdepth 12 fallbacks 0 expected 435493234685101660088476 closed 435493234685101660088476 seconds 0.285712 labels 1 5 6 25 27 46 80 111
root 1563 h 8 pool 351 nodes 3971 color_prunes 3971 size_prunes 0 maxdepth 11 fallbacks 0 expected 435493234685101660088476 closed 435493234685101660088476 seconds 0.269258 labels 1 5 6 25 27 48 63 71
root 1564 h 8 pool 350 nodes 3953 color_prunes 3953 size_prunes 0 maxdepth 11 fallbacks 0 expected 435493234685101660088476 closed 435493234685101660088476 seconds 0.263698 labels 1 5 6 25 27 48 63 72
root 1565 h 8 pool 351 nodes 3928 color_prunes 3928 size_prunes 0 maxdepth 11 fallbacks 0 expected 435493234685101660088476 closed 435493234685101660088476 seconds 0.275707 labels 1 5 6 25 27 48 63 111
root 1566 h 8 pool 352 nodes 4042 color_prunes 4042 size_prunes 0 maxdepth 11 fallbacks 0 expected 435493234685101660088476 closed 435493234685101660088476 seconds 0.279138 labels 1 5 6 25 27 48 63 114
root 1567 h 8 pool 351 nodes 3978 color_prunes 3978 size_prunes 0 maxdepth 11 fallbacks 0 expected 435493234685101660088476 closed 435493234685101660088476 seconds 0.272387 labels 1 5 6 25 27 48 67 71
root 1569 h 8 pool 349 nodes 3931 color_prunes 3931 size_prunes 0 maxdepth 11 fallbacks 0 expected 435493234685101660088476 closed 435493234685101660088476 seconds 0.268413 labels 1 5 6 25 27 48 67 114
root 1568 h 8 pool 352 nodes 3983 color_prunes 3983 size_prunes 0 maxdepth 11 fallbacks 0 expected 435493234685101660088476 closed 435493234685101660088476 seconds 0.296466 labels 1 5 6 25 27 48 67 111
root 1570 h 8 pool 348 nodes 3853 color_prunes 3853 size_prunes 0 maxdepth 11 fallbacks 0 expected 435493234685101660088476 closed 435493234685101660088476 seconds 0.251939 labels 1 5 6 25 27 48 69 71
root 1571 h 8 pool 347 nodes 3961 color_prunes 3961 size_prunes 0 maxdepth 11 fallbacks 0 expected 435493234685101660088476 closed 435493234685101660088476 seconds 0.263339 labels 1 5 6 25 27 48 69 72
root 1572 h 8 pool 350 nodes 4009 color_prunes 4009 size_prunes 0 maxdepth 11 fallbacks 0 expected 435493234685101660088476 closed 435493234685101660088476 seconds 0.286722 labels 1 5 6 25 27 48 69 111
root 1574 h 8 pool 349 nodes 3937 color_prunes 3937 size_prunes 0 maxdepth 11 fallbacks 0 expected 435493234685101660088476 closed 435493234685101660088476 seconds 0.263215 labels 1 5 6 25 27 48 71 85
root 1573 h 8 pool 352 nodes 4031 color_prunes 4031 size_prunes 0 maxdepth 11 fallbacks 0 expected 435493234685101660088476 closed 435493234685101660088476 seconds 0.291926 labels 1 5 6 25 27 48 69 114
root 1575 h 8 pool 349 nodes 3904 color_prunes 3904 size_prunes 0 maxdepth 11 fallbacks 0 expected 435493234685101660088476 closed 435493234685101660088476 seconds 0.253305 labels 1 5 6 25 27 48 71 86
root 1577 h 8 pool 349 nodes 3910 color_prunes 3910 size_prunes 0 maxdepth 11 fallbacks 0 expected 435493234685101660088476 closed 435493234685101660088476 seconds 0.262445 labels 1 5 6 25 27 48 72 86
root 1576 h 8 pool 351 nodes 3943 color_prunes 3943 size_prunes 0 maxdepth 11 fallbacks 0 expected 435493234685101660088476 closed 435493234685101660088476 seconds 0.273712 labels 1 5 6 25 27 48 72 85
root 1578 h 8 pool 351 nodes 3937 color_prunes 3937 size_prunes 0 maxdepth 11 fallbacks 0 expected 435493234685101660088476 closed 435493234685101660088476 seconds 0.269097 labels 1 5 6 25 27 48 85 111
root 1579 h 8 pool 350 nodes 3946 color_prunes 3946 size_prunes 0 maxdepth 11 fallbacks 0 expected 435493234685101660088476 closed 435493234685101660088476 seconds 0.286686 labels 1 5 6 25 27 48 86 111
root 1581 h 8 pool 347 nodes 3924 color_prunes 3924 size_prunes 0 maxdepth 11 fallbacks 0 expected 435493234685101660088476 closed 435493234685101660088476 seconds 0.25311 labels 1 5 6 25 27 49 66 114
root 1582 h 8 pool 347 nodes 3969 color_prunes 3969 size_prunes 0 maxdepth 11 fallbacks 0 expected 435493234685101660088476 closed 435493234685101660088476 seconds 0.256095 labels 1 5 6 25 27 49 69 114
root 1580 h 8 pool 354 nodes 4041 color_prunes 4041 size_prunes 0 maxdepth 11 fallbacks 0 expected 435493234685101660088476 closed 435493234685101660088476 seconds 0.293352 labels 1 5 6 25 27 48 86 114
root 1583 h 8 pool 347 nodes 3958 color_prunes 3958 size_prunes 0 maxdepth 11 fallbacks 0 expected 435493234685101660088476 closed 435493234685101660088476 seconds 0.243693 labels 1 5 6 25 27 55 57 81
root 1584 h 8 pool 346 nodes 3916 color_prunes 3916 size_prunes 0 maxdepth 11 fallbacks 0 expected 435493234685101660088476 closed 435493234685101660088476 seconds 0.249805 labels 1 5 6 25 27 55 57 106
root 1586 h 8 pool 346 nodes 3963 color_prunes 3963 size_prunes 0 maxdepth 11 fallbacks 0 expected 435493234685101660088476 closed 435493234685101660088476 seconds 0.232574 labels 1 5 6 25 27 55 58 81
root 1585 h 8 pool 349 nodes 3992 color_prunes 3992 size_prunes 0 maxdepth 11 fallbacks 0 expected 435493234685101660088476 closed 435493234685101660088476 seconds 0.266911 labels 1 5 6 25 27 55 57 107
root 1589 h 8 pool 341 nodes 3938 color_prunes 3938 size_prunes 0 maxdepth 11 fallbacks 0 expected 435493234685101660088476 closed 435493234685101660088476 seconds 0.149973 labels 1 5 6 25 27 55 71 87
root 1587 h 8 pool 347 nodes 3933 color_prunes 3933 size_prunes 0 maxdepth 11 fallbacks 0 expected 435493234685101660088476 closed 435493234685101660088476 seconds 0.276375 labels 1 5 6 25 27 55 58 107
root 1588 h 8 pool 340 nodes 3897 color_prunes 3897 size_prunes 0 maxdepth 11 fallbacks 0 expected 435493234685101660088476 closed 435493234685101660088476 seconds 0.171436 labels 1 5 6 25 27 55 71 86
root 1590 h 8 pool 351 nodes 3941 color_prunes 3941 size_prunes 0 maxdepth 11 fallbacks 0 expected 435493234685101660088476 closed 435493234685101660088476 seconds 0.291514 labels 1 5 6 25 27 55 71 107
root 1593 h 8 pool 350 nodes 4027 color_prunes 4027 size_prunes 0 maxdepth 11 fallbacks 0 expected 435493234685101660088476 closed 435493234685101660088476 seconds 0.189431 labels 1 5 6 25 27 56 58 80
root 1592 h 8 pool 345 nodes 3932 color_prunes 3932 size_prunes 0 maxdepth 11 fallbacks 0 expected 435493234685101660088476 closed 435493234685101660088476 seconds 0.295227 labels 1 5 6 25 27 55 81 84
root 1591 h 8 pool 347 nodes 3999 color_prunes 3999 size_prunes 0 maxdepth 11 fallbacks 0 expected 435493234685101660088476 closed 435493234685101660088476 seconds 0.300716 labels 1 5 6 25 27 55 81 83
root 1595 h 8 pool 352 nodes 3928 color_prunes 3928 size_prunes 0 maxdepth 11 fallbacks 0 expected 435493234685101660088476 closed 435493234685101660088476 seconds 0.246795 labels 1 5 6 25 27 56 58 109
root 1597 h 8 pool 349 nodes 3952 color_prunes 3952 size_prunes 0 maxdepth 11 fallbacks 0 expected 435493234685101660088476 closed 435493234685101660088476 seconds 0.156113 labels 1 5 6 25 27 56 59 82
root 1594 h 8 pool 357 nodes 4371 color_prunes 4371 size_prunes 0 maxdepth 12 fallbacks 0 expected 435493234685101660088476 closed 435493234685101660088476 seconds 0.423279 labels 1 5 6 25 27 56 58 83
root 1599 h 8 pool 348 nodes 4002 color_prunes 4002 size_prunes 0 maxdepth 11 fallbacks 0 expected 435493234685101660088476 closed 435493234685101660088476 seconds 0.174639 labels 1 5 6 25 27 56 80 82
root 1596 h 8 pool 347 nodes 3966 color_prunes 3966 size_prunes 0 maxdepth 11 fallbacks 0 expected 435493234685101660088476 closed 435493234685101660088476 seconds 0.33528 labels 1 5 6 25 27 56 59 80
root 1598 h 8 pool 349 nodes 3966 color_prunes 3966 size_prunes 0 maxdepth 11 fallbacks 0 expected 435493234685101660088476 closed 435493234685101660088476 seconds 0.316818 labels 1 5 6 25 27 56 59 109
root 1600 h 8 pool 351 nodes 3943 color_prunes 3943 size_prunes 0 maxdepth 11 fallbacks 0 expected 435493234685101660088476 closed 435493234685101660088476 seconds 0.234989 labels 1 5 6 25 27 56 80 83
root 1601 h 8 pool 351 nodes 3977 color_prunes 3977 size_prunes 0 maxdepth 11 fallbacks 0 expected 435493234685101660088476 closed 435493234685101660088476 seconds 0.233088 labels 1 5 6 25 27 57 59 82
root 1602 h 8 pool 354 nodes 4022 color_prunes 4022 size_prunes 0 maxdepth 12 fallbacks 0 expected 435493234685101660088476 closed 435493234685101660088476 seconds 0.29481 labels 1 5 6 25 27 57 59 84
root 1604 h 8 pool 346 nodes 3960 color_prunes 3960 size_prunes 0 maxdepth 11 fallbacks 0 expected 435493234685101660088476 closed 435493234685101660088476 seconds 0.241004 labels 1 5 6 25 27 57 82 85
root 1603 h 8 pool 351 nodes 3992 color_prunes 3992 size_prunes 0 maxdepth 11 fallbacks 0 expected 435493234685101660088476 closed 435493234685101660088476 seconds 0.31301 labels 1 5 6 25 27 57 81 107
root 1606 h 8 pool 345 nodes 4001 color_prunes 4001 size_prunes 0 maxdepth 11 fallbacks 0 expected 435493234685101660088476 closed 435493234685101660088476 seconds 0.233011 labels 1 5 6 25 27 59 72 87
root 1605 h 8 pool 355 nodes 4165 color_prunes 4165 size_prunes 0 maxdepth 12 fallbacks 0 expected 435493234685101660088476 closed 435493234685101660088476 seconds 0.320605 labels 1 5 6 25 27 59 72 84
root 1607 h 8 pool 355 nodes 4158 color_prunes 4158 size_prunes 0 maxdepth 11 fallbacks 0 expected 435493234685101660088476 closed 435493234685101660088476 seconds 0.248855 labels 1 5 6 25 27 59 72 106
root 1608 h 8 pool 349 nodes 3907 color_prunes 3907 size_prunes 0 maxdepth 11 fallbacks 0 expected 435493234685101660088476 closed 435493234685101660088476 seconds 0.282829 labels 1 5 6 25 27 59 82 84
root 1610 h 8 pool 350 nodes 3951 color_prunes 3951 size_prunes 0 maxdepth 11 fallbacks 0 expected 435493234685101660088476 closed 435493234685101660088476 seconds 0.265346 labels 1 5 6 25 27 63 71 107
root 1609 h 8 pool 355 nodes 4205 color_prunes 4205 size_prunes 0 maxdepth 12 fallbacks 0 expected 435493234685101660088476 closed 435493234685101660088476 seconds 0.301734 labels 1 5 6 25 27 63 71 89
root 1611 h 8 pool 354 nodes 4073 color_prunes 4073 size_prunes 0 maxdepth 11 fallbacks 0 expected 435493234685101660088476 closed 435493234685101660088476 seconds 0.29221 labels 1 5 6 25 27 63 72 89
root 1612 h 8 pool 350 nodes 4018 color_prunes 4018 size_prunes 0 maxdepth 11 fallbacks 0 expected 435493234685101660088476 closed 435493234685101660088476 seconds 0.268726 labels 1 5 6 25 27 63 72 107
root 1613 h 8 pool 354 nodes 4049 color_prunes 4049 size_prunes 0 maxdepth 11 fallbacks 0 expected 435493234685101660088476 closed 435493234685101660088476 seconds 0.277413 labels 1 5 6 25 27 63 84 114
root 1614 h 8 pool 354 nodes 4024 color_prunes 4024 size_prunes 0 maxdepth 12 fallbacks 0 expected 435493234685101660088476 closed 435493234685101660088476 seconds 0.291716 labels 1 5 6 25 27 63 88 111
root 1615 h 8 pool 359 nodes 4535 color_prunes 4535 size_prunes 0 maxdepth 12 fallbacks 0 expected 435493234685101660088476 closed 435493234685101660088476 seconds 0.259913 labels 1 5 6 25 27 63 88 114
root 1616 h 8 pool 355 nodes 4160 color_prunes 4160 size_prunes 0 maxdepth 12 fallbacks 0 expected 435493234685101660088476 closed 435493234685101660088476 seconds 0.343111 labels 1 5 6 25 27 63 89 111
root 1619 h 8 pool 346 nodes 3956 color_prunes 3956 size_prunes 0 maxdepth 11 fallbacks 0 expected 435493234685101660088476 closed 435493234685101660088476 seconds 0.15636 labels 1 5 6 25 27 63 111 114
root 1617 h 8 pool 356 nodes 4241 color_prunes 4241 size_prunes 0 maxdepth 12 fallbacks 0 expected 435493234685101660088476 closed 435493234685101660088476 seconds 0.347819 labels 1 5 6 25 27 63 89 114
root 1618 h 8 pool 353 nodes 4085 color_prunes 4085 size_prunes 0 maxdepth 11 fallbacks 0 expected 435493234685101660088476 closed 435493234685101660088476 seconds 0.322869 labels 1 5 6 25 27 63 107 111
root 1620 h 8 pool 354 nodes 4052 color_prunes 4052 size_prunes 0 maxdepth 11 fallbacks 0 expected 435493234685101660088476 closed 435493234685101660088476 seconds 0.212665 labels 1 5 6 25 27 65 72 106
root 1621 h 8 pool 345 nodes 3928 color_prunes 3928 size_prunes 0 maxdepth 11 fallbacks 0 expected 435493234685101660088476 closed 435493234685101660088476 seconds 0.256064 labels 1 5 6 25 27 65 81 111
root 1623 h 8 pool 350 nodes 3904 color_prunes 3904 size_prunes 0 maxdepth 11 fallbacks 0 expected 435493234685101660088476 closed 435493234685101660088476 seconds 0.281245 labels 1 5 6 25 27 65 82 114
root 1624 h 8 pool 343 nodes 3945 color_prunes 3945 size_prunes 0 maxdepth 11 fallbacks 0 expected 435493234685101660088476 closed 435493234685101660088476 seconds 0.208529 labels 1 5 6 25 27 65 111 114
root 1622 h 8 pool 354 nodes 4095 color_prunes 4095 size_prunes 0 maxdepth 12 fallbacks 0 expected 435493234685101660088476 closed 435493234685101660088476 seconds 0.326353 labels 1 5 6 25 27 65 81 114
root 1625 h 8 pool 350 nodes 3993 color_prunes 3993 size_prunes 0 maxdepth 11 fallbacks 0 expected 435493234685101660088476 closed 435493234685101660088476 seconds 0.262522 labels 1 5 6 25 27 66 81 111
root 1626 h 8 pool 350 nodes 3971 color_prunes 3971 size_prunes 0 maxdepth 11 fallbacks 0 expected 435493234685101660088476 closed 435493234685101660088476 seconds 0.21697 labels 1 5 6 25 27 66 81 114
root 1627 h 8 pool 348 nodes 3931 color_prunes 3931 size_prunes 0 maxdepth 11 fallbacks 0 expected 435493234685101660088476 closed 435493234685101660088476 seconds 0.253243 labels 1 5 6 25 27 67 71 80
root 1628 h 8 pool 350 nodes 3970 color_prunes 3970 size_prunes 0 maxdepth 11 fallbacks 0 expected 435493234685101660088476 closed 435493234685101660088476 seconds 0.288448 labels 1 5 6 25 27 67 71 107
root 1629 h 8 pool 349 nodes 3948 color_prunes 3948 size_prunes 0 maxdepth 11 fallbacks 0 expected 435493234685101660088476 closed 435493234685101660088476 seconds 0.279386 labels 1 5 6 25 27 67 80 111
root 1630 h 8 pool 359 nodes 4546 color_prunes 4546 size_prunes 0 maxdepth 12 fallbacks 0 expected 435493234685101660088476 closed 435493234685101660088476 seconds 0.312658 labels 1 5 6 25 27 67 105 114
root 1631 h 8 pool 352 nodes 3967 color_prunes 3967 size_prunes 0 maxdepth 11 fallbacks 0 expected 435493234685101660088476 closed 435493234685101660088476 seconds 0.254338 labels 1 5 6 25 27 67 107 111
root 1632 h 8 pool 344 nodes 3977 color_prunes 3977 size_prunes 0 maxdepth 11 fallbacks 0 expected 435493234685101660088476 closed 435493234685101660088476 seconds 0.25699 labels 1 5 6 25 27 67 111 114
root 1634 h 8 pool 350 nodes 3965 color_prunes 3965 size_prunes 0 maxdepth 11 fallbacks 0 expected 435493234685101660088476 closed 435493234685101660088476 seconds 0.246192 labels 1 5 6 25 27 68 83 111
root 1636 h 8 pool 346 nodes 3964 color_prunes 3964 size_prunes 0 maxdepth 11 fallbacks 0 expected 435493234685101660088476 closed 435493234685101660088476 seconds 0.226506 labels 1 5 6 25 27 68 111 114
root 1633 h 8 pool 361 nodes 4944 color_prunes 4944 size_prunes 0 maxdepth 12 fallbacks 0 expected 435493234685101660088476 closed 435493234685101660088476 seconds 0.37975 labels 1 5 6 25 27 68 72 109
root 1635 h 8 pool 352 nodes 4025 color_prunes 4025 size_prunes 0 maxdepth 11 fallbacks 0 expected 435493234685101660088476 closed 435493234685101660088476 seconds 0.2968 labels 1 5 6 25 27 68 107 111
root 1639 h 8 pool 346 nodes 3973 color_prunes 3973 size_prunes 0 maxdepth 11 fallbacks 0 expected 435493234685101660088476 closed 435493234685101660088476 seconds 0.224633 labels 1 5 6 25 27 69 111 114
root 1638 h 8 pool 348 nodes 3989 color_prunes 3989 size_prunes 0 maxdepth 11 fallbacks 0 expected 435493234685101660088476 closed 435493234685101660088476 seconds 0.243204 labels 1 5 6 25 27 69 82 114
root 1640 h 8 pool 347 nodes 3992 color_prunes 3992 size_prunes 0 maxdepth 11 fallbacks 0 expected 435493234685101660088476 closed 435493234685101660088476 seconds 0.239534 labels 1 5 6 25 27 71 80 87
root 1637 h 8 pool 353 nodes 4066 color_prunes 4066 size_prunes 0 maxdepth 11 fallbacks 0 expected 435493234685101660088476 closed 435493234685101660088476 seconds 0.316217 labels 1 5 6 25 27 69 72 109
root 1641 h 8 pool 346 nodes 3983 color_prunes 3983 size_prunes 0 maxdepth 11 fallbacks 0 expected 435493234685101660088476 closed 435493234685101660088476 seconds 0.239641 labels 1 5 6 25 27 71 80 88
root 1642 h 8 pool 347 nodes 3947 color_prunes 3947 size_prunes 0 maxdepth 11 fallbacks 0 expected 435493234685101660088476 closed 435493234685101660088476 seconds 0.26529 labels 1 5 6 25 27 71 85 107
root 1643 h 8 pool 348 nodes 3989 color_prunes 3989 size_prunes 0 maxdepth 11 fallbacks 0 expected 435493234685101660088476 closed 435493234685101660088476 seconds 0.264824 labels 1 5 6 25 27 71 87 107
root 1644 h 8 pool 351 nodes 3935 color_prunes 3935 size_prunes 0 maxdepth 11 fallbacks 0 expected 435493234685101660088476 closed 435493234685101660088476 seconds 0.279357 labels 1 5 6 25 27 72 84 86
root 1645 h 8 pool 352 nodes 3960 color_prunes 3960 size_prunes 0 maxdepth 11 fallbacks 0 expected 435493234685101660088476 closed 435493234685101660088476 seconds 0.291885 labels 1 5 6 25 27 72 85 106
root 1647 h 8 pool 347 nodes 3943 color_prunes 3943 size_prunes 0 maxdepth 11 fallbacks 0 expected 435493234685101660088476 closed 435493234685101660088476 seconds 0.255479 labels 1 5 6 25 27 72 87 107
root 1646 h 8 pool 349 nodes 3989 color_prunes 3989 size_prunes 0 maxdepth 11 fallbacks 0 expected 435493234685101660088476 closed 435493234685101660088476 seconds 0.275294 labels 1 5 6 25 27 72 85 107
root 1648 h 8 pool 358 nodes 4446 color_prunes 4446 size_prunes 0 maxdepth 12 fallbacks 0 expected 435493234685101660088476 closed 435493234685101660088476 seconds 0.351569 labels 1 5 6 25 27 72 89 109
root 1651 h 8 pool 346 nodes 3999 color_prunes 3999 size_prunes 0 maxdepth 11 fallbacks 0 expected 435493234685101660088476 closed 435493234685101660088476 seconds 0.22803 labels 1 5 6 25 27 81 85 111
root 1649 h 8 pool 347 nodes 3947 color_prunes 3947 size_prunes 0 maxdepth 11 fallbacks 0 expected 435493234685101660088476 closed 435493234685101660088476 seconds 0.242686 labels 1 5 6 25 27 80 87 111
root 1650 h 8 pool 351 nodes 3931 color_prunes 3931 size_prunes 0 maxdepth 11 fallbacks 0 expected 435493234685101660088476 closed 435493234685101660088476 seconds 0.278181 labels 1 5 6 25 27 80 109 111
root 1652 h 8 pool 345 nodes 3922 color_prunes 3922 size_prunes 0 maxdepth 11 fallbacks 0 expected 435493234685101660088476 closed 435493234685101660088476 seconds 0.222947 labels 1 5 6 25 27 81 88 114
root 1654 h 8 pool 348 nodes 3967 color_prunes 3967 size_prunes 0 maxdepth 11 fallbacks 0 expected 435493234685101660088476 closed 435493234685101660088476 seconds 0.252087 labels 1 5 6 25 27 82 85 114
root 1653 h 8 pool 352 nodes 4000 color_prunes 4000 size_prunes 0 maxdepth 11 fallbacks 0 expected 435493234685101660088476 closed 435493234685101660088476 seconds 0.282314 labels 1 5 6 25 27 81 107 111
root 1655 h 8 pool 348 nodes 4006 color_prunes 4006 size_prunes 0 maxdepth 11 fallbacks 0 expected 435493234685101660088476 closed 435493234685101660088476 seconds 0.239652 labels 1 5 6 25 27 82 86 114
root 1656 h 8 pool 353 nodes 4042 color_prunes 4042 size_prunes 0 maxdepth 12 fallbacks 0 expected 435493234685101660088476 closed 435493234685101660088476 seconds 0.283358 labels 1 5 6 25 27 82 105 114
root 1659 h 8 pool 345 nodes 3947 color_prunes 3947 size_prunes 0 maxdepth 11 fallbacks 0 expected 435493234685101660088476 closed 435493234685101660088476 seconds 0.17749 labels 1 5 6 25 27 84 85 114
root 1657 h 8 pool 349 nodes 3953 color_prunes 3953 size_prunes 0 maxdepth 11 fallbacks 0 expected 435493234685101660088476 closed 435493234685101660088476 seconds 0.269537 labels 1 5 6 25 27 83 87 111
root 1658 h 8 pool 352 nodes 3979 color_prunes 3979 size_prunes 0 maxdepth 11 fallbacks 0 expected 435493234685101660088476 closed 435493234685101660088476 seconds 0.295556 labels 1 5 6 25 27 83 89 111
root 1660 h 8 pool 350 nodes 3872 color_prunes 3872 size_prunes 0 maxdepth 11 fallbacks 0 expected 435493234685101660088476 closed 435493234685101660088476 seconds 0.287218 labels 1 5 6 25 27 85 107 111
root 1663 h 8 pool 340 nodes 3871 color_prunes 3871 size_prunes 0 maxdepth 11 fallbacks 0 expected 435493234685101660088476 closed 435493234685101660088476 seconds 0.16084 labels 1 5 6 25 31 39 63 107
root 1661 h 8 pool 354 nodes 4048 color_prunes 4048 size_prunes 0 maxdepth 11 fallbacks 0 expected 435493234685101660088476 closed 435493234685101660088476 seconds 0.297709 labels 1 5 6 25 27 87 107 111
root 1662 h 8 pool 358 nodes 4436 color_prunes 4436 size_prunes 0 maxdepth 12 fallbacks 0 expected 435493234685101660088476 closed 435493234685101660088476 seconds 0.347839 labels 1 5 6 25 27 88 105 114
root 1664 h 8 pool 345 nodes 4013 color_prunes 4013 size_prunes 0 maxdepth 11 fallbacks 0 expected 435493234685101660088476 closed 435493234685101660088476 seconds 0.226604 labels 1 5 6 25 31 39 65 108
root 1665 h 8 pool 345 nodes 3974 color_prunes 3974 size_prunes 0 maxdepth 11 fallbacks 0 expected 435493234685101660088476 closed 435493234685101660088476 seconds 0.234529 labels 1 5 6 25 31 39 71 107
root 1666 h 8 pool 345 nodes 3971 color_prunes 3971 size_prunes 0 maxdepth 11 fallbacks 0 expected 435493234685101660088476 closed 435493234685101660088476 seconds 0.223775 labels 1 5 6 25 31 39 71 108
root 1667 h 8 pool 351 nodes 3977 color_prunes 3977 size_prunes 0 maxdepth 11 fallbacks 0 expected 435493234685101660088476 closed 435493234685101660088476 seconds 0.269451 labels 1 5 6 25 31 44 63 89
root 1668 h 8 pool 356 nodes 4222 color_prunes 4222 size_prunes 0 maxdepth 11 fallbacks 0 expected 435493234685101660088476 closed 435493234685101660088476 seconds 0.300024 labels 1 5 6 25 31 44 63 107
root 1670 h 8 pool 349 nodes 4005 color_prunes 4005 size_prunes 0 maxdepth 11 fallbacks 0 expected 435493234685101660088476 closed 435493234685101660088476 seconds 0.254635 labels 1 5 6 25 31 44 71 107
root 1669 h 8 pool 354 nodes 4109 color_prunes 4109 size_prunes 0 maxdepth 12 fallbacks 0 expected 435493234685101660088476 closed 435493234685101660088476 seconds 0.293023 labels 1 5 6 25 31 44 67 107
root 1671 h 8 pool 354 nodes 4076 color_prunes 4076 size_prunes 0 maxdepth 12 fallbacks 0 expected 435493234685101660088476 closed 435493234685101660088476 seconds 0.281559 labels 1 5 6 25 31 53 67 107
root 1673 h 8 pool 345 nodes 3967 color_prunes 3967 size_prunes 0 maxdepth 11 fallbacks 0 expected 435493234685101660088476 closed 435493234685101660088476 seconds 0.230991 labels 1 5 6 25 31 59 67 111
root 1672 h 8 pool 353 nodes 4041 color_prunes 4041 size_prunes 0 maxdepth 11 fallbacks 0 expected 435493234685101660088476 closed 435493234685101660088476 seconds 0.287684 labels 1 5 6 25 31 53 85 107
root 1674 h 8 pool 351 nodes 4009 color_prunes 4009 size_prunes 0 maxdepth 11 fallbacks 0 expected 435493234685101660088476 closed 435493234685101660088476 seconds 0.263391 labels 1 5 6 25 31 63 89 111
root 1675 h 8 pool 351 nodes 4022 color_prunes 4022 size_prunes 0 maxdepth 11 fallbacks 0 expected 435493234685101660088476 closed 435493234685101660088476 seconds 0.265011 labels 1 5 6 25 31 69 97 116
root 1676 h 8 pool 353 nodes 4027 color_prunes 4027 size_prunes 0 maxdepth 11 fallbacks 0 expected 435493234685101660088476 closed 435493234685101660088476 seconds 0.271699 labels 1 5 6 25 32 43 65 77
root 1677 h 8 pool 350 nodes 3927 color_prunes 3927 size_prunes 0 maxdepth 11 fallbacks 0 expected 435493234685101660088476 closed 435493234685101660088476 seconds 0.259421 labels 1 5 6 25 32 43 65 96
root 1678 h 8 pool 351 nodes 3952 color_prunes 3952 size_prunes 0 maxdepth 11 fallbacks 0 expected 435493234685101660088476 closed 435493234685101660088476 seconds 0.266514 labels 1 5 6 25 32 43 69 77
root 1679 h 8 pool 348 nodes 3985 color_prunes 3985 size_prunes 0 maxdepth 11 fallbacks 0 expected 435493234685101660088476 closed 435493234685101660088476 seconds 0.239718 labels 1 5 6 25 32 43 69 109
root 1681 h 8 pool 348 nodes 3962 color_prunes 3962 size_prunes 0 maxdepth 11 fallbacks 0 expected 435493234685101660088476 closed 435493234685101660088476 seconds 0.24915 labels 1 5 6 25 32 43 83 96
root 1680 h 8 pool 352 nodes 3924 color_prunes 3924 size_prunes 0 maxdepth 11 fallbacks 0 expected 435493234685101660088476 closed 435493234685101660088476 seconds 0.279112 labels 1 5 6 25 32 43 72 109
root 1682 h 8 pool 348 nodes 3975 color_prunes 3975 size_prunes 0 maxdepth 11 fallbacks 0 expected 435493234685101660088476 closed 435493234685101660088476 seconds 0.25064 labels 1 5 6 25 32 46 80 89
root 1683 h 8 pool 354 nodes 4084 color_prunes 4084 size_prunes 0 maxdepth 11 fallbacks 0 expected 435493234685101660088476 closed 435493234685101660088476 seconds 0.29498 labels 1 5 6 25 32 51 55 107
root 1684 h 8 pool 348 nodes 4031 color_prunes 4031 size_prunes 0 maxdepth 11 fallbacks 0 expected 435493234685101660088476 closed 435493234685101660088476 seconds 0.251901 labels 1 5 6 25 32 51 69 82
root 1685 h 8 pool 349 nodes 3963 color_prunes 3963 size_prunes 0 maxdepth 11 fallbacks 0 expected 435493234685101660088476 closed 435493234685101660088476 seconds 0.24909 labels 1 5 6 25 32 51 69 109
root 1686 h 8 pool 357 nodes 4298 color_prunes 4298 size_prunes 0 maxdepth 12 fallbacks 0 expected 435493234685101660088476 closed 435493234685101660088476 seconds 0.311684 labels 1 5 6 25 32 51 80 96
root 1687 h 8 pool 350 nodes 3966 color_prunes 3966 size_prunes 0 maxdepth 11 fallbacks 0 expected 435493234685101660088476 closed 435493234685101660088476 seconds 0.272607 labels 1 5 6 25 32 53 55 107
root 1688 h 8 pool 348 nodes 3951 color_prunes 3951 size_prunes 0 maxdepth 11 fallbacks 0 expected 435493234685101660088476 closed 435493234685101660088476 seconds 0.237053 labels 1 5 6 25 32 55 72 107
root 1689 h 8 pool 351 nodes 3986 color_prunes 3986 size_prunes 0 maxdepth 11 fallbacks 0 expected 435493234685101660088476 closed 435493234685101660088476 seconds 0.272924 labels 1 5 6 25 32 55 77 107
root 1690 h 8 pool 344 nodes 4006 color_prunes 4006 size_prunes 0 maxdepth 11 fallbacks 0 expected 435493234685101660088476 closed 435493234685101660088476 seconds 0.210847 labels 1 5 6 25 32 56 65 76
root 1691 h 8 pool 344 nodes 3921 color_prunes 3921 size_prunes 0 maxdepth 11 fallbacks 0 expected 435493234685101660088476 closed 435493234685101660088476 seconds 0.20668 labels 1 5 6 25 32 56 65 77
root 1692 h 8 pool 345 nodes 3975 color_prunes 3975 size_prunes 0 maxdepth 11 fallbacks 0 expected 435493234685101660088476 closed 435493234685101660088476 seconds 0.225304 labels 1 5 6 25 32 56 65 82
root 1693 h 8 pool 355 nodes 4183 color_prunes 4183 size_prunes 0 maxdepth 11 fallbacks 0 expected 435493234685101660088476 closed 435493234685101660088476 seconds 0.303217 labels 1 5 6 25 32 68 72 109
root 1694 h 8 pool 352 nodes 4009 color_prunes 4009 size_prunes 0 maxdepth 11 fallbacks 0 expected 435493234685101660088476 closed 435493234685101660088476 seconds 0.290962 labels 1 5 6 25 32 76 80 107
root 1695 h 8 pool 345 nodes 3937 color_prunes 3937 size_prunes 0 maxdepth 11 fallbacks 0 expected 435493234685101660088476 closed 435493234685101660088476 seconds 0.225844 labels 1 5 6 25 32 80 89 96
root 1696 h 8 pool 352 nodes 3996 color_prunes 3996 size_prunes 0 maxdepth 11 fallbacks 0 expected 435493234685101660088476 closed 435493234685101660088476 seconds 0.276333 labels 1 5 6 25 33 37 66 98
root 1697 h 8 pool 346 nodes 3981 color_prunes 3981 size_prunes 0 maxdepth 11 fallbacks 0 expected 435493234685101660088476 closed 435493234685101660088476 seconds 0.226938 labels 1 5 6 25 33 37 66 114
root 1698 h 8 pool 346 nodes 3968 color_prunes 3968 size_prunes 0 maxdepth 11 fallbacks 0 expected 435493234685101660088476 closed 435493234685101660088476 seconds 0.224618 labels 1 5 6 25 33 37 67 114
root 1699 h 8 pool 353 nodes 4103 color_prunes 4103 size_prunes 0 maxdepth 11 fallbacks 0 expected 435493234685101660088476 closed 435493234685101660088476 seconds 0.286187 labels 1 5 6 25 33 46 53 57
root 1700 h 8 pool 345 nodes 3953 color_prunes 3953 size_prunes 0 maxdepth 11 fallbacks 0 expected 435493234685101660088476 closed 435493234685101660088476 seconds 0.224445 labels 1 5 6 25 33 46 64 113
root 1701 h 8 pool 345 nodes 3949 color_prunes 3949 size_prunes 0 maxdepth 11 fallbacks 0 expected 435493234685101660088476 closed 435493234685101660088476 seconds 0.222886 labels 1 5 6 25 33 46 80 113
root 1702 h 8 pool 346 nodes 3959 color_prunes 3959 size_prunes 0 maxdepth 11 fallbacks 0 expected 435493234685101660088476 closed 435493234685101660088476 seconds 0.236114 labels 1 5 6 25 33 64 68 83
root 1703 h 8 pool 347 nodes 3958 color_prunes 3958 size_prunes 0 maxdepth 11 fallbacks 0 expected 435493234685101660088476 closed 435493234685101660088476 seconds 0.238301 labels 1 5 6 25 33 64 83 87
root 1704 h 8 pool 347 nodes 3947 color_prunes 3947 size_prunes 0 maxdepth 11 fallbacks 0 expected 435493234685101660088476 closed 435493234685101660088476 seconds 0.236727 labels 1 5 6 25 33 64 87 113
root 1705 h 8 pool 346 nodes 3954 color_prunes 3954 size_prunes 0 maxdepth 11 fallbacks 0 expected 435493234685101660088476 closed 435493234685101660088476 seconds 0.223791 labels 1 5 6 25 33 64 87 114
root 1706 h 8 pool 345 nodes 3932 color_prunes 3932 size_prunes 0 maxdepth 11 fallbacks 0 expected 435493234685101660088476 closed 435493234685101660088476 seconds 0.215753 labels 1 5 6 25 33 66 80 98
root 1707 h 8 pool 349 nodes 3954 color_prunes 3954 size_prunes 0 maxdepth 11 fallbacks 0 expected 435493234685101660088476 closed 435493234685101660088476 seconds 0.237345 labels 1 5 6 25 34 51 55 83
root 1708 h 8 pool 345 nodes 4021 color_prunes 4021 size_prunes 0 maxdepth 11 fallbacks 0 expected 435493234685101660088476 closed 435493234685101660088476 seconds 0.244736 labels 1 5 6 25 34 51 55 117
root 1710 h 8 pool 351 nodes 3971 color_prunes 3971 size_prunes 0 maxdepth 11 fallbacks 0 expected 435493234685101660088476 closed 435493234685101660088476 seconds 0.307706 labels 1 5 6 25 34 53 81 109
root 1709 h 8 pool 352 nodes 4020 color_prunes 4020 size_prunes 0 maxdepth 11 fallbacks 0 expected 435493234685101660088476 closed 435493234685101660088476 seconds 0.329343 labels 1 5 6 25 34 51 81 109
root 1711 h 8 pool 354 nodes 4125 color_prunes 4125 size_prunes 0 maxdepth 11 fallbacks 0 expected 435493234685101660088476 closed 435493234685101660088476 seconds 0.21992 labels 1 5 6 25 34 56 76 109
root 1712 h 8 pool 355 nodes 4227 color_prunes 4227 size_prunes 0 maxdepth 11 fallbacks 0 expected 435493234685101660088476 closed 435493234685101660088476 seconds 0.333947 labels 1 5 6 25 34 61 65 81
root 1715 h 8 pool 346 nodes 3984 color_prunes 3984 size_prunes 0 maxdepth 11 fallbacks 0 expected 435493234685101660088476 closed 435493234685101660088476 seconds 0.172258 labels 1 5 6 25 37 51 83 91
root 1714 h 8 pool 345 nodes 4011 color_prunes 4011 size_prunes 0 maxdepth 11 fallbacks 0 expected 435493234685101660088476 closed 435493234685101660088476 seconds 0.240755 labels 1 5 6 25 37 51 64 83
root 1713 h 8 pool 350 nodes 3996 color_prunes 3996 size_prunes 0 maxdepth 11 fallbacks 0 expected 435493234685101660088476 closed 435493234685101660088476 seconds 0.285535 labels 1 5 6 25 37 51 63 83
root 1718 h 8 pool 345 nodes 3953 color_prunes 3953 size_prunes 0 maxdepth 11 fallbacks 0 expected 435493234685101660088476 closed 435493234685101660088476 seconds 0.22418 labels 1 5 6 25 38 53 94 109
root 1717 h 8 pool 350 nodes 3987 color_prunes 3987 size_prunes 0 maxdepth 11 fallbacks 0 expected 435493234685101660088476 closed 435493234685101660088476 seconds 0.253665 labels 1 5 6 25 37 64 77 109
root 1716 h 8 pool 355 nodes 4164 color_prunes 4164 size_prunes 0 maxdepth 12 fallbacks 0 expected 435493234685101660088476 closed 435493234685101660088476 seconds 0.296198 labels 1 5 6 25 37 58 89 114
root 1719 h 8 pool 351 nodes 3984 color_prunes 3984 size_prunes 0 maxdepth 11 fallbacks 0 expected 435493234685101660088476 closed 435493234685101660088476 seconds 0.258973 labels 1 5 6 25 38 64 77 109
root 1722 h 8 pool 346 nodes 4026 color_prunes 4026 size_prunes 0 maxdepth 11 fallbacks 0 expected 435493234685101660088476 closed 435493234685101660088476 seconds 0.243896 labels 1 5 7 25 27 31 40 42
root 1720 h 8 pool 352 nodes 4088 color_prunes 4088 size_prunes 0 maxdepth 11 fallbacks 0 expected 435493234685101660088476 closed 435493234685101660088476 seconds 0.278301 labels 1 5 7 25 27 31 33 41
root 1721 h 8 pool 350 nodes 3979 color_prunes 3979 size_prunes 0 maxdepth 11 fallbacks 0 expected 435493234685101660088476 closed 435493234685101660088476 seconds 0.269826 labels 1 5 7 25 27 31 33 42
root 1723 h 8 pool 352 nodes 3973 color_prunes 3973 size_prunes 0 maxdepth 11 fallbacks 0 expected 435493234685101660088476 closed 435493234685101660088476 seconds 0.260994 labels 1 5 7 25 27 31 40 106
root 1725 h 8 pool 340 nodes 3889 color_prunes 3889 size_prunes 0 maxdepth 11 fallbacks 0 expected 435493234685101660088476 closed 435493234685101660088476 seconds 0.161076 labels 1 5 7 25 27 33 42 66
root 1724 h 8 pool 347 nodes 4017 color_prunes 4017 size_prunes 0 maxdepth 11 fallbacks 0 expected 435493234685101660088476 closed 435493234685101660088476 seconds 0.243368 labels 1 5 7 25 27 33 41 43
root 1726 h 8 pool 347 nodes 3974 color_prunes 3974 size_prunes 0 maxdepth 11 fallbacks 0 expected 435493234685101660088476 closed 435493234685101660088476 seconds 0.243255 labels 1 5 7 25 27 35 37 46
root 1727 h 8 pool 345 nodes 3998 color_prunes 3998 size_prunes 0 maxdepth 11 fallbacks 0 expected 435493234685101660088476 closed 435493234685101660088476 seconds 0.248919 labels 1 5 7 25 27 35 41 43
root 1730 h 8 pool 346 nodes 3981 color_prunes 3981 size_prunes 0 maxdepth 11 fallbacks 0 expected 435493234685101660088476 closed 435493234685101660088476 seconds 0.140178 labels 1 5 7 25 27 38 44 93
root 1728 h 8 pool 345 nodes 3914 color_prunes 3914 size_prunes 0 maxdepth 11 fallbacks 0 expected 435493234685101660088476 closed 435493234685101660088476 seconds 0.251782 labels 1 5 7 25 27 35 69 109
root 1729 h 8 pool 340 nodes 3907 color_prunes 3907 size_prunes 0 maxdepth 11 fallbacks 0 expected 435493234685101660088476 closed 435493234685101660088476 seconds 0.188404 labels 1 5 7 25 27 35 71 111
root 1731 h 8 pool 342 nodes 3881 color_prunes 3881 size_prunes 0 maxdepth 11 fallbacks 0 expected 435493234685101660088476 closed 435493234685101660088476 seconds 0.210702 labels 1 5 7 25 27 38 93 106
root 1732 h 8 pool 349 nodes 3945 color_prunes 3945 size_prunes 0 maxdepth 11 fallbacks 0 expected 435493234685101660088476 closed 435493234685101660088476 seconds 0.256191 labels 1 5 7 25 27 40 49 94
root 1733 h 8 pool 349 nodes 3983 color_prunes 3983 size_prunes 0 maxdepth 11 fallbacks 0 expected 435493234685101660088476 closed 435493234685101660088476 seconds 0.254409 labels 1 5 7 25 27 40 94 106
root 1735 h 8 pool 344 nodes 3995 color_prunes 3995 size_prunes 0 maxdepth 11 fallbacks 0 expected 435493234685101660088476 closed 435493234685101660088476 seconds 0.178475 labels 1 5 7 25 27 43 67 71
root 1734 h 8 pool 349 nodes 3999 color_prunes 3999 size_prunes 0 maxdepth 11 fallbacks 0 expected 435493234685101660088476 closed 435493234685101660088476 seconds 0.276673 labels 1 5 7 25 27 43 46 93
root 1738 h 8 pool 343 nodes 3974 color_prunes 3974 size_prunes 0 maxdepth 11 fallbacks 0 expected 435493234685101660088476 closed 435493234685101660088476 seconds 0.180014 labels 1 5 7 25 27 44 65 94
root 1737 h 8 pool 344 nodes 3986 color_prunes 3986 size_prunes 0 maxdepth 11 fallbacks 0 expected 435493234685101660088476 closed 435493234685101660088476 seconds 0.221702 labels 1 5 7 25 27 44 65 93
root 1736 h 8 pool 346 nodes 3900 color_prunes 3900 size_prunes 0 maxdepth 11 fallbacks 0 expected 435493234685101660088476 closed 435493234685101660088476 seconds 0.256782 labels 1 5 7 25 27 43 71 88
root 1739 h 8 pool 343 nodes 3942 color_prunes 3942 size_prunes 0 maxdepth 11 fallbacks 0 expected 435493234685101660088476 closed 435493234685101660088476 seconds 0.216618 labels 1 5 7 25 27 61 71 111
root 1741 h 8 pool 342 nodes 3948 color_prunes 3948 size_prunes 0 maxdepth 11 fallbacks 0 expected 435493234685101660088476 closed 435493234685101660088476 seconds 0.146172 labels 1 5 7 25 27 67 71 111
root 1740 h 8 pool 342 nodes 3925 color_prunes 3925 size_prunes 0 maxdepth 11 fallbacks 0 expected 435493234685101660088476 closed 435493234685101660088476 seconds 0.218059 labels 1 5 7 25 27 62 71 111
root 1742 h 8 pool 345 nodes 3957 color_prunes 3957 size_prunes 0 maxdepth 11 fallbacks 0 expected 435493234685101660088476 closed 435493234685101660088476 seconds 0.225952 labels 1 5 7 25 31 81 85 97
root 1743 h 9 pool 343 nodes 4250 color_prunes 4250 size_prunes 0 maxdepth 12 fallbacks 0 expected 10708850033240204756274 closed 10708850033240204756274 seconds 0.256589 labels 1 5 6 25 26 30 31 44 116
root 1744 h 9 pool 336 nodes 4216 color_prunes 4216 size_prunes 0 maxdepth 12 fallbacks 0 expected 10708850033240204756274 closed 10708850033240204756274 seconds 0.170958 labels 1 5 6 25 26 30 33 38 108
root 1748 h 9 pool 338 nodes 4264 color_prunes 4264 size_prunes 0 maxdepth 12 fallbacks 0 expected 10708850033240204756274 closed 10708850033240204756274 seconds 0.137885 labels 1 5 6 25 26 31 35 39 96
root 1745 h 9 pool 341 nodes 4270 color_prunes 4270 size_prunes 0 maxdepth 12 fallbacks 0 expected 10708850033240204756274 closed 10708850033240204756274 seconds 0.264014 labels 1 5 6 25 26 30 33 48 108
root 1746 h 9 pool 338 nodes 4285 color_prunes 4285 size_prunes 0 maxdepth 12 fallbacks 0 expected 10708850033240204756274 closed 10708850033240204756274 seconds 0.243167 labels 1 5 6 25 26 30 38 48 108
root 1747 h 9 pool 341 nodes 4263 color_prunes 4263 size_prunes 0 maxdepth 12 fallbacks 0 expected 10708850033240204756274 closed 10708850033240204756274 seconds 0.272914 labels 1 5 6 25 26 31 33 48 108
root 1751 h 9 pool 336 nodes 4173 color_prunes 4173 size_prunes 0 maxdepth 12 fallbacks 0 expected 10708850033240204756274 closed 10708850033240204756274 seconds 0.184334 labels 1 5 6 25 26 31 42 47 48
root 1749 h 9 pool 343 nodes 4317 color_prunes 4317 size_prunes 0 maxdepth 12 fallbacks 0 expected 10708850033240204756274 closed 10708850033240204756274 seconds 0.220077 labels 1 5 6 25 26 31 38 63 69
root 1750 h 9 pool 338 nodes 4268 color_prunes 4268 size_prunes 0 maxdepth 12 fallbacks 0 expected 10708850033240204756274 closed 10708850033240204756274 seconds 0.211271 labels 1 5 6 25 26 31 39 44 107
root 1752 h 9 pool 343 nodes 4313 color_prunes 4313 size_prunes 0 maxdepth 12 fallbacks 0 expected 10708850033240204756274 closed 10708850033240204756274 seconds 0.248432 labels 1 5 6 25 26 31 44 63 69
root 1753 h 9 pool 338 nodes 4278 color_prunes 4278 size_prunes 0 maxdepth 12 fallbacks 0 expected 10708850033240204756274 closed 10708850033240204756274 seconds 0.202607 labels 1 5 6 25 26 31 44 69 116
root 1755 h 9 pool 342 nodes 4287 color_prunes 4287 size_prunes 0 maxdepth 12 fallbacks 0 expected 10708850033240204756274 closed 10708850033240204756274 seconds 0.235859 labels 1 5 6 25 26 32 33 40 106
root 1754 h 9 pool 343 nodes 4279 color_prunes 4279 size_prunes 0 maxdepth 12 fallbacks 0 expected 10708850033240204756274 closed 10708850033240204756274 seconds 0.247964 labels 1 5 6 25 26 31 65 69 116
root 1756 h 9 pool 336 nodes 4216 color_prunes 4216 size_prunes 0 maxdepth 12 fallbacks 0 expected 10708850033240204756274 closed 10708850033240204756274 seconds 0.201782 labels 1 5 6 25 26 32 34 35 107
root 1759 h 9 pool 338 nodes 4246 color_prunes 4246 size_prunes 0 maxdepth 12 fallbacks 0 expected 10708850033240204756274 closed 10708850033240204756274 seconds 0.150337 labels 1 5 6 25 26 33 40 41 106
root 1757 h 9 pool 341 nodes 4268 color_prunes 4268 size_prunes 0 maxdepth 12 fallbacks 0 expected 10708850033240204756274 closed 10708850033240204756274 seconds 0.253965 labels 1 5 6 25 26 32 34 47 109
root 1758 h 9 pool 341 nodes 4222 color_prunes 4222 size_prunes 0 maxdepth 12 fallbacks 0 expected 10708850033240204756274 closed 10708850033240204756274 seconds 0.250584 labels 1 5 6 25 26 32 37 83 89
root 1761 h 9 pool 336 nodes 4222 color_prunes 4222 size_prunes 0 maxdepth 12 fallbacks 0 expected 10708850033240204756274 closed 10708850033240204756274 seconds 0.145534 labels 1 5 6 25 26 35 41 43 116
root 1760 h 9 pool 338 nodes 4246 color_prunes 4246 size_prunes 0 maxdepth 12 fallbacks 0 expected 10708850033240204756274 closed 10708850033240204756274 seconds 0.215179 labels 1 5 6 25 26 34 35 44 107
root 1763 h 9 pool 336 nodes 4188 color_prunes 4188 size_prunes 0 maxdepth 12 fallbacks 0 expected 10708850033240204756274 closed 10708850033240204756274 seconds 0.175249 labels 1 5 6 25 26 35 46 56 121
root 1764 h 9 pool 336 nodes 4253 color_prunes 4253 size_prunes 0 maxdepth 12 fallbacks 0 expected 10708850033240204756274 closed 10708850033240204756274 seconds 0.156694 labels 1 5 6 25 26 36 38 40 43
root 1762 h 9 pool 338 nodes 4226 color_prunes 4226 size_prunes 0 maxdepth 12 fallbacks 0 expected 10708850033240204756274 closed 10708850033240204756274 seconds 0.259099 labels 1 5 6 25 26 35 44 46 56
root 1766 h 9 pool 336 nodes 4194 color_prunes 4194 size_prunes 0 maxdepth 12 fallbacks 0 expected 10708850033240204756274 closed 10708850033240204756274 seconds 0.133394 labels 1 5 6 25 26 36 39 42 121
root 1765 h 9 pool 341 nodes 4210 color_prunes 4210 size_prunes 0 maxdepth 12 fallbacks 0 expected 10708850033240204756274 closed 10708850033240204756274 seconds 0.28066 labels 1 5 6 25 26 36 39 40 121
root 1768 h 9 pool 336 nodes 4220 color_prunes 4220 size_prunes 0 maxdepth 12 fallbacks 0 expected 10708850033240204756274 closed 10708850033240204756274 seconds 0.144362 labels 1 5 6 25 26 36 42 43 121
root 1767 h 9 pool 338 nodes 4211 color_prunes 4211 size_prunes 0 maxdepth 12 fallbacks 0 expected 10708850033240204756274 closed 10708850033240204756274 seconds 0.248043 labels 1 5 6 25 26 36 40 43 121
root 1771 h 9 pool 339 nodes 4295 color_prunes 4295 size_prunes 0 maxdepth 12 fallbacks 0 expected 10708850033240204756274 closed 10708850033240204756274 seconds 0.141295 labels 1 5 6 25 26 37 38 57 94
root 1769 h 9 pool 336 nodes 4235 color_prunes 4235 size_prunes 0 maxdepth 12 fallbacks 0 expected 10708850033240204756274 closed 10708850033240204756274 seconds 0.220544 labels 1 5 6 25 26 36 42 73 85
root 1770 h 9 pool 336 nodes 4251 color_prunes 4251 size_prunes 0 maxdepth 12 fallbacks 0 expected 10708850033240204756274 closed 10708850033240204756274 seconds 0.216498 labels 1 5 6 25 26 36 65 106 121
root 1772 h 9 pool 343 nodes 4249 color_prunes 4249 size_prunes 0 maxdepth 12 fallbacks 0 expected 10708850033240204756274 closed 10708850033240204756274 seconds 0.249371 labels 1 5 6 25 26 37 58 63 83
root 1774 h 9 pool 336 nodes 4194 color_prunes 4194 size_prunes 0 maxdepth 12 fallbacks 0 expected 10708850033240204756274 closed 10708850033240204756274 seconds 0.182409 labels 1 5 6 25 26 37 58 94 109
root 1773 h 9 pool 341 nodes 4318 color_prunes 4318 size_prunes 0 maxdepth 12 fallbacks 0 expected 10708850033240204756274 closed 10708850033240204756274 seconds 0.234845 labels 1 5 6 25 26 37 58 83 89
root 1775 h 9 pool 338 nodes 4259 color_prunes 4259 size_prunes 0 maxdepth 12 fallbacks 0 expected 10708850033240204756274 closed 10708850033240204756274 seconds 0.203289 labels 1 5 6 25 26 37 89 94 109
root 1777 h 9 pool 338 nodes 4234 color_prunes 4234 size_prunes 0 maxdepth 12 fallbacks 0 expected 10708850033240204756274 closed 10708850033240204756274 seconds 0.204086 labels 1 5 6 25 26 38 49 69 94
root 1779 h 9 pool 336 nodes 4221 color_prunes 4221 size_prunes 0 maxdepth 12 fallbacks 0 expected 10708850033240204756274 closed 10708850033240204756274 seconds 0.180406 labels 1 5 6 25 26 43 65 96 116
root 1778 h 9 pool 338 nodes 4229 color_prunes 4229 size_prunes 0 maxdepth 12 fallbacks 0 expected 10708850033240204756274 closed 10708850033240204756274 seconds 0.203683 labels 1 5 6 25 26 38 49 69 113
root 1776 h 9 pool 343 nodes 4262 color_prunes 4262 size_prunes 0 maxdepth 12 fallbacks 0 expected 10708850033240204756274 closed 10708850033240204756274 seconds 0.248137 labels 1 5 6 25 26 38 43 63 69
root 1780 h 9 pool 336 nodes 4230 color_prunes 4230 size_prunes 0 maxdepth 12 fallbacks 0 expected 10708850033240204756274 closed 10708850033240204756274 seconds 0.188259 labels 1 5 6 25 26 43 83 96 116
root 1782 h 9 pool 337 nodes 4237 color_prunes 4237 size_prunes 0 maxdepth 12 fallbacks 0 expected 10708850033240204756274 closed 10708850033240204756274 seconds 0.200629 labels 1 5 6 25 26 63 69 73 113
root 1781 h 9 pool 340 nodes 4217 color_prunes 4217 size_prunes 0 maxdepth 12 fallbacks 0 expected 10708850033240204756274 closed 10708850033240204756274 seconds 0.219413 labels 1 5 6 25 26 44 67 94 107
root 1783 h 9 pool 338 nodes 4290 color_prunes 4290 size_prunes 0 maxdepth 12 fallbacks 0 expected 10708850033240204756274 closed 10708850033240204756274 seconds 0.205463 labels 1 5 6 25 27 31 34 40 107
root 1784 h 9 pool 336 nodes 4191 color_prunes 4191 size_prunes 0 maxdepth 12 fallbacks 0 expected 10708850033240204756274 closed 10708850033240204756274 seconds 0.118416 labels 1 5 6 25 27 34 37 41 105
root 1785 h 9 pool 336 nodes 4262 color_prunes 4262 size_prunes 0 maxdepth 12 fallbacks 0 expected 10708850033240204756274 closed 10708850033240204756274 seconds 0.0896811 labels 1 5 6 25 27 37 67 105 114
NORMAL_EXIT roots 1786/1786 expected 17972093794219884182340301482 closed 17972093794219884182340301482 total_nodes 24371246 maximum_depth 12 exact_size_fallbacks 0 translation_tests 390625 seconds 381.392
